braco,eixo,curso,gold_id,eid,cru_limpo,braco_saida,certo_cru,certo_braco,mudou
CTRL_ALEAT_LIMPO_1,sub_aceita,MF,archive-of-formal-proofs-355fb8,archive-of-formal-proofs-355fb8,abordagens-para-verificacao-formal,sistemas-formais,0,0,1
CTRL_ALEAT_LIMPO_1,sub_aceita,MF,exerciciosformalizacaoalgoritmosrecursao3,exerciciosformalizacaoalgoritmosrecursao3,especificacao-de-funcoes-recursivas,linguagens-de-especificacao-e-logicas,1,0,1
CTRL_ALEAT_LIMPO_1,sub_aceita,MF,logicapredicados-semantica,logicapredicados-semantica,especificacao-de-funcoes-recursivas,fundamentos-de-logica-de-primeira-ordem,0,1,1
CTRL_ALEAT_LIMPO_1,sub_aceita,MF,logicaproposicional-sintaxe,logicaproposicional-sintaxe,,especificacao-de-funcoes-recursivas,0,0,1
CTRL_ALEAT_LIMPO_1,sub_aceita,MF,revisao,revisao,,especificacao-de-funcoes-recursivas,0,0,1
CTRL_ALEAT_LIMPO_1,sub_aceita,MF,provasindutivas-especificacoesrecursivas,provasindutivas-especificacoesrecursivas,especificacao-de-funcoes-recursivas,exemplos-de-aplicacoes,1,0,1
CTRL_ALEAT_LIMPO_1,sub_aceita,MF,provasindutivas-especificacoesrecursivas-arvores,provasindutivas-especificacoesrecursivas-arvores,especificacao-de-funcoes-recursivas,linguagens-de-especificacao-e-logicas,1,0,1
CTRL_ALEAT_LIMPO_1,sub_aceita,MF,provasindutivas-especificacoesrecursivas-listas,provasindutivas-especificacoesrecursivas-listas,especificacao-de-funcoes-recursivas,linguagens-de-especificacao-e-logicas,1,0,1
CTRL_ALEAT_LIMPO_1,sub_aceita,MF,exercicioscorrecaoinducaomatematica,exercicioscorrecaoinducaomatematica,especificacao-de-funcoes-recursivas,linguagens-de-especificacao-e-logicas,1,0,1
CTRL_ALEAT_LIMPO_1,sub_aceita,MF,exerciciosespecificacao-respostas,exerciciosespecificacao-respostas,linguagens-de-especificacao-e-logicas,fundamentos-de-logica-de-primeira-ordem,1,0,1
CTRL_ALEAT_LIMPO_1,sub_aceita,MF,exerciciosespecificacao,exerciciosespecificacao,linguagens-de-especificacao-e-logicas,fundamentos-de-logica-de-primeira-ordem,1,0,1
CTRL_ALEAT_LIMPO_1,sub_aceita,MF,exerciciosformalizacaoalgoritmosrecursao2,exerciciosformalizacaoalgoritmosrecursao2,especificacao-de-funcoes-recursivas,linguagens-de-especificacao-e-logicas,1,0,1
CTRL_ALEAT_LIMPO_1,sub_aceita,MF,exerciciosisabelle2,exerciciosisabelle2,especificacao-de-funcoes-recursivas,linguagens-de-especificacao-e-logicas,1,0,1
CTRL_ALEAT_LIMPO_1,sub_aceita,MF,logicaproposicional-semantica,logicaproposicional-semantica,,especificacao-de-funcoes-recursivas,0,0,1
CTRL_ALEAT_LIMPO_1,sub_aceita,MF,formalizacaoalgoritmos-recursao,formalizacaoalgoritmos-recursao,especificacao-de-funcoes-recursivas,linguagens-de-especificacao-e-logicas,1,0,1
CTRL_ALEAT_LIMPO_1,sub_aceita,MF,exerciciosisabelle,exerciciosisabelle,provadores-de-teoremas,especificacao-de-conjuntos-indutivos,1,0,1
CTRL_ALEAT_LIMPO_1,sub_aceita,MF,exerciciosformalizacaoalgoritmosrecursao,exerciciosformalizacaoalgoritmosrecursao,especificacao-de-funcoes-recursivas,linguagens-de-especificacao-e-logicas,1,0,1
CTRL_ALEAT_LIMPO_1,sub_aceita,MF,arvores,arvores,abordagens-para-verificacao-formal,especificacao-de-conjuntos-indutivos,0,0,1
CTRL_ALEAT_LIMPO_1,sub_aceita,MF,intro,intro,abordagens-para-verificacao-formal,especificacao-de-conjuntos-indutivos,0,1,1
CTRL_ALEAT_LIMPO_1,sub_aceita,MF,listas,listas,abordagens-para-verificacao-formal,especificacao-de-conjuntos-indutivos,0,0,1
CTRL_ALEAT_LIMPO_1,sub_aceita,MF,provas,provas,abordagens-para-verificacao-formal,especificacao-de-conjuntos-indutivos,0,0,1
CTRL_ALEAT_LIMPO_1,sub_aceita,MF,correcaoterminacao,correcaoterminacao,correcao-parcial-e-total,logica-de-hoare,1,0,1
CTRL_ALEAT_LIMPO_1,sub_aceita,MF,exercicioscorrecaoterminacao,exercicioscorrecaoterminacao,invariante-e-variante-de-laco,correcao-parcial-e-total,1,1,1
CTRL_ALEAT_LIMPO_1,sub_aceita,MF,logicadehoare,logicadehoare,logica-de-hoare,invariante-e-variante-de-laco,1,0,1
CTRL_ALEAT_LIMPO_1,sub_aceita,MF,exerciciosdafny2,exerciciosdafny2,pre-e-pos-condicoes,correcao-parcial-e-total,0,0,1
CTRL_ALEAT_LIMPO_1,sub_aceita,MF,exerciciosdafny3,exerciciosdafny3,,correcao-parcial-e-total,0,0,1
CTRL_ALEAT_LIMPO_1,sub_aceita,MF,exerciciosdafny5,exerciciosdafny5,correcao-parcial-e-total,sistema-de-prova,0,0,1
CTRL_ALEAT_LIMPO_1,sub_aceita,MF,verificacaomodelos,verificacaomodelos,verificacao-de-modelos-model-checking,especificacao-de-propriedades-para-sistemas-sequenciais-e-concorrentes,1,1,1
CTRL_ALEAT_LIMPO_1,sub_aceita,MF,exercicioslogicatemporal,exercicioslogicatemporal,modelos-de-kripke,especificacao-de-propriedades-para-sistemas-sequenciais-e-concorrentes,0,0,1
CTRL_ALEAT_LIMPO_1,sub_aceita,MF,exerciciosnusmv,exerciciosnusmv,,especificacao-de-propriedades-para-sistemas-sequenciais-e-concorrentes,0,0,1
CTRL_ALEAT_LIMPO_1,sub_aceita,MF,classes-parte1,classes-parte1,invariante-e-variante-de-laco,correcao-parcial-e-total,0,0,1
CTRL_ALEAT_LIMPO_1,sub_aceita,MF,colecoes-arrays,colecoes-arrays,,correcao-parcial-e-total,0,0,1
CTRL_ALEAT_LIMPO_1,sub_aceita,MF,colecoes-conjuntos,colecoes-conjuntos,,correcao-parcial-e-total,0,0,1
CTRL_ALEAT_LIMPO_1,sub_aceita,MF,colecoes-sequences,colecoes-sequences,,correcao-parcial-e-total,0,0,1
CTRL_ALEAT_LIMPO_1,sub_aceita,MF,exercicios-conjuntos,exercicios-conjuntos,,correcao-parcial-e-total,0,0,1
CTRL_ALEAT_LIMPO_1,sub_aceita,MF,introducao-zip,introducao-zip,,correcao-parcial-e-total,0,0,1
CTRL_ALEAT_LIMPO_1,sub_aceita,MF,invariantes,invariantes,sistema-de-prova,logica-de-hoare,0,0,1
CTRL_ALEAT_LIMPO_1,sub_aceita,MF,terminacao,terminacao,,correcao-parcial-e-total,0,1,1
CTRL_ALEAT_LIMPO_1,sub_aceita,MF,exemplos-zip,exemplos,maquinas-de-estado,especificacao-de-propriedades-para-sistemas-sequenciais-e-concorrentes,0,0,1
CTRL_ALEAT_LIMPO_1,sub_aceita,MF,classes-parte2,classes-parte2,invariante-e-variante-de-laco,correcao-parcial-e-total,1,0,1
CTRL_ALEAT_LIMPO_1,sub_aceita,MF,exercicios-arrays,exercicios-arrays,sistema-de-prova,correcao-parcial-e-total,0,0,1
CTRL_ALEAT_LIMPO_1,sub_aceita,SO,2403-escalonamento-de-processos,2403-escalonamento-de-processos,escalonamento,conceitos-basicos,1,0,1
CTRL_ALEAT_LIMPO_1,sub_aceita,SO,2603-algoritmos-de-escalonamento,2603-algoritmos-de-escalonamento,algoritmos-de-escalonamento,escalonamento,1,0,1
CTRL_ALEAT_LIMPO_1,sub_aceita,SO,exercicios,exercicios,,algoritmos-de-escalonamento,0,1,1
CTRL_ALEAT_LIMPO_1,sub_aceita,SO,definicao-e-historico,definicao-e-historico,servicos-dos-sistemas-operacionais,chamadas-de-sistema,1,0,1
CTRL_ALEAT_LIMPO_1,sub_aceita,SO,1903-estruturas-de-controle,1903-estruturas-de-controle,escalonamento,conceitos-basicos,0,1,1
CTRL_ALEAT_LIMPO_1,sub_aceita,SO,exemplo-criacao-de-processos-no-unix-linux-filho,exemplo-criacao-de-processos-no-unix-linux-filho,,chamadas-de-sistema,0,1,1
CTRL_ALEAT_LIMPO_1,sub_aceita,SO,3103-threads,3103-threads,escalonamento,conceitos-basicos,0,0,1
CTRL_ALEAT_LIMPO_1,sub_aceita,SO,exemplo-threads-em-c-exemplo1,exemplo-threads-em-c-exemplo1,,conceitos-basicos,0,0,1
CTRL_ALEAT_LIMPO_1,sub_aceita,SO,exemplo-threads-em-c-exemplo2,exemplo-threads-em-c-exemplo2,,conceitos-basicos,0,0,1
CTRL_ALEAT_LIMPO_1,sub_aceita,SO,exemplo-threads-em-c-exemplo3,exemplo-threads-em-c-exemplo3,,conceitos-basicos,0,0,1
CTRL_ALEAT_LIMPO_1,sub_aceita,IA,rede-perceptron,rede-perceptron,introducao-ao-aprendizado-de-maquina,modelos-preditivos,0,1,1
CTRL_ALEAT_LIMPO_1,sub_aceita,IA,mlp,mlp,introducao-ao-aprendizado-de-maquina,modelos-preditivos,0,1,1
CTRL_ALEAT_LIMPO_1,sub_aceita,IA,aula-sobre-agrupamento-parte-1-particional,aula-sobre-agrupamento-parte-1-particional,introducao-ao-aprendizado-de-maquina,modelos-preditivos,0,0,1
CTRL_ALEAT_LIMPO_1,sub_aceita,IA,aula-sobre-agrupamento-parte-2-hierarquico,aula-sobre-agrupamento-parte-2-hierarquico,introducao-ao-aprendizado-de-maquina,modelos-preditivos,0,0,1
CTRL_ALEAT_LIMPO_1,sub_aceita,IA,algoritmo-de-classificacao-k-nn,algoritmo-de-classificacao-k-nn,introducao-ao-aprendizado-de-maquina,modelos-preditivos,0,1,1
CTRL_ALEAT_LIMPO_1,sub_aceita,IA,analise-exploratoria-dos-dados-exemplo-2,analise-exploratoria-dos-dados-exemplo-2,introducao-ao-aprendizado-de-maquina,modelos-preditivos,1,0,1
CTRL_ALEAT_LIMPO_1,sub_aceita,IA,artigo-usando-k-nn-em-texto,artigo-usando-k-nn-em-texto,introducao-ao-aprendizado-de-maquina,modelos-preditivos,0,1,1
CTRL_ALEAT_LIMPO_1,sub_aceita,IA,exemplo-de-programa-com-k-nn-em-java,exemplo-de-programa-com-k-nn-em-java,introducao-ao-aprendizado-de-maquina,modelos-preditivos,0,1,1
CTRL_ALEAT_LIMPO_1,sub_aceita,IA,introducao-a-redes-neurais,introducao-a-redes-neurais,introducao-ao-aprendizado-de-maquina,modelos-preditivos,0,1,1
CTRL_ALEAT_LIMPO_1,sub_aceita,IA,rede-perceptron-e-equacao-de-reta,rede-perceptron-e-equacao-de-reta,introducao-ao-aprendizado-de-maquina,modelos-preditivos,0,1,1
CTRL_ALEAT_LIMPO_1,sub_aceita,IA,como-analisar-resultados-acc-pr-re-e-f1,como-analisar-resultados-acc-pr-re-e-f1,introducao-ao-aprendizado-de-maquina,modelos-preditivos,0,0,1
CTRL_ALEAT_LIMPO_1,sub_aceita,IA,artigo-usando-agrupamento,artigo-usando-agrupamento,introducao-ao-aprendizado-de-maquina,modelos-preditivos,0,0,1
CTRL_ALEAT_LIMPO_1,sub_aceita,IA,survey-on-clustering,survey-on-clustering,introducao-ao-aprendizado-de-maquina,paradigmas-de-aprendizado,0,0,1
CTRL_ALEAT_LIMPO_1,sub_aceita,IA,analise-exploratoria-de-dados-exemplo-1,analise-exploratoria-de-dados-exemplo-1,introducao-ao-aprendizado-de-maquina,modelos-preditivos,1,0,1
CTRL_ALEAT_LIMPO_1,sub_aceita,IA,exemplo-2-k-nn-com-iriscsv-mais-completo,exemplo-2-k-nn-com-iriscsv-mais-completo,introducao-ao-aprendizado-de-maquina,modelos-preditivos,0,1,1
CTRL_ALEAT_LIMPO_1,sub_aceita,IA,exemplo-com-k-nn,exemplo-com-k-nn,introducao-ao-aprendizado-de-maquina,modelos-preditivos,0,1,1
CTRL_ALEAT_LIMPO_1,sub_aceita,IA,exercicio-2-solucao-com-rede-perceptron-atualizado,exercicio-2-solucao-com-rede-perceptron-atualizado,introducao-ao-aprendizado-de-maquina,modelos-descritivos,0,0,1
CTRL_ALEAT_LIMPO_1,sub_aceita,IA,k-nn-para-classificacao-exemplo-cardio,k-nn-para-classificacao-exemplo-cardio,introducao-ao-aprendizado-de-maquina,modelos-descritivos,0,0,1
CTRL_ALEAT_LIMPO_1,sub_aceita,IA,rede-perceptron-classificacao-planta-iris,rede-perceptron-classificacao-planta-iris,introducao-ao-aprendizado-de-maquina,modelos-descritivos,0,0,1
CTRL_ALEAT_LIMPO_1,sub_aceita,IA,rede-perceptron-classificacao-de-cliente,rede-perceptron-classificacao-de-cliente,introducao-ao-aprendizado-de-maquina,modelos-descritivos,0,0,1
CTRL_ALEAT_LIMPO_1,sub_aceita,IA,rede-perceptron-exemplo-atualizado,rede-perceptron-exemplo-atualizado,introducao-ao-aprendizado-de-maquina,,0,0,1
CTRL_ALEAT_LIMPO_1,sub_aceita,IA,rede-perceptron-or-em-python,rede-perceptron-or-em-python,introducao-ao-aprendizado-de-maquina,modelos-descritivos,0,0,1
CTRL_ALEAT_LIMPO_1,sub_aceita,IA,rede-perceptron-reconhecendo-letras,rede-perceptron-reconhecendo-letras,introducao-ao-aprendizado-de-maquina,modelos-preditivos,0,1,1
CTRL_ALEAT_LIMPO_1,sub_aceita,IA,mlp-xoripynb,mlp-xoripynb,introducao-ao-aprendizado-de-maquina,,0,0,1
CTRL_ALEAT_LIMPO_1,sub_aceita,IA,mlp-classificacao-inadimplencia-normalizacao-e-gridsearchcv,mlp-classificacao-inadimplencia-normalizacao-e-gridsearchcv,introducao-ao-aprendizado-de-maquina,modelos-preditivos,0,1,1
CTRL_ALEAT_LIMPO_1,sub_aceita,IA,mlp-classificacao-iris-atualizado,mlp-classificacao-iris-atualizado,introducao-ao-aprendizado-de-maquina,modelos-preditivos,0,1,1
CTRL_ALEAT_LIMPO_1,sub_aceita,IA,xor-backpropagation-em-python,xor-backpropagation-em-python,introducao-ao-aprendizado-de-maquina,modelos-descritivos,0,0,1
CTRL_ALEAT_LIMPO_1,sub_aceita,IA,exemplo-1-arvores-de-decisao-classificacao-planta-iris,exemplo-1-arvores-de-decisao-classificacao-planta-iris,introducao-ao-aprendizado-de-maquina,modelos-preditivos,0,1,1
CTRL_ALEAT_LIMPO_1,sub_aceita,IA,exemplo-complementar-classificacao-com-arvores-de-decisao,exemplo-complementar-classificacao-com-arvores-de-decisao,metricas-de-avaliacao,modelos-descritivos,1,0,1
CTRL_ALEAT_LIMPO_1,sub_aceita,IA,agrupamento-hierarquico-exemplo-1,agrupamento-hierarquico-exemplo-1,introducao-ao-aprendizado-de-maquina,modelos-preditivos,0,0,1
CTRL_ALEAT_LIMPO_1,sub_aceita,IA,agrupamento-hierarquico-exemplo-2-use-o-dataset-da-planta-iris,agrupamento-hierarquico-exemplo-2-use-o-dataset-da-planta-iris,introducao-ao-aprendizado-de-maquina,modelos-preditivos,0,0,1
CTRL_ALEAT_LIMPO_1,sub_aceita,ES2,revisaoarquiteturapadroes,revisaoarquiteturapadroes,estilos-e-padroes-arquiteturais,orientada-a-servicos,1,0,1
CTRL_ALEAT_LIMPO_1,sub_aceita,ES2,microsservicos2,microsservicos2,estilos-e-padroes-arquiteturais,orientada-a-microsservicos,0,0,1
CTRL_ALEAT_LIMPO_1,sub_aceita,ES2,microsservicos3,microsservicos3,estilos-e-padroes-arquiteturais,orientada-a-microsservicos,0,0,1
CTRL_ALEAT_LIMPO_1,sub_aceita,ES2,roteiro1-introducao,roteiro1-introducao,estilos-e-padroes-arquiteturais,orientada-a-microsservicos,0,1,1
CTRL_ALEAT_LIMPO_1,sub_aceita,ES2,roteiro2-nameserver,roteiro2-nameserver,estilos-e-padroes-arquiteturais,estudo-de-caso-arquitetura-orientada-a-microsservicos,0,1,1
CTRL_ALEAT_LIMPO_1,sub_aceita,ES2,microsservicos5,microsservicos5,entrega-continua-cd,plataformas-de-devops,0,1,1
CTRL_ALEAT_LIMPO_1,sub_aceita,ES2,microsservicos6,microsservicos6,gerenciamento-da-configuracao,estudo-de-caso-integracao-e-implantacao-de-microsservicos,0,1,1
CTRL_ALEAT_LIMPO_1,sub_aceita,ES2,microsservicos7,microsservicos7,gerenciamento-da-configuracao,plataformas-de-devops,0,0,1
CTRL_ALEAT_LIMPO_1,sub_aceita,ES2,roteiro1,roteiro1,,orientada-a-microsservicos,0,0,1
CTRL_ALEAT_LIMPO_1,sub_aceita,ES2,roteiro2,roteiro2,,orientada-a-microsservicos,0,0,1
CTRL_ALEAT_LIMPO_1,sub_aceita,ES2,roteiro3,roteiro3,,orientada-a-microsservicos,0,0,1
CTRL_ALEAT_LIMPO_1,sub_aceita,ES2,roteiro4-circuitbreaker,roteiro4-circuitbreaker,estilos-e-padroes-arquiteturais,orientada-a-microsservicos,0,0,1
CTRL_ALEAT_LIMPO_1,sub_aceita,ES2,roteiro5,roteiro5,estudo-de-caso-integracao-e-implantacao-de-microsservicos,integracao-continua-ci,1,0,1
CTRL_ALEAT_LIMPO_1,sub_aceita,ES2,roteiro6,roteiro6,estudo-de-caso-integracao-e-implantacao-de-microsservicos,integracao-continua-ci,1,0,1
CTRL_ALEAT_LIMPO_1,sub_aceita,ES2,roteiro6-conteiners-composicao,roteiro6-conteiners-composicao,gerenciamento-da-configuracao,estudo-de-caso-integracao-e-implantacao-de-microsservicos,0,1,1
CTRL_ALEAT_LIMPO_1,sub_aceita,ES2,roteiro7,roteiro7,estudo-de-caso-integracao-e-implantacao-de-microsservicos,integracao-continua-ci,1,0,1
CTRL_ALEAT_LIMPO_1,sub_aceita,ES2,roteiro7-filas,roteiro7-filas,gerenciamento-da-configuracao,integracao-continua-ci,0,0,1
CTRL_ALEAT_LIMPO_1,sub_aceita,ES2,roteiro7-history-service,roteiro7-history-service,estudo-de-caso-integracao-e-implantacao-de-microsservicos,integracao-continua-ci,1,0,1
CTRL_ALEAT_LIMPO_1,sub_aceita,ES2,roteiro8-autenticacao-autorizacao,roteiro8-autenticacao-autorizacao,gerenciamento-da-configuracao,estudo-de-caso-integracao-e-implantacao-de-microsservicos,0,1,1
CTRL_ALEAT_LIMPO_1,sub_aceita,ES2,microsservicos,microsservicos,estilos-e-padroes-arquiteturais,orientada-a-microsservicos,0,1,1
CTRL_ALEAT_LIMPO_1,sub_aceita,ES2,microsservicos4,microsservicos4,estilos-e-padroes-arquiteturais,orientada-a-microsservicos,0,0,1
CTRL_ALEAT_LIMPO_1,sub_aceita,ES2,roteiro3-gateway,roteiro3-gateway,cliente-servidor,conceito-de-arquitetura-de-software,0,0,1
CTRL_ALEAT_LIMPO_1,sub_aceita,ES2,kubernetes,kubernetes,estudo-de-caso-integracao-e-implantacao-de-microsservicos,gerenciamento-da-configuracao,0,0,1
CTRL_ALEAT_LIMPO_1,sub_aceita,ES2,roteiro4,roteiro4,,orientada-a-microsservicos,0,0,1
CTRL_ALEAT_LIMPO_1,sub_aceita,TCC,aula-07-maquinas-de-turing-e-linguagens-recursivamente-enumeraveis,aula-07-maquinas-de-turing-e-linguagens-recursivamente-enumeraveis,maquinas-de-turing,linguagens-reconheciveis-e-decidiveis,1,1,1
CTRL_ALEAT_LIMPO_1,sub_aceita,TCC,aula-10-linguagens-reconhecıveis-e-linguagens-decidıveis-pdf,aula-10-linguagens-reconheciveis-e-linguagens-decidiveis,linguagens-reconheciveis-e-decidiveis,variacoes-de-maquinas-de-turing,1,0,1
CTRL_ALEAT_LIMPO_1,sub_aceita,TCC,aula-01-apresentacao-da-disciplina-revisao-de-teoria-de-conjuntos-e-enumerabilidade,aula-01-apresentacao-da-disciplina-revisao-de-teoria-de-conjuntos-e-enumerabilidade,,funcoes-recursivas-primitivas-e-funcoes-recursivas-parciais,0,0,1
CTRL_ALEAT_LIMPO_1,sub_aceita,CG,modelagem3d,modelagem3d,representacao-aramada,bezier-e-algoritmo-de-casteljau,1,0,1
CTRL_ALEAT_LIMPO_1,sub_aceita,CG,atividade,atividade,,a-matematica-das-projecoes-planares,0,0,1
CTRL_ALEAT_LIMPO_1,sub_aceita,CG,basico3d-py,basico3d-py,pipeline-de-visualizacao-3d,,1,0,1
CTRL_ALEAT_LIMPO_1,sub_aceita,CG,opengl3d,opengl3d,,a-matematica-das-projecoes-planares,0,0,1
CTRL_ALEAT_LIMPO_1,sub_aceita,CG,opengl3dcpp-vdi,opengl3dcpp-vdi,algoritmo-z-buffer,,0,0,1
CTRL_ALEAT_LIMPO_1,sub_aceita,CG,opengl3dcpp,opengl3dcpp,algoritmo-z-buffer,,0,0,1
CTRL_ALEAT_LIMPO_1,sub_aceita,CG,vis3d,vis3d,,a-matematica-das-projecoes-planares,0,1,1
CTRL_ALEAT_LIMPO_1,sub_aceita,CG,basico3d-cpp,basico3d-cpp,algoritmos-de-poligonos,algoritmos-de-deteccao-e-calculo-de-interseccao,0,0,1
CTRL_ALEAT_LIMPO_1,sub_aceita,CG,basico3d-py-zip,basico3d-py-zip,operacoes-com-vetores,,0,0,1
CTRL_ALEAT_LIMPO_1,sub_aceita,CG,exerciciodemodelagem,exerciciodemodelagem,tecnicas-de-modelagem-3d,,1,0,1
CTRL_ALEAT_LIMPO_1,sub_aceita,CG,elemoculto,elemoculto,algoritmo-z-buffer,a-matematica-das-projecoes-planares,1,0,1
CTRL_ALEAT_LIMPO_1,sub_aceita,CG,exemplozbuffer,exemplozbuffer,algoritmo-z-buffer,a-matematica-das-projecoes-planares,1,0,1
CTRL_ALEAT_LIMPO_1,sub_aceita,CG,exercicios,exercicios,,recorte,0,0,1
CTRL_ALEAT_LIMPO_1,sub_aceita,CG,opengl-py,opengl-py,conceitos,origens,0,0,1
CTRL_ALEAT_LIMPO_1,sub_aceita,CG,openglbasico,openglbasico,introducao-e-exemplos-de-aplicacoes,segmentacao,0,0,1
CTRL_ALEAT_LIMPO_1,sub_aceita,CG,fundamentosmatematicos,fundamentosmatematicos,operacoes-com-vetores,algoritmos-de-geometria-computacional,1,0,1
CTRL_ALEAT_LIMPO_1,sub_aceita,CG,matematica,matematica,,algoritmos-de-deteccao-e-calculo-de-interseccao,0,0,1
CTRL_ALEAT_LIMPO_1,sub_aceita,CG,animacao-v2,animacao-v2,desenho-de-linhas,,0,1,1
CTRL_ALEAT_LIMPO_1,sub_aceita,CG,instanciamento,instanciamento,sistema-de-coordenadas-cartesianas,2d-3d-mao-direita-e-mao-esquerda,0,0,1
CTRL_ALEAT_LIMPO_1,sub_aceita,CG,transformacoesgl,transformacoesgl,sistema-de-coordenadas-cartesianas,recorte,0,0,1
CTRL_ALEAT_LIMPO_1,sub_aceita,CG,bezier-animacao,bezier-animacao,bezier-e-algoritmo-de-casteljau,hermite,1,0,1
CTRL_ALEAT_LIMPO_1,sub_aceita,CG,bezier-cpp,bezier-cpp,bezier-e-algoritmo-de-casteljau,hermite,1,0,1
CTRL_ALEAT_LIMPO_1,sub_aceita,CG,bezier-py,bezier-py,bezier-e-algoritmo-de-casteljau,hermite,1,0,1
CTRL_ALEAT_LIMPO_1,sub_aceita,CG,bezier-python,bezier-python,bezier-e-algoritmo-de-casteljau,hermite,1,0,1
CTRL_ALEAT_LIMPO_1,sub_aceita,CG,curvas,curvas,hermite,geometria-solida-construtiva-csg,1,0,1
CTRL_ALEAT_LIMPO_1,sub_aceita,CG,curvasparametricas,curvasparametricas,representacao-de-curvas-parametricas,varredura,1,0,1
CTRL_ALEAT_LIMPO_1,sub_aceita,CG,exercicios-sobre-curvas,exercicios-sobre-curvas,hermite,geometria-solida-construtiva-csg,0,0,1
CTRL_ALEAT_LIMPO_1,sub_aceita,CG,floodfill,floodfill,cores-e-tipos-de-imagens,segmentacao,0,1,1
CTRL_ALEAT_LIMPO_1,sub_aceita,CG,img,img,cores-e-tipos-de-imagens,segmentacao,1,0,1
CTRL_ALEAT_LIMPO_1,sub_aceita,CG,remocaoderuido,remocaoderuido,cores-e-tipos-de-imagens,filtros,0,1,1
CTRL_ALEAT_LIMPO_1,sub_aceita,CG,exercicios-de-processamento-de-imagens,exercicios-de-processamento-de-imagens,cores-e-tipos-de-imagens,segmentacao,1,1,1
CTRL_ALEAT_LIMPO_1,sub_aceita,CG,exercicios-sobre-curvas-html,exercicios-sobre-curvas-html,hermite,geometria-solida-construtiva-csg,0,0,1
CTRL_ALEAT_LIMPO_1,sub_aceita,CG,exerciciosfundamentosmatematicos,exerciciosfundamentosmatematicos,operacoes-com-vetores,algoritmos-de-poligonos,1,1,1
CTRL_ALEAT_LIMPO_1,sub_aceita,CG,planesweep,planesweep,algoritmos-de-geometria-computacional,entidades-geometricas,1,0,1
CTRL_ALEAT_LIMPO_1,sub_aceita,CG,slab,slab,algoritmos-de-geometria-computacional,algoritmos-de-deteccao-e-calculo-de-interseccao,1,0,1
CTRL_ALEAT_LIMPO_1,sub_aceita,CG,exercicioduascores,exercicioduascores,cores-e-tipos-de-imagens,segmentacao,1,0,1
CTRL_ALEAT_LIMPO_1,sub_aceita,CG,video-sobre-mapeamento-em-opengl-1dad3c,video-sobre-mapeamento-em-opengl-1dad3c,recorte,2d-3d-mao-direita-e-mao-esquerda,0,0,1
CTRL_ALEAT_LIMPO_1,sub_aceita,CG,video-sobre-prechimento-de-areas-duracao-1300-d87e5f,video-sobre-prechimento-de-areas-duracao-1300-d87e5f,cores-e-tipos-de-imagens,segmentacao,0,1,1
CTRL_ALEAT_LIMPO_1,sub_aceita,CG,pagina-com-videos-sobre-fundamentos-matematicos-para-computacao-grafica-d1d4a9,pagina-com-videos-sobre-fundamentos-matematicos-para-computacao-grafica-d1d4a9,algoritmos-de-poligonos,algoritmos-de-deteccao-e-calculo-de-interseccao,0,0,1
CTRL_ALEAT_LIMPO_1,sub_aceita,CG,videos-sobre-algoritmos-de-detecao-de-colisao-bd7d84,videos-sobre-algoritmos-de-detecao-de-colisao-bd7d84,,algoritmos-de-deteccao-e-calculo-de-interseccao,0,1,1
CTRL_ALEAT_LIMPO_1,sub_aceita,CG,pagina-com-videos-sobre-mapeamento-9f410e,pagina-com-videos-sobre-mapeamento-9f410e,recorte,,0,0,1
CTRL_ALEAT_LIMPO_1,sub_aceita,CG,pagina-com-videos-sobre-curvas-parametricas-63d902,pagina-com-videos-sobre-curvas-parametricas-63d902,hermite,geometria-solida-construtiva-csg,0,0,1
CTRL_ALEAT_LIMPO_1,sub_aceita,CG,pagina-com-videos-sobre-manipulacao-de-imagens-61ddde,pagina-com-videos-sobre-manipulacao-de-imagens-61ddde,cores-e-tipos-de-imagens,segmentacao,1,0,1
CTRL_ALEAT_LIMPO_1,sub_aceita,CG,pagina-com-videos-sobre-introducao-ao-processamento-de-imagens-61f156,pagina-com-videos-sobre-introducao-ao-processamento-de-imagens-61f156,filtros,segmentacao,1,0,1
CTRL_ALEAT_LIMPO_1,sub_aceita,CG,pagina-com-videos-sobre-visualizacao-3d-35a833,pagina-com-videos-sobre-visualizacao-3d-35a833,,algoritmos-de-remocao-de-elementos-ocultos,0,0,1
CTRL_ALEAT_LIMPO_1,sub_aceita,CG,pagina-com-videos-sobre-sintese-de-imagens-realisticas-a6d9ea,pagina-com-videos-sobre-sintese-de-imagens-realisticas-a6d9ea,mapeamento-de-textura,modelos-de-reflexao-ambiente-difusa-especular,0,1,1
CTRL_ALEAT_LIMPO_1,sub_aceita,FR,03-tipos-de-redes,03-tipos-de-redes,conceito-de-protocolo-de-redes-pessoais-locais-metropolitanas-e-de-longa-distancia,modelos-osi-e-tcpip,1,0,1
CTRL_ALEAT_LIMPO_1,sub_aceita,FR,unidade1-exercicios,unidade1-exercicios,,modelos-osi-e-tcpip,0,1,1
CTRL_ALEAT_LIMPO_1,sub_aceita,FR,04-camada-de-aplicacao,04-camada-de-aplicacao,protocolos-de-aplicacao-para-o-usuario-http-https-smtp-pop3-imap,protocolos-de-aplicacao-para-infraestrutura-dns-dhcp-snmp-nat,0,0,1
CTRL_ALEAT_LIMPO_1,sub_aceita,FR,04-protocolo-http,04-protocolo-http,paradigmas-clienteservidor-e-p2p,protocolos-de-aplicacao-para-infraestrutura-dns-dhcp-snmp-nat,0,0,1
CTRL_ALEAT_LIMPO_1,sub_aceita,FR,06-protocolo-dhcp,06-protocolo-dhcp,protocolos-de-aplicacao-para-infraestrutura-dns-dhcp-snmp-nat,implementacao-de-sockets,1,0,1
CTRL_ALEAT_LIMPO_1,sub_aceita,FR,07-protocolos-de-e-mail,07-protocolos-de-e-mail,protocolos-de-aplicacao-para-o-usuario-http-https-smtp-pop3-imap,protocolos-de-aplicacao-para-infraestrutura-dns-dhcp-snmp-nat,1,0,1
CTRL_ALEAT_LIMPO_1,sub_aceita,FR,08-desenvolvimento-de-aplicacoes,08-desenvolvimento-de-aplicacoes,,implementacao-de-sockets,0,1,1
CTRL_ALEAT_LIMPO_1,sub_aceita,FR,lista-de-exercicios-1-camada-de-aplicacao,lista-de-exercicios-1-camada-de-aplicacao,paradigmas-clienteservidor-e-p2p,protocolos-de-aplicacao-para-infraestrutura-dns-dhcp-snmp-nat,1,1,1
CTRL_ALEAT_LIMPO_1,sub_aceita,FR,unidade2-exercicios-dhcp,unidade2-exercicios-dhcp,protocolos-de-aplicacao-para-infraestrutura-dns-dhcp-snmp-nat,implementacao-de-sockets,1,0,1
CTRL_ALEAT_LIMPO_1,sub_aceita,FR,unidade2-exercicios-http,unidade2-exercicios-http,paradigmas-clienteservidor-e-p2p,protocolos-de-aplicacao-para-infraestrutura-dns-dhcp-snmp-nat,0,0,1
CTRL_ALEAT_LIMPO_1,sub_aceita,FR,tcp-chat-c,tcp-chat-c,paradigmas-clienteservidor-e-p2p,protocolos-de-aplicacao-para-o-usuario-http-https-smtp-pop3-imap,0,0,1
CTRL_ALEAT_LIMPO_1,sub_aceita,FR,tcp-example,tcp-example,paradigmas-clienteservidor-e-p2p,protocolos-de-aplicacao-para-o-usuario-http-https-smtp-pop3-imap,0,0,1
CTRL_ALEAT_LIMPO_1,sub_aceita,FR,udp-example-c,udp-example-c,paradigmas-clienteservidor-e-p2p,implementacao-de-sockets,0,1,1
CTRL_ALEAT_LIMPO_1,sub_aceita,FR,udp-example-java,udp-example-java,paradigmas-clienteservidor-e-p2p,protocolos-de-aplicacao-para-o-usuario-http-https-smtp-pop3-imap,0,0,1
CTRL_ALEAT_LIMPO_1,sub_primaria,MF,archive-of-formal-proofs-355fb8,archive-of-formal-proofs-355fb8,abordagens-para-verificacao-formal,sistemas-formais,0,0,1
CTRL_ALEAT_LIMPO_1,sub_primaria,MF,exerciciosformalizacaoalgoritmosrecursao3,exerciciosformalizacaoalgoritmosrecursao3,especificacao-de-funcoes-recursivas,linguagens-de-especificacao-e-logicas,1,0,1
CTRL_ALEAT_LIMPO_1,sub_primaria,MF,logicapredicados-semantica,logicapredicados-semantica,especificacao-de-funcoes-recursivas,fundamentos-de-logica-de-primeira-ordem,0,1,1
CTRL_ALEAT_LIMPO_1,sub_primaria,MF,logicaproposicional-sintaxe,logicaproposicional-sintaxe,,especificacao-de-funcoes-recursivas,0,0,1
CTRL_ALEAT_LIMPO_1,sub_primaria,MF,revisao,revisao,,especificacao-de-funcoes-recursivas,0,0,1
CTRL_ALEAT_LIMPO_1,sub_primaria,MF,provasindutivas-especificacoesrecursivas,provasindutivas-especificacoesrecursivas,especificacao-de-funcoes-recursivas,exemplos-de-aplicacoes,1,0,1
CTRL_ALEAT_LIMPO_1,sub_primaria,MF,provasindutivas-especificacoesrecursivas-arvores,provasindutivas-especificacoesrecursivas-arvores,especificacao-de-funcoes-recursivas,linguagens-de-especificacao-e-logicas,1,0,1
CTRL_ALEAT_LIMPO_1,sub_primaria,MF,provasindutivas-especificacoesrecursivas-listas,provasindutivas-especificacoesrecursivas-listas,especificacao-de-funcoes-recursivas,linguagens-de-especificacao-e-logicas,1,0,1
CTRL_ALEAT_LIMPO_1,sub_primaria,MF,exercicioscorrecaoinducaomatematica,exercicioscorrecaoinducaomatematica,especificacao-de-funcoes-recursivas,linguagens-de-especificacao-e-logicas,1,0,1
CTRL_ALEAT_LIMPO_1,sub_primaria,MF,exerciciosespecificacao-respostas,exerciciosespecificacao-respostas,linguagens-de-especificacao-e-logicas,fundamentos-de-logica-de-primeira-ordem,1,0,1
CTRL_ALEAT_LIMPO_1,sub_primaria,MF,exerciciosespecificacao,exerciciosespecificacao,linguagens-de-especificacao-e-logicas,fundamentos-de-logica-de-primeira-ordem,1,0,1
CTRL_ALEAT_LIMPO_1,sub_primaria,MF,exerciciosformalizacaoalgoritmosrecursao2,exerciciosformalizacaoalgoritmosrecursao2,especificacao-de-funcoes-recursivas,linguagens-de-especificacao-e-logicas,1,0,1
CTRL_ALEAT_LIMPO_1,sub_primaria,MF,exerciciosisabelle2,exerciciosisabelle2,especificacao-de-funcoes-recursivas,linguagens-de-especificacao-e-logicas,0,0,1
CTRL_ALEAT_LIMPO_1,sub_primaria,MF,logicaproposicional-semantica,logicaproposicional-semantica,,especificacao-de-funcoes-recursivas,0,0,1
CTRL_ALEAT_LIMPO_1,sub_primaria,MF,formalizacaoalgoritmos-recursao,formalizacaoalgoritmos-recursao,especificacao-de-funcoes-recursivas,linguagens-de-especificacao-e-logicas,1,0,1
CTRL_ALEAT_LIMPO_1,sub_primaria,MF,exerciciosisabelle,exerciciosisabelle,provadores-de-teoremas,especificacao-de-conjuntos-indutivos,1,0,1
CTRL_ALEAT_LIMPO_1,sub_primaria,MF,exerciciosformalizacaoalgoritmosrecursao,exerciciosformalizacaoalgoritmosrecursao,especificacao-de-funcoes-recursivas,linguagens-de-especificacao-e-logicas,1,0,1
CTRL_ALEAT_LIMPO_1,sub_primaria,MF,arvores,arvores,abordagens-para-verificacao-formal,especificacao-de-conjuntos-indutivos,0,0,1
CTRL_ALEAT_LIMPO_1,sub_primaria,MF,intro,intro,abordagens-para-verificacao-formal,especificacao-de-conjuntos-indutivos,0,0,1
CTRL_ALEAT_LIMPO_1,sub_primaria,MF,listas,listas,abordagens-para-verificacao-formal,especificacao-de-conjuntos-indutivos,0,0,1
CTRL_ALEAT_LIMPO_1,sub_primaria,MF,provas,provas,abordagens-para-verificacao-formal,especificacao-de-conjuntos-indutivos,0,0,1
CTRL_ALEAT_LIMPO_1,sub_primaria,MF,correcaoterminacao,correcaoterminacao,correcao-parcial-e-total,logica-de-hoare,1,0,1
CTRL_ALEAT_LIMPO_1,sub_primaria,MF,exercicioscorrecaoterminacao,exercicioscorrecaoterminacao,invariante-e-variante-de-laco,correcao-parcial-e-total,0,1,1
CTRL_ALEAT_LIMPO_1,sub_primaria,MF,logicadehoare,logicadehoare,logica-de-hoare,invariante-e-variante-de-laco,1,0,1
CTRL_ALEAT_LIMPO_1,sub_primaria,MF,exerciciosdafny2,exerciciosdafny2,pre-e-pos-condicoes,correcao-parcial-e-total,0,0,1
CTRL_ALEAT_LIMPO_1,sub_primaria,MF,exerciciosdafny3,exerciciosdafny3,,correcao-parcial-e-total,0,0,1
CTRL_ALEAT_LIMPO_1,sub_primaria,MF,exerciciosdafny5,exerciciosdafny5,correcao-parcial-e-total,sistema-de-prova,0,0,1
CTRL_ALEAT_LIMPO_1,sub_primaria,MF,verificacaomodelos,verificacaomodelos,verificacao-de-modelos-model-checking,especificacao-de-propriedades-para-sistemas-sequenciais-e-concorrentes,1,0,1
CTRL_ALEAT_LIMPO_1,sub_primaria,MF,exercicioslogicatemporal,exercicioslogicatemporal,modelos-de-kripke,especificacao-de-propriedades-para-sistemas-sequenciais-e-concorrentes,0,0,1
CTRL_ALEAT_LIMPO_1,sub_primaria,MF,exerciciosnusmv,exerciciosnusmv,,especificacao-de-propriedades-para-sistemas-sequenciais-e-concorrentes,0,0,1
CTRL_ALEAT_LIMPO_1,sub_primaria,MF,classes-parte1,classes-parte1,invariante-e-variante-de-laco,correcao-parcial-e-total,0,0,1
CTRL_ALEAT_LIMPO_1,sub_primaria,MF,colecoes-arrays,colecoes-arrays,,correcao-parcial-e-total,0,0,1
CTRL_ALEAT_LIMPO_1,sub_primaria,MF,colecoes-conjuntos,colecoes-conjuntos,,correcao-parcial-e-total,0,0,1
CTRL_ALEAT_LIMPO_1,sub_primaria,MF,colecoes-sequences,colecoes-sequences,,correcao-parcial-e-total,0,0,1
CTRL_ALEAT_LIMPO_1,sub_primaria,MF,exercicios-conjuntos,exercicios-conjuntos,,correcao-parcial-e-total,0,0,1
CTRL_ALEAT_LIMPO_1,sub_primaria,MF,introducao-zip,introducao-zip,,correcao-parcial-e-total,0,0,1
CTRL_ALEAT_LIMPO_1,sub_primaria,MF,invariantes,invariantes,sistema-de-prova,logica-de-hoare,0,0,1
CTRL_ALEAT_LIMPO_1,sub_primaria,MF,terminacao,terminacao,,correcao-parcial-e-total,0,1,1
CTRL_ALEAT_LIMPO_1,sub_primaria,MF,exemplos-zip,exemplos,maquinas-de-estado,especificacao-de-propriedades-para-sistemas-sequenciais-e-concorrentes,0,0,1
CTRL_ALEAT_LIMPO_1,sub_primaria,MF,classes-parte2,classes-parte2,invariante-e-variante-de-laco,correcao-parcial-e-total,0,0,1
CTRL_ALEAT_LIMPO_1,sub_primaria,MF,exercicios-arrays,exercicios-arrays,sistema-de-prova,correcao-parcial-e-total,0,0,1
CTRL_ALEAT_LIMPO_1,sub_primaria,SO,2403-escalonamento-de-processos,2403-escalonamento-de-processos,escalonamento,conceitos-basicos,1,0,1
CTRL_ALEAT_LIMPO_1,sub_primaria,SO,2603-algoritmos-de-escalonamento,2603-algoritmos-de-escalonamento,algoritmos-de-escalonamento,escalonamento,1,0,1
CTRL_ALEAT_LIMPO_1,sub_primaria,SO,exercicios,exercicios,,algoritmos-de-escalonamento,0,1,1
CTRL_ALEAT_LIMPO_1,sub_primaria,SO,definicao-e-historico,definicao-e-historico,servicos-dos-sistemas-operacionais,chamadas-de-sistema,0,0,1
CTRL_ALEAT_LIMPO_1,sub_primaria,SO,1903-estruturas-de-controle,1903-estruturas-de-controle,escalonamento,conceitos-basicos,0,1,1
CTRL_ALEAT_LIMPO_1,sub_primaria,SO,exemplo-criacao-de-processos-no-unix-linux-filho,exemplo-criacao-de-processos-no-unix-linux-filho,,chamadas-de-sistema,0,1,1
CTRL_ALEAT_LIMPO_1,sub_primaria,SO,3103-threads,3103-threads,escalonamento,conceitos-basicos,0,0,1
CTRL_ALEAT_LIMPO_1,sub_primaria,SO,exemplo-threads-em-c-exemplo1,exemplo-threads-em-c-exemplo1,,conceitos-basicos,0,0,1
CTRL_ALEAT_LIMPO_1,sub_primaria,SO,exemplo-threads-em-c-exemplo2,exemplo-threads-em-c-exemplo2,,conceitos-basicos,0,0,1
CTRL_ALEAT_LIMPO_1,sub_primaria,SO,exemplo-threads-em-c-exemplo3,exemplo-threads-em-c-exemplo3,,conceitos-basicos,0,0,1
CTRL_ALEAT_LIMPO_1,sub_primaria,IA,rede-perceptron,rede-perceptron,introducao-ao-aprendizado-de-maquina,modelos-preditivos,0,1,1
CTRL_ALEAT_LIMPO_1,sub_primaria,IA,mlp,mlp,introducao-ao-aprendizado-de-maquina,modelos-preditivos,0,1,1
CTRL_ALEAT_LIMPO_1,sub_primaria,IA,aula-sobre-agrupamento-parte-1-particional,aula-sobre-agrupamento-parte-1-particional,introducao-ao-aprendizado-de-maquina,modelos-preditivos,0,0,1
CTRL_ALEAT_LIMPO_1,sub_primaria,IA,aula-sobre-agrupamento-parte-2-hierarquico,aula-sobre-agrupamento-parte-2-hierarquico,introducao-ao-aprendizado-de-maquina,modelos-preditivos,0,0,1
CTRL_ALEAT_LIMPO_1,sub_primaria,IA,algoritmo-de-classificacao-k-nn,algoritmo-de-classificacao-k-nn,introducao-ao-aprendizado-de-maquina,modelos-preditivos,0,1,1
CTRL_ALEAT_LIMPO_1,sub_primaria,IA,analise-exploratoria-dos-dados-exemplo-2,analise-exploratoria-dos-dados-exemplo-2,introducao-ao-aprendizado-de-maquina,modelos-preditivos,1,0,1
CTRL_ALEAT_LIMPO_1,sub_primaria,IA,artigo-usando-k-nn-em-texto,artigo-usando-k-nn-em-texto,introducao-ao-aprendizado-de-maquina,modelos-preditivos,0,1,1
CTRL_ALEAT_LIMPO_1,sub_primaria,IA,exemplo-de-programa-com-k-nn-em-java,exemplo-de-programa-com-k-nn-em-java,introducao-ao-aprendizado-de-maquina,modelos-preditivos,0,1,1
CTRL_ALEAT_LIMPO_1,sub_primaria,IA,introducao-a-redes-neurais,introducao-a-redes-neurais,introducao-ao-aprendizado-de-maquina,modelos-preditivos,0,1,1
CTRL_ALEAT_LIMPO_1,sub_primaria,IA,rede-perceptron-e-equacao-de-reta,rede-perceptron-e-equacao-de-reta,introducao-ao-aprendizado-de-maquina,modelos-preditivos,0,1,1
CTRL_ALEAT_LIMPO_1,sub_primaria,IA,como-analisar-resultados-acc-pr-re-e-f1,como-analisar-resultados-acc-pr-re-e-f1,introducao-ao-aprendizado-de-maquina,modelos-preditivos,0,0,1
CTRL_ALEAT_LIMPO_1,sub_primaria,IA,artigo-usando-agrupamento,artigo-usando-agrupamento,introducao-ao-aprendizado-de-maquina,modelos-preditivos,0,0,1
CTRL_ALEAT_LIMPO_1,sub_primaria,IA,survey-on-clustering,survey-on-clustering,introducao-ao-aprendizado-de-maquina,paradigmas-de-aprendizado,0,0,1
CTRL_ALEAT_LIMPO_1,sub_primaria,IA,analise-exploratoria-de-dados-exemplo-1,analise-exploratoria-de-dados-exemplo-1,introducao-ao-aprendizado-de-maquina,modelos-preditivos,1,0,1
CTRL_ALEAT_LIMPO_1,sub_primaria,IA,exemplo-2-k-nn-com-iriscsv-mais-completo,exemplo-2-k-nn-com-iriscsv-mais-completo,introducao-ao-aprendizado-de-maquina,modelos-preditivos,0,1,1
CTRL_ALEAT_LIMPO_1,sub_primaria,IA,exemplo-com-k-nn,exemplo-com-k-nn,introducao-ao-aprendizado-de-maquina,modelos-preditivos,0,1,1
CTRL_ALEAT_LIMPO_1,sub_primaria,IA,exercicio-2-solucao-com-rede-perceptron-atualizado,exercicio-2-solucao-com-rede-perceptron-atualizado,introducao-ao-aprendizado-de-maquina,modelos-descritivos,0,0,1
CTRL_ALEAT_LIMPO_1,sub_primaria,IA,k-nn-para-classificacao-exemplo-cardio,k-nn-para-classificacao-exemplo-cardio,introducao-ao-aprendizado-de-maquina,modelos-descritivos,0,0,1
CTRL_ALEAT_LIMPO_1,sub_primaria,IA,rede-perceptron-classificacao-planta-iris,rede-perceptron-classificacao-planta-iris,introducao-ao-aprendizado-de-maquina,modelos-descritivos,0,0,1
CTRL_ALEAT_LIMPO_1,sub_primaria,IA,rede-perceptron-classificacao-de-cliente,rede-perceptron-classificacao-de-cliente,introducao-ao-aprendizado-de-maquina,modelos-descritivos,0,0,1
CTRL_ALEAT_LIMPO_1,sub_primaria,IA,rede-perceptron-exemplo-atualizado,rede-perceptron-exemplo-atualizado,introducao-ao-aprendizado-de-maquina,,0,0,1
CTRL_ALEAT_LIMPO_1,sub_primaria,IA,rede-perceptron-or-em-python,rede-perceptron-or-em-python,introducao-ao-aprendizado-de-maquina,modelos-descritivos,0,0,1
CTRL_ALEAT_LIMPO_1,sub_primaria,IA,rede-perceptron-reconhecendo-letras,rede-perceptron-reconhecendo-letras,introducao-ao-aprendizado-de-maquina,modelos-preditivos,0,1,1
CTRL_ALEAT_LIMPO_1,sub_primaria,IA,mlp-xoripynb,mlp-xoripynb,introducao-ao-aprendizado-de-maquina,,0,0,1
CTRL_ALEAT_LIMPO_1,sub_primaria,IA,mlp-classificacao-inadimplencia-normalizacao-e-gridsearchcv,mlp-classificacao-inadimplencia-normalizacao-e-gridsearchcv,introducao-ao-aprendizado-de-maquina,modelos-preditivos,0,1,1
CTRL_ALEAT_LIMPO_1,sub_primaria,IA,mlp-classificacao-iris-atualizado,mlp-classificacao-iris-atualizado,introducao-ao-aprendizado-de-maquina,modelos-preditivos,0,1,1
CTRL_ALEAT_LIMPO_1,sub_primaria,IA,xor-backpropagation-em-python,xor-backpropagation-em-python,introducao-ao-aprendizado-de-maquina,modelos-descritivos,0,0,1
CTRL_ALEAT_LIMPO_1,sub_primaria,IA,exemplo-1-arvores-de-decisao-classificacao-planta-iris,exemplo-1-arvores-de-decisao-classificacao-planta-iris,introducao-ao-aprendizado-de-maquina,modelos-preditivos,0,1,1
CTRL_ALEAT_LIMPO_1,sub_primaria,IA,exemplo-complementar-classificacao-com-arvores-de-decisao,exemplo-complementar-classificacao-com-arvores-de-decisao,metricas-de-avaliacao,modelos-descritivos,0,0,1
CTRL_ALEAT_LIMPO_1,sub_primaria,IA,agrupamento-hierarquico-exemplo-1,agrupamento-hierarquico-exemplo-1,introducao-ao-aprendizado-de-maquina,modelos-preditivos,0,0,1
CTRL_ALEAT_LIMPO_1,sub_primaria,IA,agrupamento-hierarquico-exemplo-2-use-o-dataset-da-planta-iris,agrupamento-hierarquico-exemplo-2-use-o-dataset-da-planta-iris,introducao-ao-aprendizado-de-maquina,modelos-preditivos,0,0,1
CTRL_ALEAT_LIMPO_1,sub_primaria,ES2,revisaoarquiteturapadroes,revisaoarquiteturapadroes,estilos-e-padroes-arquiteturais,orientada-a-servicos,0,0,1
CTRL_ALEAT_LIMPO_1,sub_primaria,ES2,microsservicos2,microsservicos2,estilos-e-padroes-arquiteturais,orientada-a-microsservicos,0,0,1
CTRL_ALEAT_LIMPO_1,sub_primaria,ES2,microsservicos3,microsservicos3,estilos-e-padroes-arquiteturais,orientada-a-microsservicos,0,0,1
CTRL_ALEAT_LIMPO_1,sub_primaria,ES2,roteiro1-introducao,roteiro1-introducao,estilos-e-padroes-arquiteturais,orientada-a-microsservicos,0,0,1
CTRL_ALEAT_LIMPO_1,sub_primaria,ES2,roteiro2-nameserver,roteiro2-nameserver,estilos-e-padroes-arquiteturais,estudo-de-caso-arquitetura-orientada-a-microsservicos,0,1,1
CTRL_ALEAT_LIMPO_1,sub_primaria,ES2,microsservicos5,microsservicos5,entrega-continua-cd,plataformas-de-devops,0,1,1
CTRL_ALEAT_LIMPO_1,sub_primaria,ES2,microsservicos6,microsservicos6,gerenciamento-da-configuracao,estudo-de-caso-integracao-e-implantacao-de-microsservicos,0,1,1
CTRL_ALEAT_LIMPO_1,sub_primaria,ES2,microsservicos7,microsservicos7,gerenciamento-da-configuracao,plataformas-de-devops,0,0,1
CTRL_ALEAT_LIMPO_1,sub_primaria,ES2,roteiro1,roteiro1,,orientada-a-microsservicos,0,0,1
CTRL_ALEAT_LIMPO_1,sub_primaria,ES2,roteiro2,roteiro2,,orientada-a-microsservicos,0,0,1
CTRL_ALEAT_LIMPO_1,sub_primaria,ES2,roteiro3,roteiro3,,orientada-a-microsservicos,0,0,1
CTRL_ALEAT_LIMPO_1,sub_primaria,ES2,roteiro4-circuitbreaker,roteiro4-circuitbreaker,estilos-e-padroes-arquiteturais,orientada-a-microsservicos,0,0,1
CTRL_ALEAT_LIMPO_1,sub_primaria,ES2,roteiro5,roteiro5,estudo-de-caso-integracao-e-implantacao-de-microsservicos,integracao-continua-ci,1,0,1
CTRL_ALEAT_LIMPO_1,sub_primaria,ES2,roteiro6,roteiro6,estudo-de-caso-integracao-e-implantacao-de-microsservicos,integracao-continua-ci,1,0,1
CTRL_ALEAT_LIMPO_1,sub_primaria,ES2,roteiro6-conteiners-composicao,roteiro6-conteiners-composicao,gerenciamento-da-configuracao,estudo-de-caso-integracao-e-implantacao-de-microsservicos,0,1,1
CTRL_ALEAT_LIMPO_1,sub_primaria,ES2,roteiro7,roteiro7,estudo-de-caso-integracao-e-implantacao-de-microsservicos,integracao-continua-ci,1,0,1
CTRL_ALEAT_LIMPO_1,sub_primaria,ES2,roteiro7-filas,roteiro7-filas,gerenciamento-da-configuracao,integracao-continua-ci,0,0,1
CTRL_ALEAT_LIMPO_1,sub_primaria,ES2,roteiro7-history-service,roteiro7-history-service,estudo-de-caso-integracao-e-implantacao-de-microsservicos,integracao-continua-ci,1,0,1
CTRL_ALEAT_LIMPO_1,sub_primaria,ES2,roteiro8-autenticacao-autorizacao,roteiro8-autenticacao-autorizacao,gerenciamento-da-configuracao,estudo-de-caso-integracao-e-implantacao-de-microsservicos,0,1,1
CTRL_ALEAT_LIMPO_1,sub_primaria,ES2,microsservicos,microsservicos,estilos-e-padroes-arquiteturais,orientada-a-microsservicos,0,1,1
CTRL_ALEAT_LIMPO_1,sub_primaria,ES2,microsservicos4,microsservicos4,estilos-e-padroes-arquiteturais,orientada-a-microsservicos,0,0,1
CTRL_ALEAT_LIMPO_1,sub_primaria,ES2,roteiro3-gateway,roteiro3-gateway,cliente-servidor,conceito-de-arquitetura-de-software,0,0,1
CTRL_ALEAT_LIMPO_1,sub_primaria,ES2,kubernetes,kubernetes,estudo-de-caso-integracao-e-implantacao-de-microsservicos,gerenciamento-da-configuracao,0,0,1
CTRL_ALEAT_LIMPO_1,sub_primaria,ES2,roteiro4,roteiro4,,orientada-a-microsservicos,0,0,1
CTRL_ALEAT_LIMPO_1,sub_primaria,TCC,aula-07-maquinas-de-turing-e-linguagens-recursivamente-enumeraveis,aula-07-maquinas-de-turing-e-linguagens-recursivamente-enumeraveis,maquinas-de-turing,linguagens-reconheciveis-e-decidiveis,1,0,1
CTRL_ALEAT_LIMPO_1,sub_primaria,TCC,aula-10-linguagens-reconhecıveis-e-linguagens-decidıveis-pdf,aula-10-linguagens-reconheciveis-e-linguagens-decidiveis,linguagens-reconheciveis-e-decidiveis,variacoes-de-maquinas-de-turing,1,0,1
CTRL_ALEAT_LIMPO_1,sub_primaria,TCC,aula-01-apresentacao-da-disciplina-revisao-de-teoria-de-conjuntos-e-enumerabilidade,aula-01-apresentacao-da-disciplina-revisao-de-teoria-de-conjuntos-e-enumerabilidade,,funcoes-recursivas-primitivas-e-funcoes-recursivas-parciais,0,0,1
CTRL_ALEAT_LIMPO_1,sub_primaria,CG,modelagem3d,modelagem3d,representacao-aramada,bezier-e-algoritmo-de-casteljau,0,0,1
CTRL_ALEAT_LIMPO_1,sub_primaria,CG,atividade,atividade,,a-matematica-das-projecoes-planares,0,0,1
CTRL_ALEAT_LIMPO_1,sub_primaria,CG,basico3d-py,basico3d-py,pipeline-de-visualizacao-3d,,0,0,1
CTRL_ALEAT_LIMPO_1,sub_primaria,CG,opengl3d,opengl3d,,a-matematica-das-projecoes-planares,0,0,1
CTRL_ALEAT_LIMPO_1,sub_primaria,CG,opengl3dcpp-vdi,opengl3dcpp-vdi,algoritmo-z-buffer,,0,0,1
CTRL_ALEAT_LIMPO_1,sub_primaria,CG,opengl3dcpp,opengl3dcpp,algoritmo-z-buffer,,0,0,1
CTRL_ALEAT_LIMPO_1,sub_primaria,CG,vis3d,vis3d,,a-matematica-das-projecoes-planares,0,0,1
CTRL_ALEAT_LIMPO_1,sub_primaria,CG,basico3d-cpp,basico3d-cpp,algoritmos-de-poligonos,algoritmos-de-deteccao-e-calculo-de-interseccao,0,0,1
CTRL_ALEAT_LIMPO_1,sub_primaria,CG,basico3d-py-zip,basico3d-py-zip,operacoes-com-vetores,,0,0,1
CTRL_ALEAT_LIMPO_1,sub_primaria,CG,exerciciodemodelagem,exerciciodemodelagem,tecnicas-de-modelagem-3d,,0,0,1
CTRL_ALEAT_LIMPO_1,sub_primaria,CG,elemoculto,elemoculto,algoritmo-z-buffer,a-matematica-das-projecoes-planares,0,0,1
CTRL_ALEAT_LIMPO_1,sub_primaria,CG,exemplozbuffer,exemplozbuffer,algoritmo-z-buffer,a-matematica-das-projecoes-planares,1,0,1
CTRL_ALEAT_LIMPO_1,sub_primaria,CG,exercicios,exercicios,,recorte,0,0,1
CTRL_ALEAT_LIMPO_1,sub_primaria,CG,opengl-py,opengl-py,conceitos,origens,0,0,1
CTRL_ALEAT_LIMPO_1,sub_primaria,CG,openglbasico,openglbasico,introducao-e-exemplos-de-aplicacoes,segmentacao,0,0,1
CTRL_ALEAT_LIMPO_1,sub_primaria,CG,fundamentosmatematicos,fundamentosmatematicos,operacoes-com-vetores,algoritmos-de-geometria-computacional,0,0,1
CTRL_ALEAT_LIMPO_1,sub_primaria,CG,matematica,matematica,,algoritmos-de-deteccao-e-calculo-de-interseccao,0,0,1
CTRL_ALEAT_LIMPO_1,sub_primaria,CG,animacao-v2,animacao-v2,desenho-de-linhas,,0,1,1
CTRL_ALEAT_LIMPO_1,sub_primaria,CG,instanciamento,instanciamento,sistema-de-coordenadas-cartesianas,2d-3d-mao-direita-e-mao-esquerda,0,0,1
CTRL_ALEAT_LIMPO_1,sub_primaria,CG,transformacoesgl,transformacoesgl,sistema-de-coordenadas-cartesianas,recorte,0,0,1
CTRL_ALEAT_LIMPO_1,sub_primaria,CG,bezier-animacao,bezier-animacao,bezier-e-algoritmo-de-casteljau,hermite,1,0,1
CTRL_ALEAT_LIMPO_1,sub_primaria,CG,bezier-cpp,bezier-cpp,bezier-e-algoritmo-de-casteljau,hermite,1,0,1
CTRL_ALEAT_LIMPO_1,sub_primaria,CG,bezier-py,bezier-py,bezier-e-algoritmo-de-casteljau,hermite,1,0,1
CTRL_ALEAT_LIMPO_1,sub_primaria,CG,bezier-python,bezier-python,bezier-e-algoritmo-de-casteljau,hermite,1,0,1
CTRL_ALEAT_LIMPO_1,sub_primaria,CG,curvas,curvas,hermite,geometria-solida-construtiva-csg,0,0,1
CTRL_ALEAT_LIMPO_1,sub_primaria,CG,curvasparametricas,curvasparametricas,representacao-de-curvas-parametricas,varredura,1,0,1
CTRL_ALEAT_LIMPO_1,sub_primaria,CG,exercicios-sobre-curvas,exercicios-sobre-curvas,hermite,geometria-solida-construtiva-csg,0,0,1
CTRL_ALEAT_LIMPO_1,sub_primaria,CG,floodfill,floodfill,cores-e-tipos-de-imagens,segmentacao,0,1,1
CTRL_ALEAT_LIMPO_1,sub_primaria,CG,img,img,cores-e-tipos-de-imagens,segmentacao,1,0,1
CTRL_ALEAT_LIMPO_1,sub_primaria,CG,remocaoderuido,remocaoderuido,cores-e-tipos-de-imagens,filtros,0,1,1
CTRL_ALEAT_LIMPO_1,sub_primaria,CG,exercicios-de-processamento-de-imagens,exercicios-de-processamento-de-imagens,cores-e-tipos-de-imagens,segmentacao,0,0,1
CTRL_ALEAT_LIMPO_1,sub_primaria,CG,exercicios-sobre-curvas-html,exercicios-sobre-curvas-html,hermite,geometria-solida-construtiva-csg,0,0,1
CTRL_ALEAT_LIMPO_1,sub_primaria,CG,exerciciosfundamentosmatematicos,exerciciosfundamentosmatematicos,operacoes-com-vetores,algoritmos-de-poligonos,0,1,1
CTRL_ALEAT_LIMPO_1,sub_primaria,CG,planesweep,planesweep,algoritmos-de-geometria-computacional,entidades-geometricas,1,0,1
CTRL_ALEAT_LIMPO_1,sub_primaria,CG,slab,slab,algoritmos-de-geometria-computacional,algoritmos-de-deteccao-e-calculo-de-interseccao,1,0,1
CTRL_ALEAT_LIMPO_1,sub_primaria,CG,exercicioduascores,exercicioduascores,cores-e-tipos-de-imagens,segmentacao,0,0,1
CTRL_ALEAT_LIMPO_1,sub_primaria,CG,video-sobre-mapeamento-em-opengl-1dad3c,video-sobre-mapeamento-em-opengl-1dad3c,recorte,2d-3d-mao-direita-e-mao-esquerda,0,0,1
CTRL_ALEAT_LIMPO_1,sub_primaria,CG,video-sobre-prechimento-de-areas-duracao-1300-d87e5f,video-sobre-prechimento-de-areas-duracao-1300-d87e5f,cores-e-tipos-de-imagens,segmentacao,0,1,1
CTRL_ALEAT_LIMPO_1,sub_primaria,CG,pagina-com-videos-sobre-fundamentos-matematicos-para-computacao-grafica-d1d4a9,pagina-com-videos-sobre-fundamentos-matematicos-para-computacao-grafica-d1d4a9,algoritmos-de-poligonos,algoritmos-de-deteccao-e-calculo-de-interseccao,0,0,1
CTRL_ALEAT_LIMPO_1,sub_primaria,CG,videos-sobre-algoritmos-de-detecao-de-colisao-bd7d84,videos-sobre-algoritmos-de-detecao-de-colisao-bd7d84,,algoritmos-de-deteccao-e-calculo-de-interseccao,0,1,1
CTRL_ALEAT_LIMPO_1,sub_primaria,CG,pagina-com-videos-sobre-mapeamento-9f410e,pagina-com-videos-sobre-mapeamento-9f410e,recorte,,0,0,1
CTRL_ALEAT_LIMPO_1,sub_primaria,CG,pagina-com-videos-sobre-curvas-parametricas-63d902,pagina-com-videos-sobre-curvas-parametricas-63d902,hermite,geometria-solida-construtiva-csg,0,0,1
CTRL_ALEAT_LIMPO_1,sub_primaria,CG,pagina-com-videos-sobre-manipulacao-de-imagens-61ddde,pagina-com-videos-sobre-manipulacao-de-imagens-61ddde,cores-e-tipos-de-imagens,segmentacao,1,0,1
CTRL_ALEAT_LIMPO_1,sub_primaria,CG,pagina-com-videos-sobre-introducao-ao-processamento-de-imagens-61f156,pagina-com-videos-sobre-introducao-ao-processamento-de-imagens-61f156,filtros,segmentacao,0,0,1
CTRL_ALEAT_LIMPO_1,sub_primaria,CG,pagina-com-videos-sobre-visualizacao-3d-35a833,pagina-com-videos-sobre-visualizacao-3d-35a833,,algoritmos-de-remocao-de-elementos-ocultos,0,0,1
CTRL_ALEAT_LIMPO_1,sub_primaria,CG,pagina-com-videos-sobre-sintese-de-imagens-realisticas-a6d9ea,pagina-com-videos-sobre-sintese-de-imagens-realisticas-a6d9ea,mapeamento-de-textura,modelos-de-reflexao-ambiente-difusa-especular,0,0,1
CTRL_ALEAT_LIMPO_1,sub_primaria,FR,03-tipos-de-redes,03-tipos-de-redes,conceito-de-protocolo-de-redes-pessoais-locais-metropolitanas-e-de-longa-distancia,modelos-osi-e-tcpip,1,0,1
CTRL_ALEAT_LIMPO_1,sub_primaria,FR,unidade1-exercicios,unidade1-exercicios,,modelos-osi-e-tcpip,0,1,1
CTRL_ALEAT_LIMPO_1,sub_primaria,FR,04-camada-de-aplicacao,04-camada-de-aplicacao,protocolos-de-aplicacao-para-o-usuario-http-https-smtp-pop3-imap,protocolos-de-aplicacao-para-infraestrutura-dns-dhcp-snmp-nat,0,0,1
CTRL_ALEAT_LIMPO_1,sub_primaria,FR,04-protocolo-http,04-protocolo-http,paradigmas-clienteservidor-e-p2p,protocolos-de-aplicacao-para-infraestrutura-dns-dhcp-snmp-nat,0,0,1
CTRL_ALEAT_LIMPO_1,sub_primaria,FR,06-protocolo-dhcp,06-protocolo-dhcp,protocolos-de-aplicacao-para-infraestrutura-dns-dhcp-snmp-nat,implementacao-de-sockets,1,0,1
CTRL_ALEAT_LIMPO_1,sub_primaria,FR,07-protocolos-de-e-mail,07-protocolos-de-e-mail,protocolos-de-aplicacao-para-o-usuario-http-https-smtp-pop3-imap,protocolos-de-aplicacao-para-infraestrutura-dns-dhcp-snmp-nat,1,0,1
CTRL_ALEAT_LIMPO_1,sub_primaria,FR,08-desenvolvimento-de-aplicacoes,08-desenvolvimento-de-aplicacoes,,implementacao-de-sockets,0,1,1
CTRL_ALEAT_LIMPO_1,sub_primaria,FR,lista-de-exercicios-1-camada-de-aplicacao,lista-de-exercicios-1-camada-de-aplicacao,paradigmas-clienteservidor-e-p2p,protocolos-de-aplicacao-para-infraestrutura-dns-dhcp-snmp-nat,0,0,1
CTRL_ALEAT_LIMPO_1,sub_primaria,FR,unidade2-exercicios-dhcp,unidade2-exercicios-dhcp,protocolos-de-aplicacao-para-infraestrutura-dns-dhcp-snmp-nat,implementacao-de-sockets,1,0,1
CTRL_ALEAT_LIMPO_1,sub_primaria,FR,unidade2-exercicios-http,unidade2-exercicios-http,paradigmas-clienteservidor-e-p2p,protocolos-de-aplicacao-para-infraestrutura-dns-dhcp-snmp-nat,0,0,1
CTRL_ALEAT_LIMPO_1,sub_primaria,FR,tcp-chat-c,tcp-chat-c,paradigmas-clienteservidor-e-p2p,protocolos-de-aplicacao-para-o-usuario-http-https-smtp-pop3-imap,0,0,1
CTRL_ALEAT_LIMPO_1,sub_primaria,FR,tcp-example,tcp-example,paradigmas-clienteservidor-e-p2p,protocolos-de-aplicacao-para-o-usuario-http-https-smtp-pop3-imap,0,0,1
CTRL_ALEAT_LIMPO_1,sub_primaria,FR,udp-example-c,udp-example-c,paradigmas-clienteservidor-e-p2p,implementacao-de-sockets,0,1,1
CTRL_ALEAT_LIMPO_1,sub_primaria,FR,udp-example-java,udp-example-java,paradigmas-clienteservidor-e-p2p,protocolos-de-aplicacao-para-o-usuario-http-https-smtp-pop3-imap,0,0,1
CTRL_ALEAT_LIMPO_1,unidade,IA,o-que-é-inteligência-artificial-ia-oracle-brasil-43437f,o-que-é-inteligência-artificial-ia-oracle-brasil-43437f,unidade-de-aprendizagem-02-solucao-de-problemas,unidade-de-aprendizagem-05-aprendizado-de-maquina,0,0,1
CTRL_ALEAT_LIMPO_1,unidade,CG,exercicios,exercicios,unidade-02-fundamentos-matematicos,unidade-04-processo-de-visualizacao-2d,0,0,1
CTRL_ALEAT_LIMPO_1,unidade,CG,texturas-v3,texturas-v3,unidade-01-introducao-ao-processamento-grafico,unidade-08-sintese-de-imagens-realisticas,0,1,1
CTRL_ALEAT_LIMPO_1,unidade,CG,videoscg-v2,videoscg-v2,unidade-08-sintese-de-imagens-realisticas,unidade-02-fundamentos-matematicos,1,1,1
CTRL_ALEAT_LIMPO_2,sub_aceita,MF,archive-of-formal-proofs-355fb8,archive-of-formal-proofs-355fb8,abordagens-para-verificacao-formal,especificacao-de-conjuntos-indutivos,0,0,1
CTRL_ALEAT_LIMPO_2,sub_aceita,MF,exerciciosconjuntosindutivos,exerciciosconjuntosindutivos,especificacao-de-conjuntos-indutivos,sistemas-formais,1,0,1
CTRL_ALEAT_LIMPO_2,sub_aceita,MF,conjuntosindutivos,conjuntosindutivos,especificacao-de-conjuntos-indutivos,linguagens-de-especificacao-e-logicas,1,0,1
CTRL_ALEAT_LIMPO_2,sub_aceita,MF,logicapredicados-semantica,logicapredicados-semantica,especificacao-de-funcoes-recursivas,linguagens-de-especificacao-e-logicas,0,0,1
CTRL_ALEAT_LIMPO_2,sub_aceita,MF,logicapredicados-sintaxe,logicapredicados-sintaxe,fundamentos-de-logica-de-primeira-ordem,linguagens-de-especificacao-e-logicas,1,0,1
CTRL_ALEAT_LIMPO_2,sub_aceita,MF,logicaproposicional-sintaxe,logicaproposicional-sintaxe,,especificacao-de-funcoes-recursivas,0,0,1
CTRL_ALEAT_LIMPO_2,sub_aceita,MF,introducao,introducao,abordagens-para-verificacao-formal,especificacao-de-conjuntos-indutivos,1,0,1
CTRL_ALEAT_LIMPO_2,sub_aceita,MF,provasindutivas-especificacoesrecursivas,provasindutivas-especificacoesrecursivas,especificacao-de-funcoes-recursivas,exemplos-de-aplicacoes,1,0,1
CTRL_ALEAT_LIMPO_2,sub_aceita,MF,logicaproposicional-semantica,logicaproposicional-semantica,,especificacao-de-funcoes-recursivas,0,0,1
CTRL_ALEAT_LIMPO_2,sub_aceita,MF,exerciciosformalizacaoalgoritmosrecursao-respostas,exerciciosformalizacaoalgoritmosrecursao-respostas,especificacao-de-funcoes-recursivas,fundamentos-de-logica-de-primeira-ordem,1,0,1
CTRL_ALEAT_LIMPO_2,sub_aceita,MF,exerciciosisabelle,exerciciosisabelle,provadores-de-teoremas,especificacao-de-conjuntos-indutivos,1,0,1
CTRL_ALEAT_LIMPO_2,sub_aceita,MF,arvores,arvores,abordagens-para-verificacao-formal,especificacao-de-conjuntos-indutivos,0,0,1
CTRL_ALEAT_LIMPO_2,sub_aceita,MF,intro,intro,abordagens-para-verificacao-formal,especificacao-de-conjuntos-indutivos,0,1,1
CTRL_ALEAT_LIMPO_2,sub_aceita,MF,listas,listas,abordagens-para-verificacao-formal,especificacao-de-conjuntos-indutivos,0,0,1
CTRL_ALEAT_LIMPO_2,sub_aceita,MF,provas,provas,abordagens-para-verificacao-formal,,0,0,1
CTRL_ALEAT_LIMPO_2,sub_aceita,MF,exercicioscorrecaoterminacao,exercicioscorrecaoterminacao,invariante-e-variante-de-laco,logica-de-hoare,1,0,1
CTRL_ALEAT_LIMPO_2,sub_aceita,MF,logicadehoare2,logicadehoare2,invariante-e-variante-de-laco,logica-de-hoare,1,1,1
CTRL_ALEAT_LIMPO_2,sub_aceita,MF,exerciciosdafny2,exerciciosdafny2,pre-e-pos-condicoes,correcao-parcial-e-total,0,0,1
CTRL_ALEAT_LIMPO_2,sub_aceita,MF,exerciciosdafny3,exerciciosdafny3,,correcao-parcial-e-total,0,0,1
CTRL_ALEAT_LIMPO_2,sub_aceita,MF,verificacaomodelos,verificacaomodelos,verificacao-de-modelos-model-checking,especificacao-de-propriedades-para-sistemas-sequenciais-e-concorrentes,1,1,1
CTRL_ALEAT_LIMPO_2,sub_aceita,MF,exerciciosnusmv,exerciciosnusmv,,especificacao-de-propriedades-para-sistemas-sequenciais-e-concorrentes,0,0,1
CTRL_ALEAT_LIMPO_2,sub_aceita,MF,classes-parte1,classes-parte1,invariante-e-variante-de-laco,correcao-parcial-e-total,0,0,1
CTRL_ALEAT_LIMPO_2,sub_aceita,MF,colecoes-arrays,colecoes-arrays,,correcao-parcial-e-total,0,0,1
CTRL_ALEAT_LIMPO_2,sub_aceita,MF,colecoes-conjuntos,colecoes-conjuntos,,correcao-parcial-e-total,0,0,1
CTRL_ALEAT_LIMPO_2,sub_aceita,MF,colecoes-sequences,colecoes-sequences,,correcao-parcial-e-total,0,0,1
CTRL_ALEAT_LIMPO_2,sub_aceita,MF,exercicios-conjuntos,exercicios-conjuntos,,correcao-parcial-e-total,0,0,1
CTRL_ALEAT_LIMPO_2,sub_aceita,MF,introducao-zip,introducao-zip,,correcao-parcial-e-total,0,0,1
CTRL_ALEAT_LIMPO_2,sub_aceita,MF,invariantes,invariantes,sistema-de-prova,invariante-e-variante-de-laco,0,1,1
CTRL_ALEAT_LIMPO_2,sub_aceita,MF,terminacao,terminacao,,logica-de-hoare,0,0,1
CTRL_ALEAT_LIMPO_2,sub_aceita,MF,tiposindutivos,tiposindutivos,,correcao-parcial-e-total,0,0,1
CTRL_ALEAT_LIMPO_2,sub_aceita,MF,exemplos-zip,exemplos,maquinas-de-estado,especificacao-de-propriedades-para-sistemas-sequenciais-e-concorrentes,0,0,1
CTRL_ALEAT_LIMPO_2,sub_aceita,MF,exerciciosformalizacaoalgoritmosrecursao3-respostas,exerciciosformalizacaoalgoritmosrecursao3-respostas,especificacao-de-funcoes-recursivas,fundamentos-de-logica-de-primeira-ordem,1,0,1
CTRL_ALEAT_LIMPO_2,sub_aceita,MF,classes-parte2,classes-parte2,invariante-e-variante-de-laco,correcao-parcial-e-total,1,0,1
CTRL_ALEAT_LIMPO_2,sub_aceita,MF,exercicios-arrays,exercicios-arrays,sistema-de-prova,correcao-parcial-e-total,0,0,1
CTRL_ALEAT_LIMPO_2,sub_aceita,SO,2403-escalonamento-de-processos,2403-escalonamento-de-processos,escalonamento,conceitos-basicos,1,0,1
CTRL_ALEAT_LIMPO_2,sub_aceita,SO,exercicios,exercicios,,conceitos-basicos,0,0,1
CTRL_ALEAT_LIMPO_2,sub_aceita,SO,definicao-e-historico,definicao-e-historico,servicos-dos-sistemas-operacionais,evolucao-historica,1,1,1
CTRL_ALEAT_LIMPO_2,sub_aceita,SO,exemplo-criacao-de-processos-no-unix-linux-filho,exemplo-criacao-de-processos-no-unix-linux-filho,,evolucao-historica,0,0,1
CTRL_ALEAT_LIMPO_2,sub_aceita,SO,exemplo-criacao-de-processos-no-unix-linux-teste01,exemplo-criacao-de-processos-no-unix-linux-teste01,chamadas-de-sistema,evolucao-historica,1,0,1
CTRL_ALEAT_LIMPO_2,sub_aceita,SO,exemplo-criacao-de-processos-no-unix-linux-teste02,exemplo-criacao-de-processos-no-unix-linux-teste02,chamadas-de-sistema,evolucao-historica,1,0,1
CTRL_ALEAT_LIMPO_2,sub_aceita,SO,exemplo-criacao-de-processos-no-unix-linux-teste03,exemplo-criacao-de-processos-no-unix-linux-teste03,chamadas-de-sistema,evolucao-historica,1,0,1
CTRL_ALEAT_LIMPO_2,sub_aceita,SO,3103-threads,3103-threads,escalonamento,conceitos-basicos,0,0,1
CTRL_ALEAT_LIMPO_2,sub_aceita,SO,exemplo-threads-em-c-exemplo1,exemplo-threads-em-c-exemplo1,,escalonamento,0,0,1
CTRL_ALEAT_LIMPO_2,sub_aceita,SO,exemplo-threads-em-c-exemplo2,exemplo-threads-em-c-exemplo2,,escalonamento,0,0,1
CTRL_ALEAT_LIMPO_2,sub_aceita,SO,exemplo-threads-em-c-exemplo3,exemplo-threads-em-c-exemplo3,,escalonamento,0,0,1
CTRL_ALEAT_LIMPO_2,sub_aceita,IA,rede-perceptron,rede-perceptron,introducao-ao-aprendizado-de-maquina,modelos-preditivos,0,1,1
CTRL_ALEAT_LIMPO_2,sub_aceita,IA,arvores-de-decisao,arvores-de-decisao,introducao-ao-aprendizado-de-maquina,metricas-de-avaliacao,0,0,1
CTRL_ALEAT_LIMPO_2,sub_aceita,IA,aula-sobre-agrupamento-parte-2-hierarquico,aula-sobre-agrupamento-parte-2-hierarquico,introducao-ao-aprendizado-de-maquina,modelos-preditivos,0,0,1
CTRL_ALEAT_LIMPO_2,sub_aceita,IA,caracteristicas-dos-dados,caracteristicas-dos-dados,introducao-ao-aprendizado-de-maquina,modelos-preditivos,1,0,1
CTRL_ALEAT_LIMPO_2,sub_aceita,IA,introducao-a-redes-neurais,introducao-a-redes-neurais,introducao-ao-aprendizado-de-maquina,modelos-preditivos,0,1,1
CTRL_ALEAT_LIMPO_2,sub_aceita,IA,como-analisar-resultados-acc-pr-re-e-f1,como-analisar-resultados-acc-pr-re-e-f1,introducao-ao-aprendizado-de-maquina,modelos-preditivos,0,0,1
CTRL_ALEAT_LIMPO_2,sub_aceita,IA,agrupamento-usando-k-means-exemplo-1-ipynb,agrupamento-usando-k-means-exemplo-1-ipynb,introducao-ao-aprendizado-de-maquina,modelos-preditivos,0,0,1
CTRL_ALEAT_LIMPO_2,sub_aceita,IA,agrupamento-usando-k-means-exemplo-2-ipynb,agrupamento-usando-k-means-exemplo-2-ipynb,introducao-ao-aprendizado-de-maquina,modelos-preditivos,0,0,1
CTRL_ALEAT_LIMPO_2,sub_aceita,IA,exercicio-2-solucao-com-rede-perceptron-atualizado,exercicio-2-solucao-com-rede-perceptron-atualizado,introducao-ao-aprendizado-de-maquina,modelos-preditivos,0,1,1
CTRL_ALEAT_LIMPO_2,sub_aceita,IA,k-nn-para-classificacao-exemplo-cardio,k-nn-para-classificacao-exemplo-cardio,introducao-ao-aprendizado-de-maquina,,0,0,1
CTRL_ALEAT_LIMPO_2,sub_aceita,IA,k-nn-para-regressao-exemplo-imc,k-nn-para-regressao-exemplo-imc,introducao-ao-aprendizado-de-maquina,,0,0,1
CTRL_ALEAT_LIMPO_2,sub_aceita,IA,rede-perceptron-classificacao-de-cliente,rede-perceptron-classificacao-de-cliente,introducao-ao-aprendizado-de-maquina,modelos-preditivos,0,1,1
CTRL_ALEAT_LIMPO_2,sub_aceita,IA,rede-perceptron-exemplo-atualizado,rede-perceptron-exemplo-atualizado,introducao-ao-aprendizado-de-maquina,,0,0,1
CTRL_ALEAT_LIMPO_2,sub_aceita,IA,rede-perceptron-or-em-python,rede-perceptron-or-em-python,introducao-ao-aprendizado-de-maquina,modelos-preditivos,0,1,1
CTRL_ALEAT_LIMPO_2,sub_aceita,IA,mlp-classificacao-inadimplencia-normalizacao-e-gridsearchcv,mlp-classificacao-inadimplencia-normalizacao-e-gridsearchcv,introducao-ao-aprendizado-de-maquina,metricas-de-avaliacao,0,1,1
CTRL_ALEAT_LIMPO_2,sub_aceita,IA,mlp-regressao-cardio,mlp-regressao-cardio,introducao-ao-aprendizado-de-maquina,modelos-descritivos,0,0,1
CTRL_ALEAT_LIMPO_2,sub_aceita,IA,xor-backpropagation-em-python,xor-backpropagation-em-python,introducao-ao-aprendizado-de-maquina,modelos-descritivos,0,0,1
CTRL_ALEAT_LIMPO_2,sub_aceita,IA,exemplo-2-arvores-de-decisao-regressao-diabetes,exemplo-2-arvores-de-decisao-regressao-diabetes,introducao-ao-aprendizado-de-maquina,metricas-de-avaliacao,0,0,1
CTRL_ALEAT_LIMPO_2,sub_aceita,IA,agrupamento-hierarquico-exemplo-1,agrupamento-hierarquico-exemplo-1,introducao-ao-aprendizado-de-maquina,modelos-preditivos,0,0,1
CTRL_ALEAT_LIMPO_2,sub_aceita,ES2,revisaoarquiteturapadroes,revisaoarquiteturapadroes,estilos-e-padroes-arquiteturais,orientada-a-microsservicos,1,0,1
CTRL_ALEAT_LIMPO_2,sub_aceita,ES2,microsservicos2,microsservicos2,estilos-e-padroes-arquiteturais,conceito-de-arquitetura-de-software,0,0,1
CTRL_ALEAT_LIMPO_2,sub_aceita,ES2,microsservicos3,microsservicos3,estilos-e-padroes-arquiteturais,estudo-de-caso-arquitetura-orientada-a-microsservicos,0,1,1
CTRL_ALEAT_LIMPO_2,sub_aceita,ES2,roteiro1-introducao,roteiro1-introducao,estilos-e-padroes-arquiteturais,orientada-a-microsservicos,0,1,1
CTRL_ALEAT_LIMPO_2,sub_aceita,ES2,roteiro2-nameserver,roteiro2-nameserver,estilos-e-padroes-arquiteturais,orientada-a-microsservicos,0,0,1
CTRL_ALEAT_LIMPO_2,sub_aceita,ES2,servicos,servicos,orientada-a-servicos,orientada-a-microsservicos,1,0,1
CTRL_ALEAT_LIMPO_2,sub_aceita,ES2,web,web,cliente-servidor,orientada-a-microsservicos,1,0,1
CTRL_ALEAT_LIMPO_2,sub_aceita,ES2,microsservicos5,microsservicos5,entrega-continua-cd,estudo-de-caso-integracao-e-implantacao-de-microsservicos,0,1,1
CTRL_ALEAT_LIMPO_2,sub_aceita,ES2,microsservicos6,microsservicos6,gerenciamento-da-configuracao,estudo-de-caso-integracao-e-implantacao-de-microsservicos,0,1,1
CTRL_ALEAT_LIMPO_2,sub_aceita,ES2,microsservicos7,microsservicos7,gerenciamento-da-configuracao,estudo-de-caso-integracao-e-implantacao-de-microsservicos,0,1,1
CTRL_ALEAT_LIMPO_2,sub_aceita,ES2,roteiro1,roteiro1,,orientada-a-microsservicos,0,0,1
CTRL_ALEAT_LIMPO_2,sub_aceita,ES2,roteiro2,roteiro2,,orientada-a-microsservicos,0,0,1
CTRL_ALEAT_LIMPO_2,sub_aceita,ES2,roteiro3,roteiro3,,orientada-a-microsservicos,0,0,1
CTRL_ALEAT_LIMPO_2,sub_aceita,ES2,roteiro4-circuitbreaker,roteiro4-circuitbreaker,estilos-e-padroes-arquiteturais,orientada-a-microsservicos,0,0,1
CTRL_ALEAT_LIMPO_2,sub_aceita,ES2,roteiro5,roteiro5,estudo-de-caso-integracao-e-implantacao-de-microsservicos,conceito-de-devops,1,0,1
CTRL_ALEAT_LIMPO_2,sub_aceita,ES2,roteiro6,roteiro6,estudo-de-caso-integracao-e-implantacao-de-microsservicos,conceito-de-devops,1,0,1
CTRL_ALEAT_LIMPO_2,sub_aceita,ES2,roteiro7,roteiro7,estudo-de-caso-integracao-e-implantacao-de-microsservicos,conceito-de-devops,1,0,1
CTRL_ALEAT_LIMPO_2,sub_aceita,ES2,roteiro7-history-service,roteiro7-history-service,estudo-de-caso-integracao-e-implantacao-de-microsservicos,conceito-de-devops,1,0,1
CTRL_ALEAT_LIMPO_2,sub_aceita,ES2,roteiro8-autenticacao-autorizacao,roteiro8-autenticacao-autorizacao,gerenciamento-da-configuracao,estudo-de-caso-integracao-e-implantacao-de-microsservicos,0,1,1
CTRL_ALEAT_LIMPO_2,sub_aceita,ES2,microsservicos,microsservicos,estilos-e-padroes-arquiteturais,orientada-a-microsservicos,0,1,1
CTRL_ALEAT_LIMPO_2,sub_aceita,ES2,microsservicos4,microsservicos4,estilos-e-padroes-arquiteturais,orientada-a-microsservicos,0,0,1
CTRL_ALEAT_LIMPO_2,sub_aceita,ES2,roteiro3-gateway,roteiro3-gateway,cliente-servidor,orientada-a-microsservicos,0,0,1
CTRL_ALEAT_LIMPO_2,sub_aceita,ES2,devops,devops,integracao-continua-ci,estudo-de-caso-integracao-e-implantacao-de-microsservicos,0,0,1
CTRL_ALEAT_LIMPO_2,sub_aceita,ES2,roteiro4,roteiro4,,orientada-a-microsservicos,0,0,1
CTRL_ALEAT_LIMPO_2,sub_aceita,TCC,aula-10-linguagens-reconhecıveis-e-linguagens-decidıveis-pdf,aula-10-linguagens-reconheciveis-e-linguagens-decidiveis,linguagens-reconheciveis-e-decidiveis,maquinas-de-turing,1,0,1
CTRL_ALEAT_LIMPO_2,sub_aceita,TCC,aula-01-apresentacao-da-disciplina-revisao-de-teoria-de-conjuntos-e-enumerabilidade,aula-01-apresentacao-da-disciplina-revisao-de-teoria-de-conjuntos-e-enumerabilidade,,funcoes-recursivas-primitivas-e-funcoes-recursivas-parciais,0,0,1
CTRL_ALEAT_LIMPO_2,sub_aceita,TCC,aula-02-conjuntos-enumeraveis-e-nao-enumeraveis-argumento-da-diagonalizacao-de-cantor,aula-02-conjuntos-enumeraveis-e-nao-enumeraveis-argumento-da-diagonalizacao-de-cantor,conjuntos-enumeraveis,funcoes-recursivas-primitivas-e-funcoes-recursivas-parciais,1,0,1
CTRL_ALEAT_LIMPO_2,sub_aceita,TCC,aula-06-revisao-alfabeto-cadeia-linguagem-hierarquia-de-chomsky-lemas-e-propriedades-de-automatos,aula-06-revisao-alfabeto-cadeia-linguagem-hierarquia-de-chomsky-lemas-e-propriedades-de-automatos,,funcoes-recursivas-primitivas-e-funcoes-recursivas-parciais,1,0,1
CTRL_ALEAT_LIMPO_2,sub_aceita,TCC,aula-09-variacoes-de-maquinas-de-turing,aula-09-variacoes-de-maquinas-de-turing,maquinas-de-turing,variacoes-de-maquinas-de-turing,0,1,1
CTRL_ALEAT_LIMPO_2,sub_aceita,CG,modelagem3d,modelagem3d,representacao-aramada,representacao-de-curvas-parametricas,1,0,1
CTRL_ALEAT_LIMPO_2,sub_aceita,CG,atividade,atividade,,a-matematica-das-projecoes-planares,0,0,1
CTRL_ALEAT_LIMPO_2,sub_aceita,CG,opengl3d,opengl3d,,pipeline-de-visualizacao-3d,0,1,1
CTRL_ALEAT_LIMPO_2,sub_aceita,CG,opengl3dcpp-vdi,opengl3dcpp-vdi,algoritmo-z-buffer,pipeline-de-visualizacao-3d,0,1,1
CTRL_ALEAT_LIMPO_2,sub_aceita,CG,opengl3dcpp,opengl3dcpp,algoritmo-z-buffer,pipeline-de-visualizacao-3d,0,1,1
CTRL_ALEAT_LIMPO_2,sub_aceita,CG,vis3d,vis3d,,a-matematica-das-projecoes-planares,0,1,1
CTRL_ALEAT_LIMPO_2,sub_aceita,CG,basico3d-cpp,basico3d-cpp,algoritmos-de-poligonos,algoritmos-de-deteccao-e-calculo-de-interseccao,0,0,1
CTRL_ALEAT_LIMPO_2,sub_aceita,CG,basico3d-py-zip,basico3d-py-zip,operacoes-com-vetores,,0,0,1
CTRL_ALEAT_LIMPO_2,sub_aceita,CG,exerciciodemodelagem,exerciciodemodelagem,tecnicas-de-modelagem-3d,representacao-de-curvas-parametricas,1,0,1
CTRL_ALEAT_LIMPO_2,sub_aceita,CG,elemoculto,elemoculto,algoritmo-z-buffer,pipeline-de-visualizacao-3d,1,0,1
CTRL_ALEAT_LIMPO_2,sub_aceita,CG,exemplozbuffer,exemplozbuffer,algoritmo-z-buffer,algoritmos-de-remocao-de-elementos-ocultos,1,0,1
CTRL_ALEAT_LIMPO_2,sub_aceita,CG,iluminacao,iluminacao,modelos-de-reflexao-ambiente-difusa-especular,modelos-de-iluminacao-luz-pontual-direcional-spot,1,1,1
CTRL_ALEAT_LIMPO_2,sub_aceita,CG,opengl-cpp,opengl-cpp,conceitos,algoritmos-de-deteccao-e-calculo-de-interseccao,0,0,1
CTRL_ALEAT_LIMPO_2,sub_aceita,CG,opengl-py,opengl-py,conceitos,origens,0,0,1
CTRL_ALEAT_LIMPO_2,sub_aceita,CG,fundamentosmatematicos,fundamentosmatematicos,operacoes-com-vetores,algoritmos-de-deteccao-e-calculo-de-interseccao,1,0,1
CTRL_ALEAT_LIMPO_2,sub_aceita,CG,matematica,matematica,,algoritmos-de-deteccao-e-calculo-de-interseccao,0,0,1
CTRL_ALEAT_LIMPO_2,sub_aceita,CG,animacao-v2,animacao-v2,desenho-de-linhas,,0,1,1
CTRL_ALEAT_LIMPO_2,sub_aceita,CG,transformacoesgl,transformacoesgl,sistema-de-coordenadas-cartesianas,recorte,0,0,1
CTRL_ALEAT_LIMPO_2,sub_aceita,CG,bezier-animacao,bezier-animacao,bezier-e-algoritmo-de-casteljau,,1,0,1
CTRL_ALEAT_LIMPO_2,sub_aceita,CG,bezier-cpp,bezier-cpp,bezier-e-algoritmo-de-casteljau,geometria-solida-construtiva-csg,1,0,1
CTRL_ALEAT_LIMPO_2,sub_aceita,CG,bezier-py,bezier-py,bezier-e-algoritmo-de-casteljau,geometria-solida-construtiva-csg,1,0,1
CTRL_ALEAT_LIMPO_2,sub_aceita,CG,curvas,curvas,hermite,varredura,1,0,1
CTRL_ALEAT_LIMPO_2,sub_aceita,CG,curvasparametricas,curvasparametricas,representacao-de-curvas-parametricas,varredura,1,0,1
CTRL_ALEAT_LIMPO_2,sub_aceita,CG,exercicios-sobre-curvas,exercicios-sobre-curvas,hermite,varredura,0,0,1
CTRL_ALEAT_LIMPO_2,sub_aceita,CG,img,img,cores-e-tipos-de-imagens,introducao-e-exemplos-de-aplicacoes,1,0,1
CTRL_ALEAT_LIMPO_2,sub_aceita,CG,remocaoderuido,remocaoderuido,cores-e-tipos-de-imagens,filtros,0,1,1
CTRL_ALEAT_LIMPO_2,sub_aceita,CG,exercicios-de-processamento-de-imagens,exercicios-de-processamento-de-imagens,cores-e-tipos-de-imagens,introducao-e-exemplos-de-aplicacoes,1,0,1
CTRL_ALEAT_LIMPO_2,sub_aceita,CG,introducaoprocimg,introducaoprocimg,filtros,introducao-e-exemplos-de-aplicacoes,1,1,1
CTRL_ALEAT_LIMPO_2,sub_aceita,CG,exercicios-sobre-curvas-html,exercicios-sobre-curvas-html,hermite,varredura,0,0,1
CTRL_ALEAT_LIMPO_2,sub_aceita,CG,exerciciosfundamentosmatematicos,exerciciosfundamentosmatematicos,operacoes-com-vetores,algoritmos-de-deteccao-e-calculo-de-interseccao,1,0,1
CTRL_ALEAT_LIMPO_2,sub_aceita,CG,slab,slab,algoritmos-de-geometria-computacional,entidades-geometricas,1,0,1
CTRL_ALEAT_LIMPO_2,sub_aceita,CG,exercicioduascores,exercicioduascores,cores-e-tipos-de-imagens,introducao-e-exemplos-de-aplicacoes,1,0,1
CTRL_ALEAT_LIMPO_2,sub_aceita,CG,video-sobre-mapeamento-em-opengl-1dad3c,video-sobre-mapeamento-em-opengl-1dad3c,recorte,sistema-de-coordenadas-cartesianas,0,1,1
CTRL_ALEAT_LIMPO_2,sub_aceita,CG,video-sobre-prechimento-de-areas-duracao-1300-d87e5f,video-sobre-prechimento-de-areas-duracao-1300-d87e5f,cores-e-tipos-de-imagens,introducao-e-exemplos-de-aplicacoes,0,0,1
CTRL_ALEAT_LIMPO_2,sub_aceita,CG,pagina-com-videos-sobre-fundamentos-matematicos-para-computacao-grafica-d1d4a9,pagina-com-videos-sobre-fundamentos-matematicos-para-computacao-grafica-d1d4a9,algoritmos-de-poligonos,algoritmos-de-deteccao-e-calculo-de-interseccao,0,0,1
CTRL_ALEAT_LIMPO_2,sub_aceita,CG,videos-sobre-algoritmos-de-detecao-de-colisao-bd7d84,videos-sobre-algoritmos-de-detecao-de-colisao-bd7d84,,algoritmos-de-deteccao-e-calculo-de-interseccao,0,1,1
CTRL_ALEAT_LIMPO_2,sub_aceita,CG,pagina-com-videos-sobre-mapeamento-9f410e,pagina-com-videos-sobre-mapeamento-9f410e,recorte,,0,0,1
CTRL_ALEAT_LIMPO_2,sub_aceita,CG,pagina-com-videos-sobre-curvas-parametricas-63d902,pagina-com-videos-sobre-curvas-parametricas-63d902,hermite,varredura,0,0,1
CTRL_ALEAT_LIMPO_2,sub_aceita,CG,pagina-com-videos-sobre-manipulacao-de-imagens-61ddde,pagina-com-videos-sobre-manipulacao-de-imagens-61ddde,cores-e-tipos-de-imagens,introducao-e-exemplos-de-aplicacoes,1,0,1
CTRL_ALEAT_LIMPO_2,sub_aceita,CG,pagina-com-videos-sobre-introducao-ao-processamento-de-imagens-61f156,pagina-com-videos-sobre-introducao-ao-processamento-de-imagens-61f156,filtros,introducao-e-exemplos-de-aplicacoes,1,1,1
CTRL_ALEAT_LIMPO_2,sub_aceita,CG,pagina-com-videos-sobre-visualizacao-3d-35a833,pagina-com-videos-sobre-visualizacao-3d-35a833,,perspectiva,0,0,1
CTRL_ALEAT_LIMPO_2,sub_aceita,CG,pagina-com-videos-sobre-sintese-de-imagens-realisticas-a6d9ea,pagina-com-videos-sobre-sintese-de-imagens-realisticas-a6d9ea,mapeamento-de-textura,modelos-de-reflexao-ambiente-difusa-especular,0,1,1
CTRL_ALEAT_LIMPO_2,sub_aceita,FR,03-tipos-de-redes,03-tipos-de-redes,conceito-de-protocolo-de-redes-pessoais-locais-metropolitanas-e-de-longa-distancia,modelos-osi-e-tcpip,1,0,1
CTRL_ALEAT_LIMPO_2,sub_aceita,FR,unidade1-exercicios,unidade1-exercicios,,modelos-osi-e-tcpip,0,1,1
CTRL_ALEAT_LIMPO_2,sub_aceita,FR,04-camada-de-aplicacao,04-camada-de-aplicacao,protocolos-de-aplicacao-para-o-usuario-http-https-smtp-pop3-imap,implementacao-de-sockets,0,0,1
CTRL_ALEAT_LIMPO_2,sub_aceita,FR,04-protocolo-http,04-protocolo-http,paradigmas-clienteservidor-e-p2p,implementacao-de-sockets,0,0,1
CTRL_ALEAT_LIMPO_2,sub_aceita,FR,05-protocolo-dns,05-protocolo-dns,protocolos-de-aplicacao-para-o-usuario-http-https-smtp-pop3-imap,implementacao-de-sockets,0,0,1
CTRL_ALEAT_LIMPO_2,sub_aceita,FR,07-protocolos-de-e-mail,07-protocolos-de-e-mail,protocolos-de-aplicacao-para-o-usuario-http-https-smtp-pop3-imap,protocolos-de-aplicacao-para-infraestrutura-dns-dhcp-snmp-nat,1,0,1
CTRL_ALEAT_LIMPO_2,sub_aceita,FR,08-desenvolvimento-de-aplicacoes,08-desenvolvimento-de-aplicacoes,,protocolos-de-aplicacao-para-infraestrutura-dns-dhcp-snmp-nat,0,0,1
CTRL_ALEAT_LIMPO_2,sub_aceita,FR,lista-de-exercicios-1-camada-de-aplicacao,lista-de-exercicios-1-camada-de-aplicacao,paradigmas-clienteservidor-e-p2p,protocolos-de-aplicacao-para-infraestrutura-dns-dhcp-snmp-nat,1,1,1
CTRL_ALEAT_LIMPO_2,sub_aceita,FR,unidade2-exercicios-dns,unidade2-exercicios-dns,protocolos-de-aplicacao-para-infraestrutura-dns-dhcp-snmp-nat,implementacao-de-sockets,1,0,1
CTRL_ALEAT_LIMPO_2,sub_aceita,FR,unidade2-exercicios-http,unidade2-exercicios-http,paradigmas-clienteservidor-e-p2p,implementacao-de-sockets,0,0,1
CTRL_ALEAT_LIMPO_2,sub_aceita,FR,tcp-chat-c,tcp-chat-c,paradigmas-clienteservidor-e-p2p,implementacao-de-sockets,0,1,1
CTRL_ALEAT_LIMPO_2,sub_aceita,FR,tcp-example,tcp-example,paradigmas-clienteservidor-e-p2p,protocolos-de-aplicacao-para-infraestrutura-dns-dhcp-snmp-nat,0,0,1
CTRL_ALEAT_LIMPO_2,sub_aceita,FR,udp-example-c,udp-example-c,paradigmas-clienteservidor-e-p2p,protocolos-de-aplicacao-para-o-usuario-http-https-smtp-pop3-imap,0,0,1
CTRL_ALEAT_LIMPO_2,sub_aceita,FR,udp-example-java,udp-example-java,paradigmas-clienteservidor-e-p2p,protocolos-de-aplicacao-para-o-usuario-http-https-smtp-pop3-imap,0,0,1
CTRL_ALEAT_LIMPO_2,sub_primaria,MF,archive-of-formal-proofs-355fb8,archive-of-formal-proofs-355fb8,abordagens-para-verificacao-formal,especificacao-de-conjuntos-indutivos,0,0,1
CTRL_ALEAT_LIMPO_2,sub_primaria,MF,exerciciosconjuntosindutivos,exerciciosconjuntosindutivos,especificacao-de-conjuntos-indutivos,sistemas-formais,1,0,1
CTRL_ALEAT_LIMPO_2,sub_primaria,MF,conjuntosindutivos,conjuntosindutivos,especificacao-de-conjuntos-indutivos,linguagens-de-especificacao-e-logicas,1,0,1
CTRL_ALEAT_LIMPO_2,sub_primaria,MF,logicapredicados-semantica,logicapredicados-semantica,especificacao-de-funcoes-recursivas,linguagens-de-especificacao-e-logicas,0,0,1
CTRL_ALEAT_LIMPO_2,sub_primaria,MF,logicapredicados-sintaxe,logicapredicados-sintaxe,fundamentos-de-logica-de-primeira-ordem,linguagens-de-especificacao-e-logicas,1,0,1
CTRL_ALEAT_LIMPO_2,sub_primaria,MF,logicaproposicional-sintaxe,logicaproposicional-sintaxe,,especificacao-de-funcoes-recursivas,0,0,1
CTRL_ALEAT_LIMPO_2,sub_primaria,MF,introducao,introducao,abordagens-para-verificacao-formal,especificacao-de-conjuntos-indutivos,1,0,1
CTRL_ALEAT_LIMPO_2,sub_primaria,MF,provasindutivas-especificacoesrecursivas,provasindutivas-especificacoesrecursivas,especificacao-de-funcoes-recursivas,exemplos-de-aplicacoes,1,0,1
CTRL_ALEAT_LIMPO_2,sub_primaria,MF,logicaproposicional-semantica,logicaproposicional-semantica,,especificacao-de-funcoes-recursivas,0,0,1
CTRL_ALEAT_LIMPO_2,sub_primaria,MF,exerciciosformalizacaoalgoritmosrecursao-respostas,exerciciosformalizacaoalgoritmosrecursao-respostas,especificacao-de-funcoes-recursivas,fundamentos-de-logica-de-primeira-ordem,1,0,1
CTRL_ALEAT_LIMPO_2,sub_primaria,MF,exerciciosisabelle,exerciciosisabelle,provadores-de-teoremas,especificacao-de-conjuntos-indutivos,1,0,1
CTRL_ALEAT_LIMPO_2,sub_primaria,MF,arvores,arvores,abordagens-para-verificacao-formal,especificacao-de-conjuntos-indutivos,0,0,1
CTRL_ALEAT_LIMPO_2,sub_primaria,MF,intro,intro,abordagens-para-verificacao-formal,especificacao-de-conjuntos-indutivos,0,0,1
CTRL_ALEAT_LIMPO_2,sub_primaria,MF,listas,listas,abordagens-para-verificacao-formal,especificacao-de-conjuntos-indutivos,0,0,1
CTRL_ALEAT_LIMPO_2,sub_primaria,MF,provas,provas,abordagens-para-verificacao-formal,,0,0,1
CTRL_ALEAT_LIMPO_2,sub_primaria,MF,exercicioscorrecaoterminacao,exercicioscorrecaoterminacao,invariante-e-variante-de-laco,logica-de-hoare,0,0,1
CTRL_ALEAT_LIMPO_2,sub_primaria,MF,logicadehoare2,logicadehoare2,invariante-e-variante-de-laco,logica-de-hoare,0,1,1
CTRL_ALEAT_LIMPO_2,sub_primaria,MF,exerciciosdafny2,exerciciosdafny2,pre-e-pos-condicoes,correcao-parcial-e-total,0,0,1
CTRL_ALEAT_LIMPO_2,sub_primaria,MF,exerciciosdafny3,exerciciosdafny3,,correcao-parcial-e-total,0,0,1
CTRL_ALEAT_LIMPO_2,sub_primaria,MF,verificacaomodelos,verificacaomodelos,verificacao-de-modelos-model-checking,especificacao-de-propriedades-para-sistemas-sequenciais-e-concorrentes,1,0,1
CTRL_ALEAT_LIMPO_2,sub_primaria,MF,exerciciosnusmv,exerciciosnusmv,,especificacao-de-propriedades-para-sistemas-sequenciais-e-concorrentes,0,0,1
CTRL_ALEAT_LIMPO_2,sub_primaria,MF,classes-parte1,classes-parte1,invariante-e-variante-de-laco,correcao-parcial-e-total,0,0,1
CTRL_ALEAT_LIMPO_2,sub_primaria,MF,colecoes-arrays,colecoes-arrays,,correcao-parcial-e-total,0,0,1
CTRL_ALEAT_LIMPO_2,sub_primaria,MF,colecoes-conjuntos,colecoes-conjuntos,,correcao-parcial-e-total,0,0,1
CTRL_ALEAT_LIMPO_2,sub_primaria,MF,colecoes-sequences,colecoes-sequences,,correcao-parcial-e-total,0,0,1
CTRL_ALEAT_LIMPO_2,sub_primaria,MF,exercicios-conjuntos,exercicios-conjuntos,,correcao-parcial-e-total,0,0,1
CTRL_ALEAT_LIMPO_2,sub_primaria,MF,introducao-zip,introducao-zip,,correcao-parcial-e-total,0,0,1
CTRL_ALEAT_LIMPO_2,sub_primaria,MF,invariantes,invariantes,sistema-de-prova,invariante-e-variante-de-laco,0,1,1
CTRL_ALEAT_LIMPO_2,sub_primaria,MF,terminacao,terminacao,,logica-de-hoare,0,0,1
CTRL_ALEAT_LIMPO_2,sub_primaria,MF,tiposindutivos,tiposindutivos,,correcao-parcial-e-total,0,0,1
CTRL_ALEAT_LIMPO_2,sub_primaria,MF,exemplos-zip,exemplos,maquinas-de-estado,especificacao-de-propriedades-para-sistemas-sequenciais-e-concorrentes,0,0,1
CTRL_ALEAT_LIMPO_2,sub_primaria,MF,exerciciosformalizacaoalgoritmosrecursao3-respostas,exerciciosformalizacaoalgoritmosrecursao3-respostas,especificacao-de-funcoes-recursivas,fundamentos-de-logica-de-primeira-ordem,1,0,1
CTRL_ALEAT_LIMPO_2,sub_primaria,MF,classes-parte2,classes-parte2,invariante-e-variante-de-laco,correcao-parcial-e-total,0,0,1
CTRL_ALEAT_LIMPO_2,sub_primaria,MF,exercicios-arrays,exercicios-arrays,sistema-de-prova,correcao-parcial-e-total,0,0,1
CTRL_ALEAT_LIMPO_2,sub_primaria,SO,2403-escalonamento-de-processos,2403-escalonamento-de-processos,escalonamento,conceitos-basicos,1,0,1
CTRL_ALEAT_LIMPO_2,sub_primaria,SO,exercicios,exercicios,,conceitos-basicos,0,0,1
CTRL_ALEAT_LIMPO_2,sub_primaria,SO,definicao-e-historico,definicao-e-historico,servicos-dos-sistemas-operacionais,evolucao-historica,0,1,1
CTRL_ALEAT_LIMPO_2,sub_primaria,SO,exemplo-criacao-de-processos-no-unix-linux-filho,exemplo-criacao-de-processos-no-unix-linux-filho,,evolucao-historica,0,0,1
CTRL_ALEAT_LIMPO_2,sub_primaria,SO,exemplo-criacao-de-processos-no-unix-linux-teste01,exemplo-criacao-de-processos-no-unix-linux-teste01,chamadas-de-sistema,evolucao-historica,1,0,1
CTRL_ALEAT_LIMPO_2,sub_primaria,SO,exemplo-criacao-de-processos-no-unix-linux-teste02,exemplo-criacao-de-processos-no-unix-linux-teste02,chamadas-de-sistema,evolucao-historica,1,0,1
CTRL_ALEAT_LIMPO_2,sub_primaria,SO,exemplo-criacao-de-processos-no-unix-linux-teste03,exemplo-criacao-de-processos-no-unix-linux-teste03,chamadas-de-sistema,evolucao-historica,1,0,1
CTRL_ALEAT_LIMPO_2,sub_primaria,SO,3103-threads,3103-threads,escalonamento,conceitos-basicos,0,0,1
CTRL_ALEAT_LIMPO_2,sub_primaria,SO,exemplo-threads-em-c-exemplo1,exemplo-threads-em-c-exemplo1,,escalonamento,0,0,1
CTRL_ALEAT_LIMPO_2,sub_primaria,SO,exemplo-threads-em-c-exemplo2,exemplo-threads-em-c-exemplo2,,escalonamento,0,0,1
CTRL_ALEAT_LIMPO_2,sub_primaria,SO,exemplo-threads-em-c-exemplo3,exemplo-threads-em-c-exemplo3,,escalonamento,0,0,1
CTRL_ALEAT_LIMPO_2,sub_primaria,IA,rede-perceptron,rede-perceptron,introducao-ao-aprendizado-de-maquina,modelos-preditivos,0,1,1
CTRL_ALEAT_LIMPO_2,sub_primaria,IA,arvores-de-decisao,arvores-de-decisao,introducao-ao-aprendizado-de-maquina,metricas-de-avaliacao,0,0,1
CTRL_ALEAT_LIMPO_2,sub_primaria,IA,aula-sobre-agrupamento-parte-2-hierarquico,aula-sobre-agrupamento-parte-2-hierarquico,introducao-ao-aprendizado-de-maquina,modelos-preditivos,0,0,1
CTRL_ALEAT_LIMPO_2,sub_primaria,IA,caracteristicas-dos-dados,caracteristicas-dos-dados,introducao-ao-aprendizado-de-maquina,modelos-preditivos,1,0,1
CTRL_ALEAT_LIMPO_2,sub_primaria,IA,introducao-a-redes-neurais,introducao-a-redes-neurais,introducao-ao-aprendizado-de-maquina,modelos-preditivos,0,1,1
CTRL_ALEAT_LIMPO_2,sub_primaria,IA,como-analisar-resultados-acc-pr-re-e-f1,como-analisar-resultados-acc-pr-re-e-f1,introducao-ao-aprendizado-de-maquina,modelos-preditivos,0,0,1
CTRL_ALEAT_LIMPO_2,sub_primaria,IA,agrupamento-usando-k-means-exemplo-1-ipynb,agrupamento-usando-k-means-exemplo-1-ipynb,introducao-ao-aprendizado-de-maquina,modelos-preditivos,0,0,1
CTRL_ALEAT_LIMPO_2,sub_primaria,IA,agrupamento-usando-k-means-exemplo-2-ipynb,agrupamento-usando-k-means-exemplo-2-ipynb,introducao-ao-aprendizado-de-maquina,modelos-preditivos,0,0,1
CTRL_ALEAT_LIMPO_2,sub_primaria,IA,exercicio-2-solucao-com-rede-perceptron-atualizado,exercicio-2-solucao-com-rede-perceptron-atualizado,introducao-ao-aprendizado-de-maquina,modelos-preditivos,0,1,1
CTRL_ALEAT_LIMPO_2,sub_primaria,IA,k-nn-para-classificacao-exemplo-cardio,k-nn-para-classificacao-exemplo-cardio,introducao-ao-aprendizado-de-maquina,,0,0,1
CTRL_ALEAT_LIMPO_2,sub_primaria,IA,k-nn-para-regressao-exemplo-imc,k-nn-para-regressao-exemplo-imc,introducao-ao-aprendizado-de-maquina,,0,0,1
CTRL_ALEAT_LIMPO_2,sub_primaria,IA,rede-perceptron-classificacao-de-cliente,rede-perceptron-classificacao-de-cliente,introducao-ao-aprendizado-de-maquina,modelos-preditivos,0,1,1
CTRL_ALEAT_LIMPO_2,sub_primaria,IA,rede-perceptron-exemplo-atualizado,rede-perceptron-exemplo-atualizado,introducao-ao-aprendizado-de-maquina,,0,0,1
CTRL_ALEAT_LIMPO_2,sub_primaria,IA,rede-perceptron-or-em-python,rede-perceptron-or-em-python,introducao-ao-aprendizado-de-maquina,modelos-preditivos,0,1,1
CTRL_ALEAT_LIMPO_2,sub_primaria,IA,mlp-classificacao-inadimplencia-normalizacao-e-gridsearchcv,mlp-classificacao-inadimplencia-normalizacao-e-gridsearchcv,introducao-ao-aprendizado-de-maquina,metricas-de-avaliacao,0,0,1
CTRL_ALEAT_LIMPO_2,sub_primaria,IA,mlp-regressao-cardio,mlp-regressao-cardio,introducao-ao-aprendizado-de-maquina,modelos-descritivos,0,0,1
CTRL_ALEAT_LIMPO_2,sub_primaria,IA,xor-backpropagation-em-python,xor-backpropagation-em-python,introducao-ao-aprendizado-de-maquina,modelos-descritivos,0,0,1
CTRL_ALEAT_LIMPO_2,sub_primaria,IA,exemplo-2-arvores-de-decisao-regressao-diabetes,exemplo-2-arvores-de-decisao-regressao-diabetes,introducao-ao-aprendizado-de-maquina,metricas-de-avaliacao,0,0,1
CTRL_ALEAT_LIMPO_2,sub_primaria,IA,agrupamento-hierarquico-exemplo-1,agrupamento-hierarquico-exemplo-1,introducao-ao-aprendizado-de-maquina,modelos-preditivos,0,0,1
CTRL_ALEAT_LIMPO_2,sub_primaria,ES2,revisaoarquiteturapadroes,revisaoarquiteturapadroes,estilos-e-padroes-arquiteturais,orientada-a-microsservicos,0,0,1
CTRL_ALEAT_LIMPO_2,sub_primaria,ES2,microsservicos2,microsservicos2,estilos-e-padroes-arquiteturais,conceito-de-arquitetura-de-software,0,0,1
CTRL_ALEAT_LIMPO_2,sub_primaria,ES2,microsservicos3,microsservicos3,estilos-e-padroes-arquiteturais,estudo-de-caso-arquitetura-orientada-a-microsservicos,0,1,1
CTRL_ALEAT_LIMPO_2,sub_primaria,ES2,roteiro1-introducao,roteiro1-introducao,estilos-e-padroes-arquiteturais,orientada-a-microsservicos,0,0,1
CTRL_ALEAT_LIMPO_2,sub_primaria,ES2,roteiro2-nameserver,roteiro2-nameserver,estilos-e-padroes-arquiteturais,orientada-a-microsservicos,0,0,1
CTRL_ALEAT_LIMPO_2,sub_primaria,ES2,servicos,servicos,orientada-a-servicos,orientada-a-microsservicos,1,0,1
CTRL_ALEAT_LIMPO_2,sub_primaria,ES2,web,web,cliente-servidor,orientada-a-microsservicos,1,0,1
CTRL_ALEAT_LIMPO_2,sub_primaria,ES2,microsservicos5,microsservicos5,entrega-continua-cd,estudo-de-caso-integracao-e-implantacao-de-microsservicos,0,0,1
CTRL_ALEAT_LIMPO_2,sub_primaria,ES2,microsservicos6,microsservicos6,gerenciamento-da-configuracao,estudo-de-caso-integracao-e-implantacao-de-microsservicos,0,1,1
CTRL_ALEAT_LIMPO_2,sub_primaria,ES2,microsservicos7,microsservicos7,gerenciamento-da-configuracao,estudo-de-caso-integracao-e-implantacao-de-microsservicos,0,1,1
CTRL_ALEAT_LIMPO_2,sub_primaria,ES2,roteiro1,roteiro1,,orientada-a-microsservicos,0,0,1
CTRL_ALEAT_LIMPO_2,sub_primaria,ES2,roteiro2,roteiro2,,orientada-a-microsservicos,0,0,1
CTRL_ALEAT_LIMPO_2,sub_primaria,ES2,roteiro3,roteiro3,,orientada-a-microsservicos,0,0,1
CTRL_ALEAT_LIMPO_2,sub_primaria,ES2,roteiro4-circuitbreaker,roteiro4-circuitbreaker,estilos-e-padroes-arquiteturais,orientada-a-microsservicos,0,0,1
CTRL_ALEAT_LIMPO_2,sub_primaria,ES2,roteiro5,roteiro5,estudo-de-caso-integracao-e-implantacao-de-microsservicos,conceito-de-devops,1,0,1
CTRL_ALEAT_LIMPO_2,sub_primaria,ES2,roteiro6,roteiro6,estudo-de-caso-integracao-e-implantacao-de-microsservicos,conceito-de-devops,1,0,1
CTRL_ALEAT_LIMPO_2,sub_primaria,ES2,roteiro7,roteiro7,estudo-de-caso-integracao-e-implantacao-de-microsservicos,conceito-de-devops,1,0,1
CTRL_ALEAT_LIMPO_2,sub_primaria,ES2,roteiro7-history-service,roteiro7-history-service,estudo-de-caso-integracao-e-implantacao-de-microsservicos,conceito-de-devops,1,0,1
CTRL_ALEAT_LIMPO_2,sub_primaria,ES2,roteiro8-autenticacao-autorizacao,roteiro8-autenticacao-autorizacao,gerenciamento-da-configuracao,estudo-de-caso-integracao-e-implantacao-de-microsservicos,0,1,1
CTRL_ALEAT_LIMPO_2,sub_primaria,ES2,microsservicos,microsservicos,estilos-e-padroes-arquiteturais,orientada-a-microsservicos,0,1,1
CTRL_ALEAT_LIMPO_2,sub_primaria,ES2,microsservicos4,microsservicos4,estilos-e-padroes-arquiteturais,orientada-a-microsservicos,0,0,1
CTRL_ALEAT_LIMPO_2,sub_primaria,ES2,roteiro3-gateway,roteiro3-gateway,cliente-servidor,orientada-a-microsservicos,0,0,1
CTRL_ALEAT_LIMPO_2,sub_primaria,ES2,devops,devops,integracao-continua-ci,estudo-de-caso-integracao-e-implantacao-de-microsservicos,0,0,1
CTRL_ALEAT_LIMPO_2,sub_primaria,ES2,roteiro4,roteiro4,,orientada-a-microsservicos,0,0,1
CTRL_ALEAT_LIMPO_2,sub_primaria,TCC,aula-10-linguagens-reconhecıveis-e-linguagens-decidıveis-pdf,aula-10-linguagens-reconheciveis-e-linguagens-decidiveis,linguagens-reconheciveis-e-decidiveis,maquinas-de-turing,1,0,1
CTRL_ALEAT_LIMPO_2,sub_primaria,TCC,aula-01-apresentacao-da-disciplina-revisao-de-teoria-de-conjuntos-e-enumerabilidade,aula-01-apresentacao-da-disciplina-revisao-de-teoria-de-conjuntos-e-enumerabilidade,,funcoes-recursivas-primitivas-e-funcoes-recursivas-parciais,0,0,1
CTRL_ALEAT_LIMPO_2,sub_primaria,TCC,aula-02-conjuntos-enumeraveis-e-nao-enumeraveis-argumento-da-diagonalizacao-de-cantor,aula-02-conjuntos-enumeraveis-e-nao-enumeraveis-argumento-da-diagonalizacao-de-cantor,conjuntos-enumeraveis,funcoes-recursivas-primitivas-e-funcoes-recursivas-parciais,0,0,1
CTRL_ALEAT_LIMPO_2,sub_primaria,TCC,aula-06-revisao-alfabeto-cadeia-linguagem-hierarquia-de-chomsky-lemas-e-propriedades-de-automatos,aula-06-revisao-alfabeto-cadeia-linguagem-hierarquia-de-chomsky-lemas-e-propriedades-de-automatos,,funcoes-recursivas-primitivas-e-funcoes-recursivas-parciais,1,0,1
CTRL_ALEAT_LIMPO_2,sub_primaria,TCC,aula-09-variacoes-de-maquinas-de-turing,aula-09-variacoes-de-maquinas-de-turing,maquinas-de-turing,variacoes-de-maquinas-de-turing,0,1,1
CTRL_ALEAT_LIMPO_2,sub_primaria,CG,modelagem3d,modelagem3d,representacao-aramada,representacao-de-curvas-parametricas,0,0,1
CTRL_ALEAT_LIMPO_2,sub_primaria,CG,atividade,atividade,,a-matematica-das-projecoes-planares,0,0,1
CTRL_ALEAT_LIMPO_2,sub_primaria,CG,opengl3d,opengl3d,,pipeline-de-visualizacao-3d,0,0,1
CTRL_ALEAT_LIMPO_2,sub_primaria,CG,opengl3dcpp-vdi,opengl3dcpp-vdi,algoritmo-z-buffer,pipeline-de-visualizacao-3d,0,0,1
CTRL_ALEAT_LIMPO_2,sub_primaria,CG,opengl3dcpp,opengl3dcpp,algoritmo-z-buffer,pipeline-de-visualizacao-3d,0,0,1
CTRL_ALEAT_LIMPO_2,sub_primaria,CG,vis3d,vis3d,,a-matematica-das-projecoes-planares,0,0,1
CTRL_ALEAT_LIMPO_2,sub_primaria,CG,basico3d-cpp,basico3d-cpp,algoritmos-de-poligonos,algoritmos-de-deteccao-e-calculo-de-interseccao,0,0,1
CTRL_ALEAT_LIMPO_2,sub_primaria,CG,basico3d-py-zip,basico3d-py-zip,operacoes-com-vetores,,0,0,1
CTRL_ALEAT_LIMPO_2,sub_primaria,CG,exerciciodemodelagem,exerciciodemodelagem,tecnicas-de-modelagem-3d,representacao-de-curvas-parametricas,0,0,1
CTRL_ALEAT_LIMPO_2,sub_primaria,CG,elemoculto,elemoculto,algoritmo-z-buffer,pipeline-de-visualizacao-3d,0,0,1
CTRL_ALEAT_LIMPO_2,sub_primaria,CG,exemplozbuffer,exemplozbuffer,algoritmo-z-buffer,algoritmos-de-remocao-de-elementos-ocultos,1,0,1
CTRL_ALEAT_LIMPO_2,sub_primaria,CG,iluminacao,iluminacao,modelos-de-reflexao-ambiente-difusa-especular,modelos-de-iluminacao-luz-pontual-direcional-spot,0,1,1
CTRL_ALEAT_LIMPO_2,sub_primaria,CG,opengl-cpp,opengl-cpp,conceitos,algoritmos-de-deteccao-e-calculo-de-interseccao,0,0,1
CTRL_ALEAT_LIMPO_2,sub_primaria,CG,opengl-py,opengl-py,conceitos,origens,0,0,1
CTRL_ALEAT_LIMPO_2,sub_primaria,CG,fundamentosmatematicos,fundamentosmatematicos,operacoes-com-vetores,algoritmos-de-deteccao-e-calculo-de-interseccao,0,0,1
CTRL_ALEAT_LIMPO_2,sub_primaria,CG,matematica,matematica,,algoritmos-de-deteccao-e-calculo-de-interseccao,0,0,1
CTRL_ALEAT_LIMPO_2,sub_primaria,CG,animacao-v2,animacao-v2,desenho-de-linhas,,0,1,1
CTRL_ALEAT_LIMPO_2,sub_primaria,CG,transformacoesgl,transformacoesgl,sistema-de-coordenadas-cartesianas,recorte,0,0,1
CTRL_ALEAT_LIMPO_2,sub_primaria,CG,bezier-animacao,bezier-animacao,bezier-e-algoritmo-de-casteljau,,1,0,1
CTRL_ALEAT_LIMPO_2,sub_primaria,CG,bezier-cpp,bezier-cpp,bezier-e-algoritmo-de-casteljau,geometria-solida-construtiva-csg,1,0,1
CTRL_ALEAT_LIMPO_2,sub_primaria,CG,bezier-py,bezier-py,bezier-e-algoritmo-de-casteljau,geometria-solida-construtiva-csg,1,0,1
CTRL_ALEAT_LIMPO_2,sub_primaria,CG,curvas,curvas,hermite,varredura,0,0,1
CTRL_ALEAT_LIMPO_2,sub_primaria,CG,curvasparametricas,curvasparametricas,representacao-de-curvas-parametricas,varredura,1,0,1
CTRL_ALEAT_LIMPO_2,sub_primaria,CG,exercicios-sobre-curvas,exercicios-sobre-curvas,hermite,varredura,0,0,1
CTRL_ALEAT_LIMPO_2,sub_primaria,CG,img,img,cores-e-tipos-de-imagens,introducao-e-exemplos-de-aplicacoes,1,0,1
CTRL_ALEAT_LIMPO_2,sub_primaria,CG,remocaoderuido,remocaoderuido,cores-e-tipos-de-imagens,filtros,0,1,1
CTRL_ALEAT_LIMPO_2,sub_primaria,CG,exercicios-de-processamento-de-imagens,exercicios-de-processamento-de-imagens,cores-e-tipos-de-imagens,introducao-e-exemplos-de-aplicacoes,0,0,1
CTRL_ALEAT_LIMPO_2,sub_primaria,CG,introducaoprocimg,introducaoprocimg,filtros,introducao-e-exemplos-de-aplicacoes,1,0,1
CTRL_ALEAT_LIMPO_2,sub_primaria,CG,exercicios-sobre-curvas-html,exercicios-sobre-curvas-html,hermite,varredura,0,0,1
CTRL_ALEAT_LIMPO_2,sub_primaria,CG,exerciciosfundamentosmatematicos,exerciciosfundamentosmatematicos,operacoes-com-vetores,algoritmos-de-deteccao-e-calculo-de-interseccao,0,0,1
CTRL_ALEAT_LIMPO_2,sub_primaria,CG,slab,slab,algoritmos-de-geometria-computacional,entidades-geometricas,1,0,1
CTRL_ALEAT_LIMPO_2,sub_primaria,CG,exercicioduascores,exercicioduascores,cores-e-tipos-de-imagens,introducao-e-exemplos-de-aplicacoes,0,0,1
CTRL_ALEAT_LIMPO_2,sub_primaria,CG,video-sobre-mapeamento-em-opengl-1dad3c,video-sobre-mapeamento-em-opengl-1dad3c,recorte,sistema-de-coordenadas-cartesianas,0,1,1
CTRL_ALEAT_LIMPO_2,sub_primaria,CG,video-sobre-prechimento-de-areas-duracao-1300-d87e5f,video-sobre-prechimento-de-areas-duracao-1300-d87e5f,cores-e-tipos-de-imagens,introducao-e-exemplos-de-aplicacoes,0,0,1
CTRL_ALEAT_LIMPO_2,sub_primaria,CG,pagina-com-videos-sobre-fundamentos-matematicos-para-computacao-grafica-d1d4a9,pagina-com-videos-sobre-fundamentos-matematicos-para-computacao-grafica-d1d4a9,algoritmos-de-poligonos,algoritmos-de-deteccao-e-calculo-de-interseccao,0,0,1
CTRL_ALEAT_LIMPO_2,sub_primaria,CG,videos-sobre-algoritmos-de-detecao-de-colisao-bd7d84,videos-sobre-algoritmos-de-detecao-de-colisao-bd7d84,,algoritmos-de-deteccao-e-calculo-de-interseccao,0,1,1
CTRL_ALEAT_LIMPO_2,sub_primaria,CG,pagina-com-videos-sobre-mapeamento-9f410e,pagina-com-videos-sobre-mapeamento-9f410e,recorte,,0,0,1
CTRL_ALEAT_LIMPO_2,sub_primaria,CG,pagina-com-videos-sobre-curvas-parametricas-63d902,pagina-com-videos-sobre-curvas-parametricas-63d902,hermite,varredura,0,0,1
CTRL_ALEAT_LIMPO_2,sub_primaria,CG,pagina-com-videos-sobre-manipulacao-de-imagens-61ddde,pagina-com-videos-sobre-manipulacao-de-imagens-61ddde,cores-e-tipos-de-imagens,introducao-e-exemplos-de-aplicacoes,1,0,1
CTRL_ALEAT_LIMPO_2,sub_primaria,CG,pagina-com-videos-sobre-introducao-ao-processamento-de-imagens-61f156,pagina-com-videos-sobre-introducao-ao-processamento-de-imagens-61f156,filtros,introducao-e-exemplos-de-aplicacoes,0,1,1
CTRL_ALEAT_LIMPO_2,sub_primaria,CG,pagina-com-videos-sobre-visualizacao-3d-35a833,pagina-com-videos-sobre-visualizacao-3d-35a833,,perspectiva,0,0,1
CTRL_ALEAT_LIMPO_2,sub_primaria,CG,pagina-com-videos-sobre-sintese-de-imagens-realisticas-a6d9ea,pagina-com-videos-sobre-sintese-de-imagens-realisticas-a6d9ea,mapeamento-de-textura,modelos-de-reflexao-ambiente-difusa-especular,0,0,1
CTRL_ALEAT_LIMPO_2,sub_primaria,FR,03-tipos-de-redes,03-tipos-de-redes,conceito-de-protocolo-de-redes-pessoais-locais-metropolitanas-e-de-longa-distancia,modelos-osi-e-tcpip,1,0,1
CTRL_ALEAT_LIMPO_2,sub_primaria,FR,unidade1-exercicios,unidade1-exercicios,,modelos-osi-e-tcpip,0,1,1
CTRL_ALEAT_LIMPO_2,sub_primaria,FR,04-camada-de-aplicacao,04-camada-de-aplicacao,protocolos-de-aplicacao-para-o-usuario-http-https-smtp-pop3-imap,implementacao-de-sockets,0,0,1
CTRL_ALEAT_LIMPO_2,sub_primaria,FR,04-protocolo-http,04-protocolo-http,paradigmas-clienteservidor-e-p2p,implementacao-de-sockets,0,0,1
CTRL_ALEAT_LIMPO_2,sub_primaria,FR,05-protocolo-dns,05-protocolo-dns,protocolos-de-aplicacao-para-o-usuario-http-https-smtp-pop3-imap,implementacao-de-sockets,0,0,1
CTRL_ALEAT_LIMPO_2,sub_primaria,FR,07-protocolos-de-e-mail,07-protocolos-de-e-mail,protocolos-de-aplicacao-para-o-usuario-http-https-smtp-pop3-imap,protocolos-de-aplicacao-para-infraestrutura-dns-dhcp-snmp-nat,1,0,1
CTRL_ALEAT_LIMPO_2,sub_primaria,FR,08-desenvolvimento-de-aplicacoes,08-desenvolvimento-de-aplicacoes,,protocolos-de-aplicacao-para-infraestrutura-dns-dhcp-snmp-nat,0,0,1
CTRL_ALEAT_LIMPO_2,sub_primaria,FR,lista-de-exercicios-1-camada-de-aplicacao,lista-de-exercicios-1-camada-de-aplicacao,paradigmas-clienteservidor-e-p2p,protocolos-de-aplicacao-para-infraestrutura-dns-dhcp-snmp-nat,0,0,1
CTRL_ALEAT_LIMPO_2,sub_primaria,FR,unidade2-exercicios-dns,unidade2-exercicios-dns,protocolos-de-aplicacao-para-infraestrutura-dns-dhcp-snmp-nat,implementacao-de-sockets,1,0,1
CTRL_ALEAT_LIMPO_2,sub_primaria,FR,unidade2-exercicios-http,unidade2-exercicios-http,paradigmas-clienteservidor-e-p2p,implementacao-de-sockets,0,0,1
CTRL_ALEAT_LIMPO_2,sub_primaria,FR,tcp-chat-c,tcp-chat-c,paradigmas-clienteservidor-e-p2p,implementacao-de-sockets,0,1,1
CTRL_ALEAT_LIMPO_2,sub_primaria,FR,tcp-example,tcp-example,paradigmas-clienteservidor-e-p2p,protocolos-de-aplicacao-para-infraestrutura-dns-dhcp-snmp-nat,0,0,1
CTRL_ALEAT_LIMPO_2,sub_primaria,FR,udp-example-c,udp-example-c,paradigmas-clienteservidor-e-p2p,protocolos-de-aplicacao-para-o-usuario-http-https-smtp-pop3-imap,0,0,1
CTRL_ALEAT_LIMPO_2,sub_primaria,FR,udp-example-java,udp-example-java,paradigmas-clienteservidor-e-p2p,protocolos-de-aplicacao-para-o-usuario-http-https-smtp-pop3-imap,0,0,1
CTRL_ALEAT_LIMPO_2,unidade,IA,o-que-é-inteligência-artificial-ia-oracle-brasil-43437f,o-que-é-inteligência-artificial-ia-oracle-brasil-43437f,unidade-de-aprendizagem-02-solucao-de-problemas,unidade-de-aprendizagem-05-aprendizado-de-maquina,0,0,1
CTRL_ALEAT_LIMPO_2,unidade,CG,opengl-cpp,opengl-cpp,unidade-01-introducao-ao-processamento-grafico,unidade-02-fundamentos-matematicos,1,0,1
CTRL_ALEAT_LIMPO_2,unidade,CG,texturas-v3,texturas-v3,unidade-01-introducao-ao-processamento-grafico,unidade-08-sintese-de-imagens-realisticas,0,1,1
CTRL_ALEAT_LIMPO_3,sub_aceita,MF,exerciciosformalizacaoalgoritmosrecursao3,exerciciosformalizacaoalgoritmosrecursao3,especificacao-de-funcoes-recursivas,sistemas-formais,1,0,1
CTRL_ALEAT_LIMPO_3,sub_aceita,MF,conjuntosindutivos,conjuntosindutivos,especificacao-de-conjuntos-indutivos,exemplos-de-aplicacoes,1,0,1
CTRL_ALEAT_LIMPO_3,sub_aceita,MF,logicapredicados-sintaxe,logicapredicados-sintaxe,fundamentos-de-logica-de-primeira-ordem,especificacao-de-funcoes-recursivas,1,0,1
CTRL_ALEAT_LIMPO_3,sub_aceita,MF,logicaproposicional-sintaxe,logicaproposicional-sintaxe,,especificacao-de-conjuntos-indutivos,0,0,1
CTRL_ALEAT_LIMPO_3,sub_aceita,MF,introducao,introducao,abordagens-para-verificacao-formal,fundamentos-de-logica-de-primeira-ordem,1,0,1
CTRL_ALEAT_LIMPO_3,sub_aceita,MF,exerciciosespecificacao-respostas,exerciciosespecificacao-respostas,linguagens-de-especificacao-e-logicas,especificacao-de-funcoes-recursivas,1,0,1
CTRL_ALEAT_LIMPO_3,sub_aceita,MF,exerciciosespecificacao,exerciciosespecificacao,linguagens-de-especificacao-e-logicas,especificacao-de-funcoes-recursivas,1,0,1
CTRL_ALEAT_LIMPO_3,sub_aceita,MF,exerciciosformalizacaoalgoritmosrecursao2,exerciciosformalizacaoalgoritmosrecursao2,especificacao-de-funcoes-recursivas,sistemas-formais,1,0,1
CTRL_ALEAT_LIMPO_3,sub_aceita,MF,logicaproposicional-semantica,logicaproposicional-semantica,,especificacao-de-conjuntos-indutivos,0,0,1
CTRL_ALEAT_LIMPO_3,sub_aceita,MF,exerciciosformalizacaoalgoritmosrecursao-respostas,exerciciosformalizacaoalgoritmosrecursao-respostas,especificacao-de-funcoes-recursivas,especificacao-de-conjuntos-indutivos,1,0,1
CTRL_ALEAT_LIMPO_3,sub_aceita,MF,formalizacaoalgoritmos-recursao,formalizacaoalgoritmos-recursao,especificacao-de-funcoes-recursivas,sistemas-formais,1,0,1
CTRL_ALEAT_LIMPO_3,sub_aceita,MF,formalizacaoalgoritmos-recursao3,formalizacaoalgoritmos-recursao3,especificacao-de-funcoes-recursivas,sistemas-formais,1,0,1
CTRL_ALEAT_LIMPO_3,sub_aceita,MF,exerciciosisabelle,exerciciosisabelle,provadores-de-teoremas,especificacao-de-funcoes-recursivas,1,1,1
CTRL_ALEAT_LIMPO_3,sub_aceita,MF,exerciciosformalizacaoalgoritmosrecursao,exerciciosformalizacaoalgoritmosrecursao,especificacao-de-funcoes-recursivas,sistemas-formais,1,0,1
CTRL_ALEAT_LIMPO_3,sub_aceita,MF,arvores,arvores,abordagens-para-verificacao-formal,especificacao-de-funcoes-recursivas,0,1,1
CTRL_ALEAT_LIMPO_3,sub_aceita,MF,intro,intro,abordagens-para-verificacao-formal,especificacao-de-funcoes-recursivas,0,1,1
CTRL_ALEAT_LIMPO_3,sub_aceita,MF,listas,listas,abordagens-para-verificacao-formal,especificacao-de-funcoes-recursivas,0,1,1
CTRL_ALEAT_LIMPO_3,sub_aceita,MF,provas,provas,abordagens-para-verificacao-formal,especificacao-de-funcoes-recursivas,0,1,1
CTRL_ALEAT_LIMPO_3,sub_aceita,MF,exercicioscorrecaoterminacao,exercicioscorrecaoterminacao,invariante-e-variante-de-laco,sistema-de-prova,1,0,1
CTRL_ALEAT_LIMPO_3,sub_aceita,MF,logicadehoare2,logicadehoare2,invariante-e-variante-de-laco,correcao-parcial-e-total,1,0,1
CTRL_ALEAT_LIMPO_3,sub_aceita,MF,exerciciosdafny1,exerciciosdafny1,correcao-parcial-e-total,logica-de-hoare,0,0,1
CTRL_ALEAT_LIMPO_3,sub_aceita,MF,exerciciosdafny2,exerciciosdafny2,pre-e-pos-condicoes,logica-de-hoare,0,0,1
CTRL_ALEAT_LIMPO_3,sub_aceita,MF,exerciciosdafny3,exerciciosdafny3,,logica-de-hoare,0,0,1
CTRL_ALEAT_LIMPO_3,sub_aceita,MF,exerciciosdafny4,exerciciosdafny4,correcao-parcial-e-total,logica-de-hoare,0,0,1
CTRL_ALEAT_LIMPO_3,sub_aceita,MF,exerciciosdafny5,exerciciosdafny5,correcao-parcial-e-total,softwares-de-suporte-a-verificacao-formal-de-programas,0,1,1
CTRL_ALEAT_LIMPO_3,sub_aceita,MF,verificacaomodelos,verificacaomodelos,verificacao-de-modelos-model-checking,especificacao-de-propriedades-para-sistemas-sequenciais-e-concorrentes,1,1,1
CTRL_ALEAT_LIMPO_3,sub_aceita,MF,exercicioslogicatemporal,exercicioslogicatemporal,modelos-de-kripke,especificacao-de-propriedades-para-sistemas-sequenciais-e-concorrentes,0,0,1
CTRL_ALEAT_LIMPO_3,sub_aceita,MF,exerciciosnusmv,exerciciosnusmv,,softwares-de-suporte-a-verificacao-formal-de-modelos,0,1,1
CTRL_ALEAT_LIMPO_3,sub_aceita,MF,classes-parte1,classes-parte1,invariante-e-variante-de-laco,logica-de-hoare,0,0,1
CTRL_ALEAT_LIMPO_3,sub_aceita,MF,colecoes-arrays,colecoes-arrays,,logica-de-hoare,0,0,1
CTRL_ALEAT_LIMPO_3,sub_aceita,MF,colecoes-conjuntos,colecoes-conjuntos,,logica-de-hoare,0,0,1
CTRL_ALEAT_LIMPO_3,sub_aceita,MF,colecoes-sequences,colecoes-sequences,,logica-de-hoare,0,0,1
CTRL_ALEAT_LIMPO_3,sub_aceita,MF,exercicios-conjuntos,exercicios-conjuntos,,logica-de-hoare,0,0,1
CTRL_ALEAT_LIMPO_3,sub_aceita,MF,hoare,hoare,correcao-parcial-e-total,logica-de-hoare,0,1,1
CTRL_ALEAT_LIMPO_3,sub_aceita,MF,introducao-zip,introducao-zip,,logica-de-hoare,0,0,1
CTRL_ALEAT_LIMPO_3,sub_aceita,MF,invariantes,invariantes,sistema-de-prova,correcao-parcial-e-total,0,0,1
CTRL_ALEAT_LIMPO_3,sub_aceita,MF,terminacao,terminacao,,sistema-de-prova,0,0,1
CTRL_ALEAT_LIMPO_3,sub_aceita,MF,exemplos-zip,exemplos,maquinas-de-estado,modelos-de-kripke,0,0,1
CTRL_ALEAT_LIMPO_3,sub_aceita,MF,exerciciosformalizacaoalgoritmosrecursao3-respostas,exerciciosformalizacaoalgoritmosrecursao3-respostas,especificacao-de-funcoes-recursivas,especificacao-de-conjuntos-indutivos,1,0,1
CTRL_ALEAT_LIMPO_3,sub_aceita,MF,classes-parte2,classes-parte2,invariante-e-variante-de-laco,logica-de-hoare,1,0,1
CTRL_ALEAT_LIMPO_3,sub_aceita,MF,exercicios-arrays,exercicios-arrays,sistema-de-prova,logica-de-hoare,0,0,1
CTRL_ALEAT_LIMPO_3,sub_aceita,SO,2403-escalonamento-de-processos,2403-escalonamento-de-processos,escalonamento,conceitos-basicos,1,0,1
CTRL_ALEAT_LIMPO_3,sub_aceita,SO,2603-algoritmos-de-escalonamento,2603-algoritmos-de-escalonamento,algoritmos-de-escalonamento,conceitos-basicos,1,0,1
CTRL_ALEAT_LIMPO_3,sub_aceita,SO,exercicios,exercicios,,conceitos-basicos,0,0,1
CTRL_ALEAT_LIMPO_3,sub_aceita,SO,definicao-e-historico,definicao-e-historico,servicos-dos-sistemas-operacionais,evolucao-historica,1,1,1
CTRL_ALEAT_LIMPO_3,sub_aceita,SO,1703-chamada-de-sistema,1703-chamada-de-sistema,chamadas-de-sistema,evolucao-historica,1,0,1
CTRL_ALEAT_LIMPO_3,sub_aceita,SO,1903-estruturas-de-controle,1903-estruturas-de-controle,escalonamento,conceitos-basicos,0,1,1
CTRL_ALEAT_LIMPO_3,sub_aceita,SO,exemplo-criacao-de-processos-no-unix-linux-filho,exemplo-criacao-de-processos-no-unix-linux-filho,,evolucao-historica,0,0,1
CTRL_ALEAT_LIMPO_3,sub_aceita,SO,exemplo-criacao-de-processos-no-unix-linux-teste01,exemplo-criacao-de-processos-no-unix-linux-teste01,chamadas-de-sistema,evolucao-historica,1,0,1
CTRL_ALEAT_LIMPO_3,sub_aceita,SO,exemplo-criacao-de-processos-no-unix-linux-teste02,exemplo-criacao-de-processos-no-unix-linux-teste02,chamadas-de-sistema,evolucao-historica,1,0,1
CTRL_ALEAT_LIMPO_3,sub_aceita,SO,exemplo-criacao-de-processos-no-unix-linux-teste03,exemplo-criacao-de-processos-no-unix-linux-teste03,chamadas-de-sistema,evolucao-historica,1,0,1
CTRL_ALEAT_LIMPO_3,sub_aceita,SO,3103-threads,3103-threads,escalonamento,conceitos-basicos,0,0,1
CTRL_ALEAT_LIMPO_3,sub_aceita,SO,exemplo-threads-em-c-exemplo1,exemplo-threads-em-c-exemplo1,,conceitos-basicos,0,0,1
CTRL_ALEAT_LIMPO_3,sub_aceita,SO,exemplo-threads-em-c-exemplo2,exemplo-threads-em-c-exemplo2,,conceitos-basicos,0,0,1
CTRL_ALEAT_LIMPO_3,sub_aceita,SO,exemplo-threads-em-c-exemplo3,exemplo-threads-em-c-exemplo3,,conceitos-basicos,0,0,1
CTRL_ALEAT_LIMPO_3,sub_aceita,IA,arvores-de-decisao,arvores-de-decisao,introducao-ao-aprendizado-de-maquina,metricas-de-avaliacao,0,0,1
CTRL_ALEAT_LIMPO_3,sub_aceita,IA,aula-sobre-agrupamento-parte-1-particional,aula-sobre-agrupamento-parte-1-particional,introducao-ao-aprendizado-de-maquina,modelos-descritivos,0,1,1
CTRL_ALEAT_LIMPO_3,sub_aceita,IA,caracteristicas-dos-dados,caracteristicas-dos-dados,introducao-ao-aprendizado-de-maquina,modelos-preditivos,1,0,1
CTRL_ALEAT_LIMPO_3,sub_aceita,IA,algoritmo-de-classificacao-k-nn,algoritmo-de-classificacao-k-nn,introducao-ao-aprendizado-de-maquina,metricas-de-avaliacao,0,0,1
CTRL_ALEAT_LIMPO_3,sub_aceita,IA,analise-exploratoria-dos-dados-exemplo-2,analise-exploratoria-dos-dados-exemplo-2,introducao-ao-aprendizado-de-maquina,modelos-preditivos,1,0,1
CTRL_ALEAT_LIMPO_3,sub_aceita,IA,artigo-usando-k-nn-em-texto,artigo-usando-k-nn-em-texto,introducao-ao-aprendizado-de-maquina,metricas-de-avaliacao,0,0,1
CTRL_ALEAT_LIMPO_3,sub_aceita,IA,exemplo-de-programa-com-k-nn-em-java,exemplo-de-programa-com-k-nn-em-java,introducao-ao-aprendizado-de-maquina,metricas-de-avaliacao,0,0,1
CTRL_ALEAT_LIMPO_3,sub_aceita,IA,introducao-a-redes-neurais,introducao-a-redes-neurais,introducao-ao-aprendizado-de-maquina,modelos-preditivos,0,1,1
CTRL_ALEAT_LIMPO_3,sub_aceita,IA,rede-perceptron-e-equacao-de-reta,rede-perceptron-e-equacao-de-reta,introducao-ao-aprendizado-de-maquina,modelos-preditivos,0,1,1
CTRL_ALEAT_LIMPO_3,sub_aceita,IA,agrupamento-usando-k-means-exemplo-1-ipynb,agrupamento-usando-k-means-exemplo-1-ipynb,introducao-ao-aprendizado-de-maquina,modelos-descritivos,0,1,1
CTRL_ALEAT_LIMPO_3,sub_aceita,IA,agrupamento-usando-k-means-exemplo-2-ipynb,agrupamento-usando-k-means-exemplo-2-ipynb,introducao-ao-aprendizado-de-maquina,modelos-descritivos,0,1,1
CTRL_ALEAT_LIMPO_3,sub_aceita,IA,artigo-usando-agrupamento,artigo-usando-agrupamento,introducao-ao-aprendizado-de-maquina,modelos-descritivos,0,1,1
CTRL_ALEAT_LIMPO_3,sub_aceita,IA,survey-on-clustering,survey-on-clustering,introducao-ao-aprendizado-de-maquina,modelos-preditivos,0,0,1
CTRL_ALEAT_LIMPO_3,sub_aceita,IA,analise-exploratoria-de-dados-exemplo-1,analise-exploratoria-de-dados-exemplo-1,introducao-ao-aprendizado-de-maquina,modelos-preditivos,1,0,1
CTRL_ALEAT_LIMPO_3,sub_aceita,IA,exemplo-2-k-nn-com-iriscsv-mais-completo,exemplo-2-k-nn-com-iriscsv-mais-completo,introducao-ao-aprendizado-de-maquina,metricas-de-avaliacao,0,0,1
CTRL_ALEAT_LIMPO_3,sub_aceita,IA,exemplo-com-k-nn,exemplo-com-k-nn,introducao-ao-aprendizado-de-maquina,metricas-de-avaliacao,0,0,1
CTRL_ALEAT_LIMPO_3,sub_aceita,IA,exercicio-2-solucao-com-rede-perceptron-atualizado,exercicio-2-solucao-com-rede-perceptron-atualizado,introducao-ao-aprendizado-de-maquina,modelos-preditivos,0,1,1
CTRL_ALEAT_LIMPO_3,sub_aceita,IA,k-nn-para-classificacao-exemplo-cardio,k-nn-para-classificacao-exemplo-cardio,introducao-ao-aprendizado-de-maquina,metricas-de-avaliacao,0,0,1
CTRL_ALEAT_LIMPO_3,sub_aceita,IA,k-nn-para-regressao-exemplo-imc,k-nn-para-regressao-exemplo-imc,introducao-ao-aprendizado-de-maquina,metricas-de-avaliacao,0,0,1
CTRL_ALEAT_LIMPO_3,sub_aceita,IA,rede-perceptron-classificacao-planta-iris,rede-perceptron-classificacao-planta-iris,introducao-ao-aprendizado-de-maquina,modelos-preditivos,0,1,1
CTRL_ALEAT_LIMPO_3,sub_aceita,IA,rede-perceptron-classificacao-de-cliente,rede-perceptron-classificacao-de-cliente,introducao-ao-aprendizado-de-maquina,modelos-preditivos,0,1,1
CTRL_ALEAT_LIMPO_3,sub_aceita,IA,rede-perceptron-exemplo-atualizado,rede-perceptron-exemplo-atualizado,introducao-ao-aprendizado-de-maquina,modelos-preditivos,0,1,1
CTRL_ALEAT_LIMPO_3,sub_aceita,IA,rede-perceptron-or-em-python,rede-perceptron-or-em-python,introducao-ao-aprendizado-de-maquina,modelos-preditivos,0,1,1
CTRL_ALEAT_LIMPO_3,sub_aceita,IA,rede-perceptron-reconhecendo-letras,rede-perceptron-reconhecendo-letras,introducao-ao-aprendizado-de-maquina,modelos-preditivos,0,1,1
CTRL_ALEAT_LIMPO_3,sub_aceita,IA,mlp-classificacao-inadimplencia-normalizacao-e-gridsearchcv,mlp-classificacao-inadimplencia-normalizacao-e-gridsearchcv,introducao-ao-aprendizado-de-maquina,metricas-de-avaliacao,0,1,1
CTRL_ALEAT_LIMPO_3,sub_aceita,IA,mlp-classificacao-iris-atualizado,mlp-classificacao-iris-atualizado,introducao-ao-aprendizado-de-maquina,metricas-de-avaliacao,0,0,1
CTRL_ALEAT_LIMPO_3,sub_aceita,IA,mlp-regressao-cardio,mlp-regressao-cardio,introducao-ao-aprendizado-de-maquina,metricas-de-avaliacao,0,0,1
CTRL_ALEAT_LIMPO_3,sub_aceita,IA,xor-backpropagation-em-python,xor-backpropagation-em-python,introducao-ao-aprendizado-de-maquina,paradigmas-de-aprendizado,0,0,1
CTRL_ALEAT_LIMPO_3,sub_aceita,IA,exemplo-1-arvores-de-decisao-classificacao-planta-iris,exemplo-1-arvores-de-decisao-classificacao-planta-iris,introducao-ao-aprendizado-de-maquina,metricas-de-avaliacao,0,0,1
CTRL_ALEAT_LIMPO_3,sub_aceita,IA,exemplo-2-arvores-de-decisao-regressao-diabetes,exemplo-2-arvores-de-decisao-regressao-diabetes,introducao-ao-aprendizado-de-maquina,metricas-de-avaliacao,0,0,1
CTRL_ALEAT_LIMPO_3,sub_aceita,ES2,revisaoarquiteturapadroes,revisaoarquiteturapadroes,estilos-e-padroes-arquiteturais,camadas,1,0,1
CTRL_ALEAT_LIMPO_3,sub_aceita,ES2,microsservicos2,microsservicos2,estilos-e-padroes-arquiteturais,orientada-a-microsservicos,0,0,1
CTRL_ALEAT_LIMPO_3,sub_aceita,ES2,microsservicos3,microsservicos3,estilos-e-padroes-arquiteturais,orientada-a-microsservicos,0,0,1
CTRL_ALEAT_LIMPO_3,sub_aceita,ES2,roteiro1-introducao,roteiro1-introducao,estilos-e-padroes-arquiteturais,orientada-a-microsservicos,0,1,1
CTRL_ALEAT_LIMPO_3,sub_aceita,ES2,roteiro2-nameserver,roteiro2-nameserver,estilos-e-padroes-arquiteturais,orientada-a-microsservicos,0,0,1
CTRL_ALEAT_LIMPO_3,sub_aceita,ES2,web,web,cliente-servidor,orientada-a-microsservicos,1,0,1
CTRL_ALEAT_LIMPO_3,sub_aceita,ES2,microsservicos5,microsservicos5,entrega-continua-cd,gerenciamento-da-configuracao,0,0,1
CTRL_ALEAT_LIMPO_3,sub_aceita,ES2,microsservicos6,microsservicos6,gerenciamento-da-configuracao,estudo-de-caso-integracao-e-implantacao-de-microsservicos,0,1,1
CTRL_ALEAT_LIMPO_3,sub_aceita,ES2,roteiro1,roteiro1,,orientada-a-microsservicos,0,0,1
CTRL_ALEAT_LIMPO_3,sub_aceita,ES2,roteiro2,roteiro2,,orientada-a-microsservicos,0,0,1
CTRL_ALEAT_LIMPO_3,sub_aceita,ES2,roteiro3,roteiro3,,orientada-a-microsservicos,0,0,1
CTRL_ALEAT_LIMPO_3,sub_aceita,ES2,roteiro4-circuitbreaker,roteiro4-circuitbreaker,estilos-e-padroes-arquiteturais,orientada-a-microsservicos,0,0,1
CTRL_ALEAT_LIMPO_3,sub_aceita,ES2,roteiro6-conteiners-composicao,roteiro6-conteiners-composicao,gerenciamento-da-configuracao,estudo-de-caso-integracao-e-implantacao-de-microsservicos,0,1,1
CTRL_ALEAT_LIMPO_3,sub_aceita,ES2,roteiro7-filas,roteiro7-filas,gerenciamento-da-configuracao,estudo-de-caso-integracao-e-implantacao-de-microsservicos,0,1,1
CTRL_ALEAT_LIMPO_3,sub_aceita,ES2,roteiro8-autenticacao-autorizacao,roteiro8-autenticacao-autorizacao,gerenciamento-da-configuracao,estudo-de-caso-integracao-e-implantacao-de-microsservicos,0,1,1
CTRL_ALEAT_LIMPO_3,sub_aceita,ES2,microsservicos,microsservicos,estilos-e-padroes-arquiteturais,orientada-a-microsservicos,0,1,1
CTRL_ALEAT_LIMPO_3,sub_aceita,ES2,microsservicos4,microsservicos4,estilos-e-padroes-arquiteturais,orientada-a-microsservicos,0,0,1
CTRL_ALEAT_LIMPO_3,sub_aceita,ES2,roteiro3-gateway,roteiro3-gateway,cliente-servidor,orientada-a-microsservicos,0,0,1
CTRL_ALEAT_LIMPO_3,sub_aceita,ES2,devops,devops,integracao-continua-ci,estudo-de-caso-integracao-e-implantacao-de-microsservicos,0,0,1
CTRL_ALEAT_LIMPO_3,sub_aceita,ES2,roteiro4,roteiro4,,orientada-a-microsservicos,0,0,1
CTRL_ALEAT_LIMPO_3,sub_aceita,TCC,t1-enunciado,t1-enunciado,funcoes-recursivas-primitivas-e-funcoes-recursivas-parciais,argumento-diagonal-de-cantor-e-conjuntos-incontaveis,1,1,1
CTRL_ALEAT_LIMPO_3,sub_aceita,TCC,aula-01-apresentacao-da-disciplina-revisao-de-teoria-de-conjuntos-e-enumerabilidade,aula-01-apresentacao-da-disciplina-revisao-de-teoria-de-conjuntos-e-enumerabilidade,,argumento-diagonal-de-cantor-e-conjuntos-incontaveis,0,0,1
CTRL_ALEAT_LIMPO_3,sub_aceita,TCC,aula-02-conjuntos-enumeraveis-e-nao-enumeraveis-argumento-da-diagonalizacao-de-cantor,aula-02-conjuntos-enumeraveis-e-nao-enumeraveis-argumento-da-diagonalizacao-de-cantor,conjuntos-enumeraveis,funcoes-recursivas-primitivas-e-funcoes-recursivas-parciais,1,0,1
CTRL_ALEAT_LIMPO_3,sub_aceita,TCC,aula-03-funcoes-recursivas-primitivas-e-composicao-de-funcoes,aula-03-funcoes-recursivas-primitivas-e-composicao-de-funcoes,funcoes-recursivas-primitivas-e-funcoes-recursivas-parciais,argumento-diagonal-de-cantor-e-conjuntos-incontaveis,1,0,1
CTRL_ALEAT_LIMPO_3,sub_aceita,CG,modelagem3d,modelagem3d,representacao-aramada,formas-de-representacao,1,1,1
CTRL_ALEAT_LIMPO_3,sub_aceita,CG,atividade,atividade,,algoritmo-z-buffer,0,0,1
CTRL_ALEAT_LIMPO_3,sub_aceita,CG,basico3d-py,basico3d-py,pipeline-de-visualizacao-3d,a-matematica-das-projecoes-planares,1,0,1
CTRL_ALEAT_LIMPO_3,sub_aceita,CG,opengl3d,opengl3d,,a-matematica-das-projecoes-planares,0,0,1
CTRL_ALEAT_LIMPO_3,sub_aceita,CG,opengl3dcpp-vdi,opengl3dcpp-vdi,algoritmo-z-buffer,a-matematica-das-projecoes-planares,0,0,1
CTRL_ALEAT_LIMPO_3,sub_aceita,CG,opengl3dcpp,opengl3dcpp,algoritmo-z-buffer,a-matematica-das-projecoes-planares,0,0,1
CTRL_ALEAT_LIMPO_3,sub_aceita,CG,vis3d,vis3d,,a-matematica-das-projecoes-planares,0,1,1
CTRL_ALEAT_LIMPO_3,sub_aceita,CG,basico3d-cpp,basico3d-cpp,algoritmos-de-poligonos,algoritmos-de-geometria-computacional,0,0,1
CTRL_ALEAT_LIMPO_3,sub_aceita,CG,basico3d-py-zip,basico3d-py-zip,operacoes-com-vetores,,0,0,1
CTRL_ALEAT_LIMPO_3,sub_aceita,CG,exerciciodemodelagem,exerciciodemodelagem,tecnicas-de-modelagem-3d,bezier-e-algoritmo-de-casteljau,1,0,1
CTRL_ALEAT_LIMPO_3,sub_aceita,CG,exemplozbuffer,exemplozbuffer,algoritmo-z-buffer,algoritmos-de-remocao-de-elementos-ocultos,1,0,1
CTRL_ALEAT_LIMPO_3,sub_aceita,CG,opengl-py,opengl-py,conceitos,origens,0,0,1
CTRL_ALEAT_LIMPO_3,sub_aceita,CG,openglbasico,openglbasico,introducao-e-exemplos-de-aplicacoes,entidades-geometricas,0,0,1
CTRL_ALEAT_LIMPO_3,sub_aceita,CG,exercicio-com-poligonos,exercicio-com-poligonos,algoritmos-de-poligonos,,1,0,1
CTRL_ALEAT_LIMPO_3,sub_aceita,CG,fundamentosmatematicos,fundamentosmatematicos,operacoes-com-vetores,entidades-geometricas,1,1,1
CTRL_ALEAT_LIMPO_3,sub_aceita,CG,matematica,matematica,,algoritmos-de-geometria-computacional,0,0,1
CTRL_ALEAT_LIMPO_3,sub_aceita,CG,animacao-v2,animacao-v2,desenho-de-linhas,,0,1,1
CTRL_ALEAT_LIMPO_3,sub_aceita,CG,mapeamento,mapeamento,recorte,sistema-de-coordenadas-cartesianas,0,1,1
CTRL_ALEAT_LIMPO_3,sub_aceita,CG,transformacoesgeometricas,transformacoesgeometricas,recorte,2d-3d-mao-direita-e-mao-esquerda,0,0,1
CTRL_ALEAT_LIMPO_3,sub_aceita,CG,transformacoesgl,transformacoesgl,sistema-de-coordenadas-cartesianas,recorte,0,0,1
CTRL_ALEAT_LIMPO_3,sub_aceita,CG,vis2d,vis2d,recorte,sistema-de-coordenadas-cartesianas,1,1,1
CTRL_ALEAT_LIMPO_3,sub_aceita,CG,bezier-animacao,bezier-animacao,bezier-e-algoritmo-de-casteljau,,1,0,1
CTRL_ALEAT_LIMPO_3,sub_aceita,CG,bezier-cpp,bezier-cpp,bezier-e-algoritmo-de-casteljau,representacao-de-curvas-parametricas,1,1,1
CTRL_ALEAT_LIMPO_3,sub_aceita,CG,bezier-py,bezier-py,bezier-e-algoritmo-de-casteljau,representacao-de-curvas-parametricas,1,1,1
CTRL_ALEAT_LIMPO_3,sub_aceita,CG,curvas,curvas,hermite,geometria-solida-construtiva-csg,1,0,1
CTRL_ALEAT_LIMPO_3,sub_aceita,CG,curvasparametricas,curvasparametricas,representacao-de-curvas-parametricas,b-spline,1,1,1
CTRL_ALEAT_LIMPO_3,sub_aceita,CG,exercicios-sobre-curvas,exercicios-sobre-curvas,hermite,geometria-solida-construtiva-csg,0,0,1
CTRL_ALEAT_LIMPO_3,sub_aceita,CG,floodfill,floodfill,cores-e-tipos-de-imagens,segmentacao,0,1,1
CTRL_ALEAT_LIMPO_3,sub_aceita,CG,img,img,cores-e-tipos-de-imagens,segmentacao,1,0,1
CTRL_ALEAT_LIMPO_3,sub_aceita,CG,remocaoderuido,remocaoderuido,cores-e-tipos-de-imagens,segmentacao,0,0,1
CTRL_ALEAT_LIMPO_3,sub_aceita,CG,exercicios-de-processamento-de-imagens,exercicios-de-processamento-de-imagens,cores-e-tipos-de-imagens,segmentacao,1,1,1
CTRL_ALEAT_LIMPO_3,sub_aceita,CG,introducaoprocimg,introducaoprocimg,filtros,segmentacao,1,0,1
CTRL_ALEAT_LIMPO_3,sub_aceita,CG,exercicios-sobre-curvas-html,exercicios-sobre-curvas-html,hermite,geometria-solida-construtiva-csg,0,0,1
CTRL_ALEAT_LIMPO_3,sub_aceita,CG,planesweep,planesweep,algoritmos-de-geometria-computacional,algoritmos-de-deteccao-e-calculo-de-interseccao,1,0,1
CTRL_ALEAT_LIMPO_3,sub_aceita,CG,exercicioduascores,exercicioduascores,cores-e-tipos-de-imagens,segmentacao,1,0,1
CTRL_ALEAT_LIMPO_3,sub_aceita,CG,video-sobre-mapeamento-em-opengl-1dad3c,video-sobre-mapeamento-em-opengl-1dad3c,recorte,sistema-de-coordenadas-cartesianas,0,1,1
CTRL_ALEAT_LIMPO_3,sub_aceita,CG,video-sobre-prechimento-de-areas-duracao-1300-d87e5f,video-sobre-prechimento-de-areas-duracao-1300-d87e5f,cores-e-tipos-de-imagens,segmentacao,0,1,1
CTRL_ALEAT_LIMPO_3,sub_aceita,CG,pagina-com-videos-sobre-fundamentos-matematicos-para-computacao-grafica-d1d4a9,pagina-com-videos-sobre-fundamentos-matematicos-para-computacao-grafica-d1d4a9,algoritmos-de-poligonos,entidades-geometricas,0,1,1
CTRL_ALEAT_LIMPO_3,sub_aceita,CG,videos-sobre-algoritmos-de-detecao-de-colisao-bd7d84,videos-sobre-algoritmos-de-detecao-de-colisao-bd7d84,,algoritmos-de-deteccao-e-calculo-de-interseccao,0,1,1
CTRL_ALEAT_LIMPO_3,sub_aceita,CG,pagina-com-videos-sobre-mapeamento-9f410e,pagina-com-videos-sobre-mapeamento-9f410e,recorte,,0,0,1
CTRL_ALEAT_LIMPO_3,sub_aceita,CG,pagina-com-videos-sobre-curvas-parametricas-63d902,pagina-com-videos-sobre-curvas-parametricas-63d902,hermite,geometria-solida-construtiva-csg,0,0,1
CTRL_ALEAT_LIMPO_3,sub_aceita,CG,pagina-com-videos-sobre-manipulacao-de-imagens-61ddde,pagina-com-videos-sobre-manipulacao-de-imagens-61ddde,cores-e-tipos-de-imagens,introducao-e-exemplos-de-aplicacoes,1,0,1
CTRL_ALEAT_LIMPO_3,sub_aceita,CG,pagina-com-videos-sobre-introducao-ao-processamento-de-imagens-61f156,pagina-com-videos-sobre-introducao-ao-processamento-de-imagens-61f156,filtros,segmentacao,1,0,1
CTRL_ALEAT_LIMPO_3,sub_aceita,CG,pagina-com-videos-sobre-visualizacao-3d-35a833,pagina-com-videos-sobre-visualizacao-3d-35a833,,a-matematica-das-projecoes-planares,0,0,1
CTRL_ALEAT_LIMPO_3,sub_aceita,CG,pagina-com-videos-sobre-sintese-de-imagens-realisticas-a6d9ea,pagina-com-videos-sobre-sintese-de-imagens-realisticas-a6d9ea,mapeamento-de-textura,modelos-de-reflexao-ambiente-difusa-especular,0,1,1
CTRL_ALEAT_LIMPO_3,sub_aceita,FR,03-tipos-de-redes,03-tipos-de-redes,conceito-de-protocolo-de-redes-pessoais-locais-metropolitanas-e-de-longa-distancia,modelos-osi-e-tcpip,1,0,1
CTRL_ALEAT_LIMPO_3,sub_aceita,FR,unidade1-exercicios,unidade1-exercicios,,modelos-osi-e-tcpip,0,1,1
CTRL_ALEAT_LIMPO_3,sub_aceita,FR,04-camada-de-aplicacao,04-camada-de-aplicacao,protocolos-de-aplicacao-para-o-usuario-http-https-smtp-pop3-imap,protocolos-de-aplicacao-para-infraestrutura-dns-dhcp-snmp-nat,0,0,1
CTRL_ALEAT_LIMPO_3,sub_aceita,FR,04-protocolo-http,04-protocolo-http,paradigmas-clienteservidor-e-p2p,funcoes-e-caracteristicas-do-nivel-de-aplicacao,0,0,1
CTRL_ALEAT_LIMPO_3,sub_aceita,FR,05-protocolo-dns,05-protocolo-dns,protocolos-de-aplicacao-para-o-usuario-http-https-smtp-pop3-imap,protocolos-de-aplicacao-para-infraestrutura-dns-dhcp-snmp-nat,0,1,1
CTRL_ALEAT_LIMPO_3,sub_aceita,FR,07-protocolos-de-e-mail,07-protocolos-de-e-mail,protocolos-de-aplicacao-para-o-usuario-http-https-smtp-pop3-imap,protocolos-de-aplicacao-para-infraestrutura-dns-dhcp-snmp-nat,1,0,1
CTRL_ALEAT_LIMPO_3,sub_aceita,FR,08-desenvolvimento-de-aplicacoes,08-desenvolvimento-de-aplicacoes,,protocolos-de-aplicacao-para-infraestrutura-dns-dhcp-snmp-nat,0,0,1
CTRL_ALEAT_LIMPO_3,sub_aceita,FR,lista-de-exercicios-1-camada-de-aplicacao,lista-de-exercicios-1-camada-de-aplicacao,paradigmas-clienteservidor-e-p2p,implementacao-de-sockets,1,0,1
CTRL_ALEAT_LIMPO_3,sub_aceita,FR,unidade2-exercicios-dns,unidade2-exercicios-dns,protocolos-de-aplicacao-para-infraestrutura-dns-dhcp-snmp-nat,protocolos-de-aplicacao-para-o-usuario-http-https-smtp-pop3-imap,1,0,1
CTRL_ALEAT_LIMPO_3,sub_aceita,FR,unidade2-exercicios-http,unidade2-exercicios-http,paradigmas-clienteservidor-e-p2p,funcoes-e-caracteristicas-do-nivel-de-aplicacao,0,0,1
CTRL_ALEAT_LIMPO_3,sub_aceita,FR,tcp-chat-c,tcp-chat-c,paradigmas-clienteservidor-e-p2p,protocolos-de-aplicacao-para-infraestrutura-dns-dhcp-snmp-nat,0,0,1
CTRL_ALEAT_LIMPO_3,sub_aceita,FR,tcp-example,tcp-example,paradigmas-clienteservidor-e-p2p,protocolos-de-aplicacao-para-infraestrutura-dns-dhcp-snmp-nat,0,0,1
CTRL_ALEAT_LIMPO_3,sub_aceita,FR,udp-example-c,udp-example-c,paradigmas-clienteservidor-e-p2p,protocolos-de-aplicacao-para-o-usuario-http-https-smtp-pop3-imap,0,0,1
CTRL_ALEAT_LIMPO_3,sub_aceita,FR,udp-example-java,udp-example-java,paradigmas-clienteservidor-e-p2p,protocolos-de-aplicacao-para-infraestrutura-dns-dhcp-snmp-nat,0,0,1
CTRL_ALEAT_LIMPO_3,sub_primaria,MF,exerciciosformalizacaoalgoritmosrecursao3,exerciciosformalizacaoalgoritmosrecursao3,especificacao-de-funcoes-recursivas,sistemas-formais,1,0,1
CTRL_ALEAT_LIMPO_3,sub_primaria,MF,conjuntosindutivos,conjuntosindutivos,especificacao-de-conjuntos-indutivos,exemplos-de-aplicacoes,1,0,1
CTRL_ALEAT_LIMPO_3,sub_primaria,MF,logicapredicados-sintaxe,logicapredicados-sintaxe,fundamentos-de-logica-de-primeira-ordem,especificacao-de-funcoes-recursivas,1,0,1
CTRL_ALEAT_LIMPO_3,sub_primaria,MF,logicaproposicional-sintaxe,logicaproposicional-sintaxe,,especificacao-de-conjuntos-indutivos,0,0,1
CTRL_ALEAT_LIMPO_3,sub_primaria,MF,introducao,introducao,abordagens-para-verificacao-formal,fundamentos-de-logica-de-primeira-ordem,1,0,1
CTRL_ALEAT_LIMPO_3,sub_primaria,MF,exerciciosespecificacao-respostas,exerciciosespecificacao-respostas,linguagens-de-especificacao-e-logicas,especificacao-de-funcoes-recursivas,1,0,1
CTRL_ALEAT_LIMPO_3,sub_primaria,MF,exerciciosespecificacao,exerciciosespecificacao,linguagens-de-especificacao-e-logicas,especificacao-de-funcoes-recursivas,1,0,1
CTRL_ALEAT_LIMPO_3,sub_primaria,MF,exerciciosformalizacaoalgoritmosrecursao2,exerciciosformalizacaoalgoritmosrecursao2,especificacao-de-funcoes-recursivas,sistemas-formais,1,0,1
CTRL_ALEAT_LIMPO_3,sub_primaria,MF,logicaproposicional-semantica,logicaproposicional-semantica,,especificacao-de-conjuntos-indutivos,0,0,1
CTRL_ALEAT_LIMPO_3,sub_primaria,MF,exerciciosformalizacaoalgoritmosrecursao-respostas,exerciciosformalizacaoalgoritmosrecursao-respostas,especificacao-de-funcoes-recursivas,especificacao-de-conjuntos-indutivos,1,0,1
CTRL_ALEAT_LIMPO_3,sub_primaria,MF,formalizacaoalgoritmos-recursao,formalizacaoalgoritmos-recursao,especificacao-de-funcoes-recursivas,sistemas-formais,1,0,1
CTRL_ALEAT_LIMPO_3,sub_primaria,MF,formalizacaoalgoritmos-recursao3,formalizacaoalgoritmos-recursao3,especificacao-de-funcoes-recursivas,sistemas-formais,1,0,1
CTRL_ALEAT_LIMPO_3,sub_primaria,MF,exerciciosisabelle,exerciciosisabelle,provadores-de-teoremas,especificacao-de-funcoes-recursivas,1,0,1
CTRL_ALEAT_LIMPO_3,sub_primaria,MF,exerciciosformalizacaoalgoritmosrecursao,exerciciosformalizacaoalgoritmosrecursao,especificacao-de-funcoes-recursivas,sistemas-formais,1,0,1
CTRL_ALEAT_LIMPO_3,sub_primaria,MF,arvores,arvores,abordagens-para-verificacao-formal,especificacao-de-funcoes-recursivas,0,0,1
CTRL_ALEAT_LIMPO_3,sub_primaria,MF,intro,intro,abordagens-para-verificacao-formal,especificacao-de-funcoes-recursivas,0,0,1
CTRL_ALEAT_LIMPO_3,sub_primaria,MF,listas,listas,abordagens-para-verificacao-formal,especificacao-de-funcoes-recursivas,0,0,1
CTRL_ALEAT_LIMPO_3,sub_primaria,MF,provas,provas,abordagens-para-verificacao-formal,especificacao-de-funcoes-recursivas,0,0,1
CTRL_ALEAT_LIMPO_3,sub_primaria,MF,exercicioscorrecaoterminacao,exercicioscorrecaoterminacao,invariante-e-variante-de-laco,sistema-de-prova,0,0,1
CTRL_ALEAT_LIMPO_3,sub_primaria,MF,logicadehoare2,logicadehoare2,invariante-e-variante-de-laco,correcao-parcial-e-total,0,0,1
CTRL_ALEAT_LIMPO_3,sub_primaria,MF,exerciciosdafny1,exerciciosdafny1,correcao-parcial-e-total,logica-de-hoare,0,0,1
CTRL_ALEAT_LIMPO_3,sub_primaria,MF,exerciciosdafny2,exerciciosdafny2,pre-e-pos-condicoes,logica-de-hoare,0,0,1
CTRL_ALEAT_LIMPO_3,sub_primaria,MF,exerciciosdafny3,exerciciosdafny3,,logica-de-hoare,0,0,1
CTRL_ALEAT_LIMPO_3,sub_primaria,MF,exerciciosdafny4,exerciciosdafny4,correcao-parcial-e-total,logica-de-hoare,0,0,1
CTRL_ALEAT_LIMPO_3,sub_primaria,MF,exerciciosdafny5,exerciciosdafny5,correcao-parcial-e-total,softwares-de-suporte-a-verificacao-formal-de-programas,0,1,1
CTRL_ALEAT_LIMPO_3,sub_primaria,MF,verificacaomodelos,verificacaomodelos,verificacao-de-modelos-model-checking,especificacao-de-propriedades-para-sistemas-sequenciais-e-concorrentes,1,0,1
CTRL_ALEAT_LIMPO_3,sub_primaria,MF,exercicioslogicatemporal,exercicioslogicatemporal,modelos-de-kripke,especificacao-de-propriedades-para-sistemas-sequenciais-e-concorrentes,0,0,1
CTRL_ALEAT_LIMPO_3,sub_primaria,MF,exerciciosnusmv,exerciciosnusmv,,softwares-de-suporte-a-verificacao-formal-de-modelos,0,1,1
CTRL_ALEAT_LIMPO_3,sub_primaria,MF,classes-parte1,classes-parte1,invariante-e-variante-de-laco,logica-de-hoare,0,0,1
CTRL_ALEAT_LIMPO_3,sub_primaria,MF,colecoes-arrays,colecoes-arrays,,logica-de-hoare,0,0,1
CTRL_ALEAT_LIMPO_3,sub_primaria,MF,colecoes-conjuntos,colecoes-conjuntos,,logica-de-hoare,0,0,1
CTRL_ALEAT_LIMPO_3,sub_primaria,MF,colecoes-sequences,colecoes-sequences,,logica-de-hoare,0,0,1
CTRL_ALEAT_LIMPO_3,sub_primaria,MF,exercicios-conjuntos,exercicios-conjuntos,,logica-de-hoare,0,0,1
CTRL_ALEAT_LIMPO_3,sub_primaria,MF,hoare,hoare,correcao-parcial-e-total,logica-de-hoare,0,1,1
CTRL_ALEAT_LIMPO_3,sub_primaria,MF,introducao-zip,introducao-zip,,logica-de-hoare,0,0,1
CTRL_ALEAT_LIMPO_3,sub_primaria,MF,invariantes,invariantes,sistema-de-prova,correcao-parcial-e-total,0,0,1
CTRL_ALEAT_LIMPO_3,sub_primaria,MF,terminacao,terminacao,,sistema-de-prova,0,0,1
CTRL_ALEAT_LIMPO_3,sub_primaria,MF,exemplos-zip,exemplos,maquinas-de-estado,modelos-de-kripke,0,0,1
CTRL_ALEAT_LIMPO_3,sub_primaria,MF,exerciciosformalizacaoalgoritmosrecursao3-respostas,exerciciosformalizacaoalgoritmosrecursao3-respostas,especificacao-de-funcoes-recursivas,especificacao-de-conjuntos-indutivos,1,0,1
CTRL_ALEAT_LIMPO_3,sub_primaria,MF,classes-parte2,classes-parte2,invariante-e-variante-de-laco,logica-de-hoare,0,0,1
CTRL_ALEAT_LIMPO_3,sub_primaria,MF,exercicios-arrays,exercicios-arrays,sistema-de-prova,logica-de-hoare,0,0,1
CTRL_ALEAT_LIMPO_3,sub_primaria,SO,2403-escalonamento-de-processos,2403-escalonamento-de-processos,escalonamento,conceitos-basicos,1,0,1
CTRL_ALEAT_LIMPO_3,sub_primaria,SO,2603-algoritmos-de-escalonamento,2603-algoritmos-de-escalonamento,algoritmos-de-escalonamento,conceitos-basicos,1,0,1
CTRL_ALEAT_LIMPO_3,sub_primaria,SO,exercicios,exercicios,,conceitos-basicos,0,0,1
CTRL_ALEAT_LIMPO_3,sub_primaria,SO,definicao-e-historico,definicao-e-historico,servicos-dos-sistemas-operacionais,evolucao-historica,0,1,1
CTRL_ALEAT_LIMPO_3,sub_primaria,SO,1703-chamada-de-sistema,1703-chamada-de-sistema,chamadas-de-sistema,evolucao-historica,1,0,1
CTRL_ALEAT_LIMPO_3,sub_primaria,SO,1903-estruturas-de-controle,1903-estruturas-de-controle,escalonamento,conceitos-basicos,0,1,1
CTRL_ALEAT_LIMPO_3,sub_primaria,SO,exemplo-criacao-de-processos-no-unix-linux-filho,exemplo-criacao-de-processos-no-unix-linux-filho,,evolucao-historica,0,0,1
CTRL_ALEAT_LIMPO_3,sub_primaria,SO,exemplo-criacao-de-processos-no-unix-linux-teste01,exemplo-criacao-de-processos-no-unix-linux-teste01,chamadas-de-sistema,evolucao-historica,1,0,1
CTRL_ALEAT_LIMPO_3,sub_primaria,SO,exemplo-criacao-de-processos-no-unix-linux-teste02,exemplo-criacao-de-processos-no-unix-linux-teste02,chamadas-de-sistema,evolucao-historica,1,0,1
CTRL_ALEAT_LIMPO_3,sub_primaria,SO,exemplo-criacao-de-processos-no-unix-linux-teste03,exemplo-criacao-de-processos-no-unix-linux-teste03,chamadas-de-sistema,evolucao-historica,1,0,1
CTRL_ALEAT_LIMPO_3,sub_primaria,SO,3103-threads,3103-threads,escalonamento,conceitos-basicos,0,0,1
CTRL_ALEAT_LIMPO_3,sub_primaria,SO,exemplo-threads-em-c-exemplo1,exemplo-threads-em-c-exemplo1,,conceitos-basicos,0,0,1
CTRL_ALEAT_LIMPO_3,sub_primaria,SO,exemplo-threads-em-c-exemplo2,exemplo-threads-em-c-exemplo2,,conceitos-basicos,0,0,1
CTRL_ALEAT_LIMPO_3,sub_primaria,SO,exemplo-threads-em-c-exemplo3,exemplo-threads-em-c-exemplo3,,conceitos-basicos,0,0,1
CTRL_ALEAT_LIMPO_3,sub_primaria,IA,arvores-de-decisao,arvores-de-decisao,introducao-ao-aprendizado-de-maquina,metricas-de-avaliacao,0,0,1
CTRL_ALEAT_LIMPO_3,sub_primaria,IA,aula-sobre-agrupamento-parte-1-particional,aula-sobre-agrupamento-parte-1-particional,introducao-ao-aprendizado-de-maquina,modelos-descritivos,0,1,1
CTRL_ALEAT_LIMPO_3,sub_primaria,IA,caracteristicas-dos-dados,caracteristicas-dos-dados,introducao-ao-aprendizado-de-maquina,modelos-preditivos,1,0,1
CTRL_ALEAT_LIMPO_3,sub_primaria,IA,algoritmo-de-classificacao-k-nn,algoritmo-de-classificacao-k-nn,introducao-ao-aprendizado-de-maquina,metricas-de-avaliacao,0,0,1
CTRL_ALEAT_LIMPO_3,sub_primaria,IA,analise-exploratoria-dos-dados-exemplo-2,analise-exploratoria-dos-dados-exemplo-2,introducao-ao-aprendizado-de-maquina,modelos-preditivos,1,0,1
CTRL_ALEAT_LIMPO_3,sub_primaria,IA,artigo-usando-k-nn-em-texto,artigo-usando-k-nn-em-texto,introducao-ao-aprendizado-de-maquina,metricas-de-avaliacao,0,0,1
CTRL_ALEAT_LIMPO_3,sub_primaria,IA,exemplo-de-programa-com-k-nn-em-java,exemplo-de-programa-com-k-nn-em-java,introducao-ao-aprendizado-de-maquina,metricas-de-avaliacao,0,0,1
CTRL_ALEAT_LIMPO_3,sub_primaria,IA,introducao-a-redes-neurais,introducao-a-redes-neurais,introducao-ao-aprendizado-de-maquina,modelos-preditivos,0,1,1
CTRL_ALEAT_LIMPO_3,sub_primaria,IA,rede-perceptron-e-equacao-de-reta,rede-perceptron-e-equacao-de-reta,introducao-ao-aprendizado-de-maquina,modelos-preditivos,0,1,1
CTRL_ALEAT_LIMPO_3,sub_primaria,IA,agrupamento-usando-k-means-exemplo-1-ipynb,agrupamento-usando-k-means-exemplo-1-ipynb,introducao-ao-aprendizado-de-maquina,modelos-descritivos,0,1,1
CTRL_ALEAT_LIMPO_3,sub_primaria,IA,agrupamento-usando-k-means-exemplo-2-ipynb,agrupamento-usando-k-means-exemplo-2-ipynb,introducao-ao-aprendizado-de-maquina,modelos-descritivos,0,1,1
CTRL_ALEAT_LIMPO_3,sub_primaria,IA,artigo-usando-agrupamento,artigo-usando-agrupamento,introducao-ao-aprendizado-de-maquina,modelos-descritivos,0,1,1
CTRL_ALEAT_LIMPO_3,sub_primaria,IA,survey-on-clustering,survey-on-clustering,introducao-ao-aprendizado-de-maquina,modelos-preditivos,0,0,1
CTRL_ALEAT_LIMPO_3,sub_primaria,IA,analise-exploratoria-de-dados-exemplo-1,analise-exploratoria-de-dados-exemplo-1,introducao-ao-aprendizado-de-maquina,modelos-preditivos,1,0,1
CTRL_ALEAT_LIMPO_3,sub_primaria,IA,exemplo-2-k-nn-com-iriscsv-mais-completo,exemplo-2-k-nn-com-iriscsv-mais-completo,introducao-ao-aprendizado-de-maquina,metricas-de-avaliacao,0,0,1
CTRL_ALEAT_LIMPO_3,sub_primaria,IA,exemplo-com-k-nn,exemplo-com-k-nn,introducao-ao-aprendizado-de-maquina,metricas-de-avaliacao,0,0,1
CTRL_ALEAT_LIMPO_3,sub_primaria,IA,exercicio-2-solucao-com-rede-perceptron-atualizado,exercicio-2-solucao-com-rede-perceptron-atualizado,introducao-ao-aprendizado-de-maquina,modelos-preditivos,0,1,1
CTRL_ALEAT_LIMPO_3,sub_primaria,IA,k-nn-para-classificacao-exemplo-cardio,k-nn-para-classificacao-exemplo-cardio,introducao-ao-aprendizado-de-maquina,metricas-de-avaliacao,0,0,1
CTRL_ALEAT_LIMPO_3,sub_primaria,IA,k-nn-para-regressao-exemplo-imc,k-nn-para-regressao-exemplo-imc,introducao-ao-aprendizado-de-maquina,metricas-de-avaliacao,0,0,1
CTRL_ALEAT_LIMPO_3,sub_primaria,IA,rede-perceptron-classificacao-planta-iris,rede-perceptron-classificacao-planta-iris,introducao-ao-aprendizado-de-maquina,modelos-preditivos,0,1,1
CTRL_ALEAT_LIMPO_3,sub_primaria,IA,rede-perceptron-classificacao-de-cliente,rede-perceptron-classificacao-de-cliente,introducao-ao-aprendizado-de-maquina,modelos-preditivos,0,1,1
CTRL_ALEAT_LIMPO_3,sub_primaria,IA,rede-perceptron-exemplo-atualizado,rede-perceptron-exemplo-atualizado,introducao-ao-aprendizado-de-maquina,modelos-preditivos,0,1,1
CTRL_ALEAT_LIMPO_3,sub_primaria,IA,rede-perceptron-or-em-python,rede-perceptron-or-em-python,introducao-ao-aprendizado-de-maquina,modelos-preditivos,0,1,1
CTRL_ALEAT_LIMPO_3,sub_primaria,IA,rede-perceptron-reconhecendo-letras,rede-perceptron-reconhecendo-letras,introducao-ao-aprendizado-de-maquina,modelos-preditivos,0,1,1
CTRL_ALEAT_LIMPO_3,sub_primaria,IA,mlp-classificacao-inadimplencia-normalizacao-e-gridsearchcv,mlp-classificacao-inadimplencia-normalizacao-e-gridsearchcv,introducao-ao-aprendizado-de-maquina,metricas-de-avaliacao,0,0,1
CTRL_ALEAT_LIMPO_3,sub_primaria,IA,mlp-classificacao-iris-atualizado,mlp-classificacao-iris-atualizado,introducao-ao-aprendizado-de-maquina,metricas-de-avaliacao,0,0,1
CTRL_ALEAT_LIMPO_3,sub_primaria,IA,mlp-regressao-cardio,mlp-regressao-cardio,introducao-ao-aprendizado-de-maquina,metricas-de-avaliacao,0,0,1
CTRL_ALEAT_LIMPO_3,sub_primaria,IA,xor-backpropagation-em-python,xor-backpropagation-em-python,introducao-ao-aprendizado-de-maquina,paradigmas-de-aprendizado,0,0,1
CTRL_ALEAT_LIMPO_3,sub_primaria,IA,exemplo-1-arvores-de-decisao-classificacao-planta-iris,exemplo-1-arvores-de-decisao-classificacao-planta-iris,introducao-ao-aprendizado-de-maquina,metricas-de-avaliacao,0,0,1
CTRL_ALEAT_LIMPO_3,sub_primaria,IA,exemplo-2-arvores-de-decisao-regressao-diabetes,exemplo-2-arvores-de-decisao-regressao-diabetes,introducao-ao-aprendizado-de-maquina,metricas-de-avaliacao,0,0,1
CTRL_ALEAT_LIMPO_3,sub_primaria,ES2,revisaoarquiteturapadroes,revisaoarquiteturapadroes,estilos-e-padroes-arquiteturais,camadas,0,0,1
CTRL_ALEAT_LIMPO_3,sub_primaria,ES2,microsservicos2,microsservicos2,estilos-e-padroes-arquiteturais,orientada-a-microsservicos,0,0,1
CTRL_ALEAT_LIMPO_3,sub_primaria,ES2,microsservicos3,microsservicos3,estilos-e-padroes-arquiteturais,orientada-a-microsservicos,0,0,1
CTRL_ALEAT_LIMPO_3,sub_primaria,ES2,roteiro1-introducao,roteiro1-introducao,estilos-e-padroes-arquiteturais,orientada-a-microsservicos,0,0,1
CTRL_ALEAT_LIMPO_3,sub_primaria,ES2,roteiro2-nameserver,roteiro2-nameserver,estilos-e-padroes-arquiteturais,orientada-a-microsservicos,0,0,1
CTRL_ALEAT_LIMPO_3,sub_primaria,ES2,web,web,cliente-servidor,orientada-a-microsservicos,1,0,1
CTRL_ALEAT_LIMPO_3,sub_primaria,ES2,microsservicos5,microsservicos5,entrega-continua-cd,gerenciamento-da-configuracao,0,0,1
CTRL_ALEAT_LIMPO_3,sub_primaria,ES2,microsservicos6,microsservicos6,gerenciamento-da-configuracao,estudo-de-caso-integracao-e-implantacao-de-microsservicos,0,1,1
CTRL_ALEAT_LIMPO_3,sub_primaria,ES2,roteiro1,roteiro1,,orientada-a-microsservicos,0,0,1
CTRL_ALEAT_LIMPO_3,sub_primaria,ES2,roteiro2,roteiro2,,orientada-a-microsservicos,0,0,1
CTRL_ALEAT_LIMPO_3,sub_primaria,ES2,roteiro3,roteiro3,,orientada-a-microsservicos,0,0,1
CTRL_ALEAT_LIMPO_3,sub_primaria,ES2,roteiro4-circuitbreaker,roteiro4-circuitbreaker,estilos-e-padroes-arquiteturais,orientada-a-microsservicos,0,0,1
CTRL_ALEAT_LIMPO_3,sub_primaria,ES2,roteiro6-conteiners-composicao,roteiro6-conteiners-composicao,gerenciamento-da-configuracao,estudo-de-caso-integracao-e-implantacao-de-microsservicos,0,1,1
CTRL_ALEAT_LIMPO_3,sub_primaria,ES2,roteiro7-filas,roteiro7-filas,gerenciamento-da-configuracao,estudo-de-caso-integracao-e-implantacao-de-microsservicos,0,1,1
CTRL_ALEAT_LIMPO_3,sub_primaria,ES2,roteiro8-autenticacao-autorizacao,roteiro8-autenticacao-autorizacao,gerenciamento-da-configuracao,estudo-de-caso-integracao-e-implantacao-de-microsservicos,0,1,1
CTRL_ALEAT_LIMPO_3,sub_primaria,ES2,microsservicos,microsservicos,estilos-e-padroes-arquiteturais,orientada-a-microsservicos,0,1,1
CTRL_ALEAT_LIMPO_3,sub_primaria,ES2,microsservicos4,microsservicos4,estilos-e-padroes-arquiteturais,orientada-a-microsservicos,0,0,1
CTRL_ALEAT_LIMPO_3,sub_primaria,ES2,roteiro3-gateway,roteiro3-gateway,cliente-servidor,orientada-a-microsservicos,0,0,1
CTRL_ALEAT_LIMPO_3,sub_primaria,ES2,devops,devops,integracao-continua-ci,estudo-de-caso-integracao-e-implantacao-de-microsservicos,0,0,1
CTRL_ALEAT_LIMPO_3,sub_primaria,ES2,roteiro4,roteiro4,,orientada-a-microsservicos,0,0,1
CTRL_ALEAT_LIMPO_3,sub_primaria,TCC,t1-enunciado,t1-enunciado,funcoes-recursivas-primitivas-e-funcoes-recursivas-parciais,argumento-diagonal-de-cantor-e-conjuntos-incontaveis,1,0,1
CTRL_ALEAT_LIMPO_3,sub_primaria,TCC,aula-01-apresentacao-da-disciplina-revisao-de-teoria-de-conjuntos-e-enumerabilidade,aula-01-apresentacao-da-disciplina-revisao-de-teoria-de-conjuntos-e-enumerabilidade,,argumento-diagonal-de-cantor-e-conjuntos-incontaveis,0,0,1
CTRL_ALEAT_LIMPO_3,sub_primaria,TCC,aula-02-conjuntos-enumeraveis-e-nao-enumeraveis-argumento-da-diagonalizacao-de-cantor,aula-02-conjuntos-enumeraveis-e-nao-enumeraveis-argumento-da-diagonalizacao-de-cantor,conjuntos-enumeraveis,funcoes-recursivas-primitivas-e-funcoes-recursivas-parciais,0,0,1
CTRL_ALEAT_LIMPO_3,sub_primaria,TCC,aula-03-funcoes-recursivas-primitivas-e-composicao-de-funcoes,aula-03-funcoes-recursivas-primitivas-e-composicao-de-funcoes,funcoes-recursivas-primitivas-e-funcoes-recursivas-parciais,argumento-diagonal-de-cantor-e-conjuntos-incontaveis,1,0,1
CTRL_ALEAT_LIMPO_3,sub_primaria,CG,modelagem3d,modelagem3d,representacao-aramada,formas-de-representacao,0,1,1
CTRL_ALEAT_LIMPO_3,sub_primaria,CG,atividade,atividade,,algoritmo-z-buffer,0,0,1
CTRL_ALEAT_LIMPO_3,sub_primaria,CG,basico3d-py,basico3d-py,pipeline-de-visualizacao-3d,a-matematica-das-projecoes-planares,0,0,1
CTRL_ALEAT_LIMPO_3,sub_primaria,CG,opengl3d,opengl3d,,a-matematica-das-projecoes-planares,0,0,1
CTRL_ALEAT_LIMPO_3,sub_primaria,CG,opengl3dcpp-vdi,opengl3dcpp-vdi,algoritmo-z-buffer,a-matematica-das-projecoes-planares,0,0,1
CTRL_ALEAT_LIMPO_3,sub_primaria,CG,opengl3dcpp,opengl3dcpp,algoritmo-z-buffer,a-matematica-das-projecoes-planares,0,0,1
CTRL_ALEAT_LIMPO_3,sub_primaria,CG,vis3d,vis3d,,a-matematica-das-projecoes-planares,0,0,1
CTRL_ALEAT_LIMPO_3,sub_primaria,CG,basico3d-cpp,basico3d-cpp,algoritmos-de-poligonos,algoritmos-de-geometria-computacional,0,0,1
CTRL_ALEAT_LIMPO_3,sub_primaria,CG,basico3d-py-zip,basico3d-py-zip,operacoes-com-vetores,,0,0,1
CTRL_ALEAT_LIMPO_3,sub_primaria,CG,exerciciodemodelagem,exerciciodemodelagem,tecnicas-de-modelagem-3d,bezier-e-algoritmo-de-casteljau,0,0,1
CTRL_ALEAT_LIMPO_3,sub_primaria,CG,exemplozbuffer,exemplozbuffer,algoritmo-z-buffer,algoritmos-de-remocao-de-elementos-ocultos,1,0,1
CTRL_ALEAT_LIMPO_3,sub_primaria,CG,opengl-py,opengl-py,conceitos,origens,0,0,1
CTRL_ALEAT_LIMPO_3,sub_primaria,CG,openglbasico,openglbasico,introducao-e-exemplos-de-aplicacoes,entidades-geometricas,0,0,1
CTRL_ALEAT_LIMPO_3,sub_primaria,CG,exercicio-com-poligonos,exercicio-com-poligonos,algoritmos-de-poligonos,,1,0,1
CTRL_ALEAT_LIMPO_3,sub_primaria,CG,fundamentosmatematicos,fundamentosmatematicos,operacoes-com-vetores,entidades-geometricas,0,1,1
CTRL_ALEAT_LIMPO_3,sub_primaria,CG,matematica,matematica,,algoritmos-de-geometria-computacional,0,0,1
CTRL_ALEAT_LIMPO_3,sub_primaria,CG,animacao-v2,animacao-v2,desenho-de-linhas,,0,1,1
CTRL_ALEAT_LIMPO_3,sub_primaria,CG,mapeamento,mapeamento,recorte,sistema-de-coordenadas-cartesianas,0,1,1
CTRL_ALEAT_LIMPO_3,sub_primaria,CG,transformacoesgeometricas,transformacoesgeometricas,recorte,2d-3d-mao-direita-e-mao-esquerda,0,0,1
CTRL_ALEAT_LIMPO_3,sub_primaria,CG,transformacoesgl,transformacoesgl,sistema-de-coordenadas-cartesianas,recorte,0,0,1
CTRL_ALEAT_LIMPO_3,sub_primaria,CG,vis2d,vis2d,recorte,sistema-de-coordenadas-cartesianas,0,1,1
CTRL_ALEAT_LIMPO_3,sub_primaria,CG,bezier-animacao,bezier-animacao,bezier-e-algoritmo-de-casteljau,,1,0,1
CTRL_ALEAT_LIMPO_3,sub_primaria,CG,bezier-cpp,bezier-cpp,bezier-e-algoritmo-de-casteljau,representacao-de-curvas-parametricas,1,0,1
CTRL_ALEAT_LIMPO_3,sub_primaria,CG,bezier-py,bezier-py,bezier-e-algoritmo-de-casteljau,representacao-de-curvas-parametricas,1,0,1
CTRL_ALEAT_LIMPO_3,sub_primaria,CG,curvas,curvas,hermite,geometria-solida-construtiva-csg,0,0,1
CTRL_ALEAT_LIMPO_3,sub_primaria,CG,curvasparametricas,curvasparametricas,representacao-de-curvas-parametricas,b-spline,1,0,1
CTRL_ALEAT_LIMPO_3,sub_primaria,CG,exercicios-sobre-curvas,exercicios-sobre-curvas,hermite,geometria-solida-construtiva-csg,0,0,1
CTRL_ALEAT_LIMPO_3,sub_primaria,CG,floodfill,floodfill,cores-e-tipos-de-imagens,segmentacao,0,1,1
CTRL_ALEAT_LIMPO_3,sub_primaria,CG,img,img,cores-e-tipos-de-imagens,segmentacao,1,0,1
CTRL_ALEAT_LIMPO_3,sub_primaria,CG,remocaoderuido,remocaoderuido,cores-e-tipos-de-imagens,segmentacao,0,0,1
CTRL_ALEAT_LIMPO_3,sub_primaria,CG,exercicios-de-processamento-de-imagens,exercicios-de-processamento-de-imagens,cores-e-tipos-de-imagens,segmentacao,0,0,1
CTRL_ALEAT_LIMPO_3,sub_primaria,CG,introducaoprocimg,introducaoprocimg,filtros,segmentacao,1,0,1
CTRL_ALEAT_LIMPO_3,sub_primaria,CG,exercicios-sobre-curvas-html,exercicios-sobre-curvas-html,hermite,geometria-solida-construtiva-csg,0,0,1
CTRL_ALEAT_LIMPO_3,sub_primaria,CG,planesweep,planesweep,algoritmos-de-geometria-computacional,algoritmos-de-deteccao-e-calculo-de-interseccao,1,0,1
CTRL_ALEAT_LIMPO_3,sub_primaria,CG,exercicioduascores,exercicioduascores,cores-e-tipos-de-imagens,segmentacao,0,0,1
CTRL_ALEAT_LIMPO_3,sub_primaria,CG,video-sobre-mapeamento-em-opengl-1dad3c,video-sobre-mapeamento-em-opengl-1dad3c,recorte,sistema-de-coordenadas-cartesianas,0,1,1
CTRL_ALEAT_LIMPO_3,sub_primaria,CG,video-sobre-prechimento-de-areas-duracao-1300-d87e5f,video-sobre-prechimento-de-areas-duracao-1300-d87e5f,cores-e-tipos-de-imagens,segmentacao,0,1,1
CTRL_ALEAT_LIMPO_3,sub_primaria,CG,pagina-com-videos-sobre-fundamentos-matematicos-para-computacao-grafica-d1d4a9,pagina-com-videos-sobre-fundamentos-matematicos-para-computacao-grafica-d1d4a9,algoritmos-de-poligonos,entidades-geometricas,0,1,1
CTRL_ALEAT_LIMPO_3,sub_primaria,CG,videos-sobre-algoritmos-de-detecao-de-colisao-bd7d84,videos-sobre-algoritmos-de-detecao-de-colisao-bd7d84,,algoritmos-de-deteccao-e-calculo-de-interseccao,0,1,1
CTRL_ALEAT_LIMPO_3,sub_primaria,CG,pagina-com-videos-sobre-mapeamento-9f410e,pagina-com-videos-sobre-mapeamento-9f410e,recorte,,0,0,1
CTRL_ALEAT_LIMPO_3,sub_primaria,CG,pagina-com-videos-sobre-curvas-parametricas-63d902,pagina-com-videos-sobre-curvas-parametricas-63d902,hermite,geometria-solida-construtiva-csg,0,0,1
CTRL_ALEAT_LIMPO_3,sub_primaria,CG,pagina-com-videos-sobre-manipulacao-de-imagens-61ddde,pagina-com-videos-sobre-manipulacao-de-imagens-61ddde,cores-e-tipos-de-imagens,introducao-e-exemplos-de-aplicacoes,1,0,1
CTRL_ALEAT_LIMPO_3,sub_primaria,CG,pagina-com-videos-sobre-introducao-ao-processamento-de-imagens-61f156,pagina-com-videos-sobre-introducao-ao-processamento-de-imagens-61f156,filtros,segmentacao,0,0,1
CTRL_ALEAT_LIMPO_3,sub_primaria,CG,pagina-com-videos-sobre-visualizacao-3d-35a833,pagina-com-videos-sobre-visualizacao-3d-35a833,,a-matematica-das-projecoes-planares,0,0,1
CTRL_ALEAT_LIMPO_3,sub_primaria,CG,pagina-com-videos-sobre-sintese-de-imagens-realisticas-a6d9ea,pagina-com-videos-sobre-sintese-de-imagens-realisticas-a6d9ea,mapeamento-de-textura,modelos-de-reflexao-ambiente-difusa-especular,0,0,1
CTRL_ALEAT_LIMPO_3,sub_primaria,FR,03-tipos-de-redes,03-tipos-de-redes,conceito-de-protocolo-de-redes-pessoais-locais-metropolitanas-e-de-longa-distancia,modelos-osi-e-tcpip,1,0,1
CTRL_ALEAT_LIMPO_3,sub_primaria,FR,unidade1-exercicios,unidade1-exercicios,,modelos-osi-e-tcpip,0,1,1
CTRL_ALEAT_LIMPO_3,sub_primaria,FR,04-camada-de-aplicacao,04-camada-de-aplicacao,protocolos-de-aplicacao-para-o-usuario-http-https-smtp-pop3-imap,protocolos-de-aplicacao-para-infraestrutura-dns-dhcp-snmp-nat,0,0,1
CTRL_ALEAT_LIMPO_3,sub_primaria,FR,04-protocolo-http,04-protocolo-http,paradigmas-clienteservidor-e-p2p,funcoes-e-caracteristicas-do-nivel-de-aplicacao,0,0,1
CTRL_ALEAT_LIMPO_3,sub_primaria,FR,05-protocolo-dns,05-protocolo-dns,protocolos-de-aplicacao-para-o-usuario-http-https-smtp-pop3-imap,protocolos-de-aplicacao-para-infraestrutura-dns-dhcp-snmp-nat,0,1,1
CTRL_ALEAT_LIMPO_3,sub_primaria,FR,07-protocolos-de-e-mail,07-protocolos-de-e-mail,protocolos-de-aplicacao-para-o-usuario-http-https-smtp-pop3-imap,protocolos-de-aplicacao-para-infraestrutura-dns-dhcp-snmp-nat,1,0,1
CTRL_ALEAT_LIMPO_3,sub_primaria,FR,08-desenvolvimento-de-aplicacoes,08-desenvolvimento-de-aplicacoes,,protocolos-de-aplicacao-para-infraestrutura-dns-dhcp-snmp-nat,0,0,1
CTRL_ALEAT_LIMPO_3,sub_primaria,FR,lista-de-exercicios-1-camada-de-aplicacao,lista-de-exercicios-1-camada-de-aplicacao,paradigmas-clienteservidor-e-p2p,implementacao-de-sockets,0,0,1
CTRL_ALEAT_LIMPO_3,sub_primaria,FR,unidade2-exercicios-dns,unidade2-exercicios-dns,protocolos-de-aplicacao-para-infraestrutura-dns-dhcp-snmp-nat,protocolos-de-aplicacao-para-o-usuario-http-https-smtp-pop3-imap,1,0,1
CTRL_ALEAT_LIMPO_3,sub_primaria,FR,unidade2-exercicios-http,unidade2-exercicios-http,paradigmas-clienteservidor-e-p2p,funcoes-e-caracteristicas-do-nivel-de-aplicacao,0,0,1
CTRL_ALEAT_LIMPO_3,sub_primaria,FR,tcp-chat-c,tcp-chat-c,paradigmas-clienteservidor-e-p2p,protocolos-de-aplicacao-para-infraestrutura-dns-dhcp-snmp-nat,0,0,1
CTRL_ALEAT_LIMPO_3,sub_primaria,FR,tcp-example,tcp-example,paradigmas-clienteservidor-e-p2p,protocolos-de-aplicacao-para-infraestrutura-dns-dhcp-snmp-nat,0,0,1
CTRL_ALEAT_LIMPO_3,sub_primaria,FR,udp-example-c,udp-example-c,paradigmas-clienteservidor-e-p2p,protocolos-de-aplicacao-para-o-usuario-http-https-smtp-pop3-imap,0,0,1
CTRL_ALEAT_LIMPO_3,sub_primaria,FR,udp-example-java,udp-example-java,paradigmas-clienteservidor-e-p2p,protocolos-de-aplicacao-para-infraestrutura-dns-dhcp-snmp-nat,0,0,1
CTRL_ALEAT_LIMPO_3,unidade,IA,o-que-é-inteligência-artificial-ia-oracle-brasil-43437f,o-que-é-inteligência-artificial-ia-oracle-brasil-43437f,unidade-de-aprendizagem-02-solucao-de-problemas,unidade-de-aprendizagem-05-aprendizado-de-maquina,0,0,1
CTRL_ALEAT_LIMPO_3,unidade,CG,openglbasico,openglbasico,unidade-03-processamento-de-imagens-e-visao-computacional,unidade-02-fundamentos-matematicos,0,0,1
CTRL_ALEAT_LIMPO_3,unidade,CG,texturas-v3,texturas-v3,unidade-01-introducao-ao-processamento-grafico,unidade-08-sintese-de-imagens-realisticas,0,1,1
CTRL_MAIOR_LIMPO,sub_aceita,MF,archive-of-formal-proofs-355fb8,archive-of-formal-proofs-355fb8,abordagens-para-verificacao-formal,especificacao-de-funcoes-recursivas,0,0,1
CTRL_MAIOR_LIMPO,sub_aceita,MF,exerciciosconjuntosindutivos,exerciciosconjuntosindutivos,especificacao-de-conjuntos-indutivos,especificacao-de-funcoes-recursivas,1,0,1
CTRL_MAIOR_LIMPO,sub_aceita,MF,conjuntosindutivos,conjuntosindutivos,especificacao-de-conjuntos-indutivos,especificacao-de-funcoes-recursivas,1,0,1
CTRL_MAIOR_LIMPO,sub_aceita,MF,logicapredicados-sintaxe,logicapredicados-sintaxe,fundamentos-de-logica-de-primeira-ordem,especificacao-de-funcoes-recursivas,1,0,1
CTRL_MAIOR_LIMPO,sub_aceita,MF,logicaproposicional-sintaxe,logicaproposicional-sintaxe,,especificacao-de-funcoes-recursivas,0,0,1
CTRL_MAIOR_LIMPO,sub_aceita,MF,revisao,revisao,,especificacao-de-funcoes-recursivas,0,0,1
CTRL_MAIOR_LIMPO,sub_aceita,MF,introducao,introducao,abordagens-para-verificacao-formal,especificacao-de-funcoes-recursivas,1,0,1
CTRL_MAIOR_LIMPO,sub_aceita,MF,exerciciosespecificacao-respostas,exerciciosespecificacao-respostas,linguagens-de-especificacao-e-logicas,especificacao-de-funcoes-recursivas,1,0,1
CTRL_MAIOR_LIMPO,sub_aceita,MF,exerciciosespecificacao,exerciciosespecificacao,linguagens-de-especificacao-e-logicas,especificacao-de-funcoes-recursivas,1,0,1
CTRL_MAIOR_LIMPO,sub_aceita,MF,logicaproposicional-semantica,logicaproposicional-semantica,,especificacao-de-funcoes-recursivas,0,0,1
CTRL_MAIOR_LIMPO,sub_aceita,MF,exerciciosisabelle,exerciciosisabelle,provadores-de-teoremas,especificacao-de-funcoes-recursivas,1,1,1
CTRL_MAIOR_LIMPO,sub_aceita,MF,arvores,arvores,abordagens-para-verificacao-formal,especificacao-de-funcoes-recursivas,0,1,1
CTRL_MAIOR_LIMPO,sub_aceita,MF,intro,intro,abordagens-para-verificacao-formal,especificacao-de-funcoes-recursivas,0,1,1
CTRL_MAIOR_LIMPO,sub_aceita,MF,listas,listas,abordagens-para-verificacao-formal,especificacao-de-funcoes-recursivas,0,1,1
CTRL_MAIOR_LIMPO,sub_aceita,MF,provas,provas,abordagens-para-verificacao-formal,especificacao-de-funcoes-recursivas,0,1,1
CTRL_MAIOR_LIMPO,sub_aceita,MF,correcaoterminacao,correcaoterminacao,correcao-parcial-e-total,invariante-e-variante-de-laco,1,1,1
CTRL_MAIOR_LIMPO,sub_aceita,MF,logicadehoare,logicadehoare,logica-de-hoare,invariante-e-variante-de-laco,1,0,1
CTRL_MAIOR_LIMPO,sub_aceita,MF,exerciciosdafny1,exerciciosdafny1,correcao-parcial-e-total,invariante-e-variante-de-laco,0,0,1
CTRL_MAIOR_LIMPO,sub_aceita,MF,exerciciosdafny2,exerciciosdafny2,pre-e-pos-condicoes,invariante-e-variante-de-laco,0,0,1
CTRL_MAIOR_LIMPO,sub_aceita,MF,exerciciosdafny3,exerciciosdafny3,,invariante-e-variante-de-laco,0,0,1
CTRL_MAIOR_LIMPO,sub_aceita,MF,exerciciosdafny4,exerciciosdafny4,correcao-parcial-e-total,invariante-e-variante-de-laco,0,0,1
CTRL_MAIOR_LIMPO,sub_aceita,MF,exerciciosdafny5,exerciciosdafny5,correcao-parcial-e-total,invariante-e-variante-de-laco,0,0,1
CTRL_MAIOR_LIMPO,sub_aceita,MF,verificacaomodelos,verificacaomodelos,verificacao-de-modelos-model-checking,maquinas-de-estado,1,0,1
CTRL_MAIOR_LIMPO,sub_aceita,MF,exercicioslogicatemporal,exercicioslogicatemporal,modelos-de-kripke,maquinas-de-estado,0,0,1
CTRL_MAIOR_LIMPO,sub_aceita,MF,exerciciosnusmv,exerciciosnusmv,,maquinas-de-estado,0,0,1
CTRL_MAIOR_LIMPO,sub_aceita,MF,colecoes-arrays,colecoes-arrays,,invariante-e-variante-de-laco,0,0,1
CTRL_MAIOR_LIMPO,sub_aceita,MF,colecoes-conjuntos,colecoes-conjuntos,,invariante-e-variante-de-laco,0,0,1
CTRL_MAIOR_LIMPO,sub_aceita,MF,colecoes-sequences,colecoes-sequences,,invariante-e-variante-de-laco,0,0,1
CTRL_MAIOR_LIMPO,sub_aceita,MF,exercicios-conjuntos,exercicios-conjuntos,,invariante-e-variante-de-laco,0,1,1
CTRL_MAIOR_LIMPO,sub_aceita,MF,hoare,hoare,correcao-parcial-e-total,invariante-e-variante-de-laco,0,0,1
CTRL_MAIOR_LIMPO,sub_aceita,MF,introducao-zip,introducao-zip,,invariante-e-variante-de-laco,0,0,1
CTRL_MAIOR_LIMPO,sub_aceita,MF,invariantes,invariantes,sistema-de-prova,invariante-e-variante-de-laco,0,1,1
CTRL_MAIOR_LIMPO,sub_aceita,MF,terminacao,terminacao,,invariante-e-variante-de-laco,0,1,1
CTRL_MAIOR_LIMPO,sub_aceita,MF,tiposindutivos,tiposindutivos,,invariante-e-variante-de-laco,0,0,1
CTRL_MAIOR_LIMPO,sub_aceita,MF,exercicios-arrays,exercicios-arrays,sistema-de-prova,invariante-e-variante-de-laco,0,1,1
CTRL_MAIOR_LIMPO,sub_aceita,SO,2603-algoritmos-de-escalonamento,2603-algoritmos-de-escalonamento,algoritmos-de-escalonamento,escalonamento,1,0,1
CTRL_MAIOR_LIMPO,sub_aceita,SO,exercicios,exercicios,,escalonamento,0,0,1
CTRL_MAIOR_LIMPO,sub_aceita,SO,definicao-e-historico,definicao-e-historico,servicos-dos-sistemas-operacionais,chamadas-de-sistema,1,0,1
CTRL_MAIOR_LIMPO,sub_aceita,SO,exemplo-criacao-de-processos-no-unix-linux-filho,exemplo-criacao-de-processos-no-unix-linux-filho,,chamadas-de-sistema,0,1,1
CTRL_MAIOR_LIMPO,sub_aceita,SO,exemplo-threads-em-c-exemplo1,exemplo-threads-em-c-exemplo1,,escalonamento,0,0,1
CTRL_MAIOR_LIMPO,sub_aceita,SO,exemplo-threads-em-c-exemplo2,exemplo-threads-em-c-exemplo2,,escalonamento,0,0,1
CTRL_MAIOR_LIMPO,sub_aceita,SO,exemplo-threads-em-c-exemplo3,exemplo-threads-em-c-exemplo3,,escalonamento,0,0,1
CTRL_MAIOR_LIMPO,sub_aceita,IA,exemplo-complementar-classificacao-com-arvores-de-decisao,exemplo-complementar-classificacao-com-arvores-de-decisao,metricas-de-avaliacao,introducao-ao-aprendizado-de-maquina,1,0,1
CTRL_MAIOR_LIMPO,sub_aceita,ES2,servicos,servicos,orientada-a-servicos,estilos-e-padroes-arquiteturais,1,0,1
CTRL_MAIOR_LIMPO,sub_aceita,ES2,web,web,cliente-servidor,estilos-e-padroes-arquiteturais,1,0,1
CTRL_MAIOR_LIMPO,sub_aceita,ES2,microsservicos5,microsservicos5,entrega-continua-cd,estudo-de-caso-integracao-e-implantacao-de-microsservicos,0,1,1
CTRL_MAIOR_LIMPO,sub_aceita,ES2,microsservicos6,microsservicos6,gerenciamento-da-configuracao,estudo-de-caso-integracao-e-implantacao-de-microsservicos,0,1,1
CTRL_MAIOR_LIMPO,sub_aceita,ES2,microsservicos7,microsservicos7,gerenciamento-da-configuracao,estudo-de-caso-integracao-e-implantacao-de-microsservicos,0,1,1
CTRL_MAIOR_LIMPO,sub_aceita,ES2,roteiro1,roteiro1,,estilos-e-padroes-arquiteturais,0,0,1
CTRL_MAIOR_LIMPO,sub_aceita,ES2,roteiro2,roteiro2,,estilos-e-padroes-arquiteturais,0,0,1
CTRL_MAIOR_LIMPO,sub_aceita,ES2,roteiro3,roteiro3,,estilos-e-padroes-arquiteturais,0,0,1
CTRL_MAIOR_LIMPO,sub_aceita,ES2,roteiro6-conteiners-composicao,roteiro6-conteiners-composicao,gerenciamento-da-configuracao,estudo-de-caso-integracao-e-implantacao-de-microsservicos,0,1,1
CTRL_MAIOR_LIMPO,sub_aceita,ES2,roteiro7-filas,roteiro7-filas,gerenciamento-da-configuracao,estudo-de-caso-integracao-e-implantacao-de-microsservicos,0,1,1
CTRL_MAIOR_LIMPO,sub_aceita,ES2,roteiro8-autenticacao-autorizacao,roteiro8-autenticacao-autorizacao,gerenciamento-da-configuracao,estudo-de-caso-integracao-e-implantacao-de-microsservicos,0,1,1
CTRL_MAIOR_LIMPO,sub_aceita,ES2,roteiro3-gateway,roteiro3-gateway,cliente-servidor,estilos-e-padroes-arquiteturais,0,0,1
CTRL_MAIOR_LIMPO,sub_aceita,ES2,devops,devops,integracao-continua-ci,estudo-de-caso-integracao-e-implantacao-de-microsservicos,0,0,1
CTRL_MAIOR_LIMPO,sub_aceita,ES2,roteiro4,roteiro4,,estilos-e-padroes-arquiteturais,0,0,1
CTRL_MAIOR_LIMPO,sub_aceita,TCC,aula-10-linguagens-reconhecıveis-e-linguagens-decidıveis-pdf,aula-10-linguagens-reconheciveis-e-linguagens-decidiveis,linguagens-reconheciveis-e-decidiveis,maquinas-de-turing,1,0,1
CTRL_MAIOR_LIMPO,sub_aceita,TCC,aula-01-apresentacao-da-disciplina-revisao-de-teoria-de-conjuntos-e-enumerabilidade,aula-01-apresentacao-da-disciplina-revisao-de-teoria-de-conjuntos-e-enumerabilidade,,funcoes-recursivas-primitivas-e-funcoes-recursivas-parciais,0,0,1
CTRL_MAIOR_LIMPO,sub_aceita,TCC,aula-02-conjuntos-enumeraveis-e-nao-enumeraveis-argumento-da-diagonalizacao-de-cantor,aula-02-conjuntos-enumeraveis-e-nao-enumeraveis-argumento-da-diagonalizacao-de-cantor,conjuntos-enumeraveis,funcoes-recursivas-primitivas-e-funcoes-recursivas-parciais,1,0,1
CTRL_MAIOR_LIMPO,sub_aceita,TCC,aula-06-revisao-alfabeto-cadeia-linguagem-hierarquia-de-chomsky-lemas-e-propriedades-de-automatos,aula-06-revisao-alfabeto-cadeia-linguagem-hierarquia-de-chomsky-lemas-e-propriedades-de-automatos,,funcoes-recursivas-primitivas-e-funcoes-recursivas-parciais,1,0,1
CTRL_MAIOR_LIMPO,sub_aceita,CG,segmentacaopptx,segmentacaopptx,segmentacao,cores-e-tipos-de-imagens,1,0,1
CTRL_MAIOR_LIMPO,sub_aceita,CG,segmentacaodetexturas,segmentacaodetexturas,segmentacao,cores-e-tipos-de-imagens,1,0,1
CTRL_MAIOR_LIMPO,sub_aceita,CG,modelagem3d,modelagem3d,representacao-aramada,bezier-e-algoritmo-de-casteljau,1,0,1
CTRL_MAIOR_LIMPO,sub_aceita,CG,atividade,atividade,,algoritmo-z-buffer,0,0,1
CTRL_MAIOR_LIMPO,sub_aceita,CG,basico3d-py,basico3d-py,pipeline-de-visualizacao-3d,algoritmo-z-buffer,1,0,1
CTRL_MAIOR_LIMPO,sub_aceita,CG,opengl3d,opengl3d,,algoritmo-z-buffer,0,0,1
CTRL_MAIOR_LIMPO,sub_aceita,CG,vis3d,vis3d,,algoritmo-z-buffer,0,0,1
CTRL_MAIOR_LIMPO,sub_aceita,CG,basico3d-cpp,basico3d-cpp,algoritmos-de-poligonos,algoritmos-de-geometria-computacional,0,0,1
CTRL_MAIOR_LIMPO,sub_aceita,CG,basico3d-py-zip,basico3d-py-zip,operacoes-com-vetores,algoritmos-de-geometria-computacional,0,0,1
CTRL_MAIOR_LIMPO,sub_aceita,CG,exerciciodemodelagem,exerciciodemodelagem,tecnicas-de-modelagem-3d,bezier-e-algoritmo-de-casteljau,1,0,1
CTRL_MAIOR_LIMPO,sub_aceita,CG,iluminacao,iluminacao,modelos-de-reflexao-ambiente-difusa-especular,mapeamento-de-textura,1,0,1
CTRL_MAIOR_LIMPO,sub_aceita,CG,exercicios,exercicios,,recorte,0,0,1
CTRL_MAIOR_LIMPO,sub_aceita,CG,opengl-cpp,opengl-cpp,conceitos,algoritmos-de-geometria-computacional,0,0,1
CTRL_MAIOR_LIMPO,sub_aceita,CG,opengl-py,opengl-py,conceitos,origens,0,0,1
CTRL_MAIOR_LIMPO,sub_aceita,CG,openglbasico,openglbasico,introducao-e-exemplos-de-aplicacoes,algoritmos-de-geometria-computacional,0,0,1
CTRL_MAIOR_LIMPO,sub_aceita,CG,exercicio-com-poligonos,exercicio-com-poligonos,algoritmos-de-poligonos,algoritmos-de-geometria-computacional,1,0,1
CTRL_MAIOR_LIMPO,sub_aceita,CG,fundamentosmatematicos,fundamentosmatematicos,operacoes-com-vetores,algoritmos-de-geometria-computacional,1,0,1
CTRL_MAIOR_LIMPO,sub_aceita,CG,matematica,matematica,,algoritmos-de-geometria-computacional,0,0,1
CTRL_MAIOR_LIMPO,sub_aceita,CG,colisao,colisao,algoritmos-de-deteccao-e-calculo-de-interseccao,algoritmos-de-geometria-computacional,1,0,1
CTRL_MAIOR_LIMPO,sub_aceita,CG,animacao-v2,animacao-v2,desenho-de-linhas,recorte,0,0,1
CTRL_MAIOR_LIMPO,sub_aceita,CG,instanciamento,instanciamento,sistema-de-coordenadas-cartesianas,recorte,0,0,1
CTRL_MAIOR_LIMPO,sub_aceita,CG,transformacoesgl,transformacoesgl,sistema-de-coordenadas-cartesianas,recorte,0,0,1
CTRL_MAIOR_LIMPO,sub_aceita,CG,curvas,curvas,hermite,bezier-e-algoritmo-de-casteljau,1,1,1
CTRL_MAIOR_LIMPO,sub_aceita,CG,curvasparametricas,curvasparametricas,representacao-de-curvas-parametricas,bezier-e-algoritmo-de-casteljau,1,1,1
CTRL_MAIOR_LIMPO,sub_aceita,CG,exercicios-sobre-curvas,exercicios-sobre-curvas,hermite,bezier-e-algoritmo-de-casteljau,0,1,1
CTRL_MAIOR_LIMPO,sub_aceita,CG,introducaoprocimg,introducaoprocimg,filtros,cores-e-tipos-de-imagens,1,1,1
CTRL_MAIOR_LIMPO,sub_aceita,CG,exercicios-sobre-curvas-html,exercicios-sobre-curvas-html,hermite,bezier-e-algoritmo-de-casteljau,0,1,1
CTRL_MAIOR_LIMPO,sub_aceita,CG,exerciciosfundamentosmatematicos,exerciciosfundamentosmatematicos,operacoes-com-vetores,algoritmos-de-geometria-computacional,1,0,1
CTRL_MAIOR_LIMPO,sub_aceita,CG,video-com-instrucoes-para-usar-opengl-na-vdi-da-pucrs-3a8758,video-com-instrucoes-para-usar-opengl-na-vdi-da-pucrs-3a8758,,algoritmos-de-geometria-computacional,0,0,1
CTRL_MAIOR_LIMPO,sub_aceita,CG,pagina-com-videos-sobre-fundamentos-matematicos-para-computacao-grafica-d1d4a9,pagina-com-videos-sobre-fundamentos-matematicos-para-computacao-grafica-d1d4a9,algoritmos-de-poligonos,algoritmos-de-geometria-computacional,0,0,1
CTRL_MAIOR_LIMPO,sub_aceita,CG,videos-sobre-algoritmos-de-detecao-de-colisao-bd7d84,videos-sobre-algoritmos-de-detecao-de-colisao-bd7d84,,algoritmos-de-geometria-computacional,0,0,1
CTRL_MAIOR_LIMPO,sub_aceita,CG,pagina-com-videos-sobre-curvas-parametricas-63d902,pagina-com-videos-sobre-curvas-parametricas-63d902,hermite,bezier-e-algoritmo-de-casteljau,0,0,1
CTRL_MAIOR_LIMPO,sub_aceita,CG,pagina-com-videos-sobre-introducao-ao-processamento-de-imagens-61f156,pagina-com-videos-sobre-introducao-ao-processamento-de-imagens-61f156,filtros,cores-e-tipos-de-imagens,1,0,1
CTRL_MAIOR_LIMPO,sub_aceita,CG,pagina-com-videos-sobre-segmentacao-por-texturas-e03566,pagina-com-videos-sobre-segmentacao-por-texturas-e03566,segmentacao,cores-e-tipos-de-imagens,1,0,1
CTRL_MAIOR_LIMPO,sub_aceita,CG,pagina-com-videos-sobre-visualizacao-3d-35a833,pagina-com-videos-sobre-visualizacao-3d-35a833,,algoritmo-z-buffer,0,0,1
CTRL_MAIOR_LIMPO,sub_aceita,FR,03-tipos-de-redes,03-tipos-de-redes,conceito-de-protocolo-de-redes-pessoais-locais-metropolitanas-e-de-longa-distancia,modelos-osi-e-tcpip,1,0,1
CTRL_MAIOR_LIMPO,sub_aceita,FR,unidade1-exercicios,unidade1-exercicios,,modelos-osi-e-tcpip,0,1,1
CTRL_MAIOR_LIMPO,sub_aceita,FR,04-camada-de-aplicacao,04-camada-de-aplicacao,protocolos-de-aplicacao-para-o-usuario-http-https-smtp-pop3-imap,paradigmas-clienteservidor-e-p2p,0,1,1
CTRL_MAIOR_LIMPO,sub_aceita,FR,05-protocolo-dns,05-protocolo-dns,protocolos-de-aplicacao-para-o-usuario-http-https-smtp-pop3-imap,paradigmas-clienteservidor-e-p2p,0,0,1
CTRL_MAIOR_LIMPO,sub_aceita,FR,06-protocolo-dhcp,06-protocolo-dhcp,protocolos-de-aplicacao-para-infraestrutura-dns-dhcp-snmp-nat,paradigmas-clienteservidor-e-p2p,1,0,1
CTRL_MAIOR_LIMPO,sub_aceita,FR,07-protocolos-de-e-mail,07-protocolos-de-e-mail,protocolos-de-aplicacao-para-o-usuario-http-https-smtp-pop3-imap,paradigmas-clienteservidor-e-p2p,1,0,1
CTRL_MAIOR_LIMPO,sub_aceita,FR,08-desenvolvimento-de-aplicacoes,08-desenvolvimento-de-aplicacoes,,paradigmas-clienteservidor-e-p2p,0,1,1
CTRL_MAIOR_LIMPO,sub_aceita,FR,unidade2-exercicios-dhcp,unidade2-exercicios-dhcp,protocolos-de-aplicacao-para-infraestrutura-dns-dhcp-snmp-nat,paradigmas-clienteservidor-e-p2p,1,0,1
CTRL_MAIOR_LIMPO,sub_aceita,FR,unidade2-exercicios-dns,unidade2-exercicios-dns,protocolos-de-aplicacao-para-infraestrutura-dns-dhcp-snmp-nat,paradigmas-clienteservidor-e-p2p,1,0,1
CTRL_MAIOR_LIMPO,sub_primaria,MF,archive-of-formal-proofs-355fb8,archive-of-formal-proofs-355fb8,abordagens-para-verificacao-formal,especificacao-de-funcoes-recursivas,0,0,1
CTRL_MAIOR_LIMPO,sub_primaria,MF,exerciciosconjuntosindutivos,exerciciosconjuntosindutivos,especificacao-de-conjuntos-indutivos,especificacao-de-funcoes-recursivas,1,0,1
CTRL_MAIOR_LIMPO,sub_primaria,MF,conjuntosindutivos,conjuntosindutivos,especificacao-de-conjuntos-indutivos,especificacao-de-funcoes-recursivas,1,0,1
CTRL_MAIOR_LIMPO,sub_primaria,MF,logicapredicados-sintaxe,logicapredicados-sintaxe,fundamentos-de-logica-de-primeira-ordem,especificacao-de-funcoes-recursivas,1,0,1
CTRL_MAIOR_LIMPO,sub_primaria,MF,logicaproposicional-sintaxe,logicaproposicional-sintaxe,,especificacao-de-funcoes-recursivas,0,0,1
CTRL_MAIOR_LIMPO,sub_primaria,MF,revisao,revisao,,especificacao-de-funcoes-recursivas,0,0,1
CTRL_MAIOR_LIMPO,sub_primaria,MF,introducao,introducao,abordagens-para-verificacao-formal,especificacao-de-funcoes-recursivas,1,0,1
CTRL_MAIOR_LIMPO,sub_primaria,MF,exerciciosespecificacao-respostas,exerciciosespecificacao-respostas,linguagens-de-especificacao-e-logicas,especificacao-de-funcoes-recursivas,1,0,1
CTRL_MAIOR_LIMPO,sub_primaria,MF,exerciciosespecificacao,exerciciosespecificacao,linguagens-de-especificacao-e-logicas,especificacao-de-funcoes-recursivas,1,0,1
CTRL_MAIOR_LIMPO,sub_primaria,MF,logicaproposicional-semantica,logicaproposicional-semantica,,especificacao-de-funcoes-recursivas,0,0,1
CTRL_MAIOR_LIMPO,sub_primaria,MF,exerciciosisabelle,exerciciosisabelle,provadores-de-teoremas,especificacao-de-funcoes-recursivas,1,0,1
CTRL_MAIOR_LIMPO,sub_primaria,MF,arvores,arvores,abordagens-para-verificacao-formal,especificacao-de-funcoes-recursivas,0,0,1
CTRL_MAIOR_LIMPO,sub_primaria,MF,intro,intro,abordagens-para-verificacao-formal,especificacao-de-funcoes-recursivas,0,0,1
CTRL_MAIOR_LIMPO,sub_primaria,MF,listas,listas,abordagens-para-verificacao-formal,especificacao-de-funcoes-recursivas,0,0,1
CTRL_MAIOR_LIMPO,sub_primaria,MF,provas,provas,abordagens-para-verificacao-formal,especificacao-de-funcoes-recursivas,0,0,1
CTRL_MAIOR_LIMPO,sub_primaria,MF,correcaoterminacao,correcaoterminacao,correcao-parcial-e-total,invariante-e-variante-de-laco,1,0,1
CTRL_MAIOR_LIMPO,sub_primaria,MF,logicadehoare,logicadehoare,logica-de-hoare,invariante-e-variante-de-laco,1,0,1
CTRL_MAIOR_LIMPO,sub_primaria,MF,exerciciosdafny1,exerciciosdafny1,correcao-parcial-e-total,invariante-e-variante-de-laco,0,0,1
CTRL_MAIOR_LIMPO,sub_primaria,MF,exerciciosdafny2,exerciciosdafny2,pre-e-pos-condicoes,invariante-e-variante-de-laco,0,0,1
CTRL_MAIOR_LIMPO,sub_primaria,MF,exerciciosdafny3,exerciciosdafny3,,invariante-e-variante-de-laco,0,0,1
CTRL_MAIOR_LIMPO,sub_primaria,MF,exerciciosdafny4,exerciciosdafny4,correcao-parcial-e-total,invariante-e-variante-de-laco,0,0,1
CTRL_MAIOR_LIMPO,sub_primaria,MF,exerciciosdafny5,exerciciosdafny5,correcao-parcial-e-total,invariante-e-variante-de-laco,0,0,1
CTRL_MAIOR_LIMPO,sub_primaria,MF,verificacaomodelos,verificacaomodelos,verificacao-de-modelos-model-checking,maquinas-de-estado,1,0,1
CTRL_MAIOR_LIMPO,sub_primaria,MF,exercicioslogicatemporal,exercicioslogicatemporal,modelos-de-kripke,maquinas-de-estado,0,0,1
CTRL_MAIOR_LIMPO,sub_primaria,MF,exerciciosnusmv,exerciciosnusmv,,maquinas-de-estado,0,0,1
CTRL_MAIOR_LIMPO,sub_primaria,MF,colecoes-arrays,colecoes-arrays,,invariante-e-variante-de-laco,0,0,1
CTRL_MAIOR_LIMPO,sub_primaria,MF,colecoes-conjuntos,colecoes-conjuntos,,invariante-e-variante-de-laco,0,0,1
CTRL_MAIOR_LIMPO,sub_primaria,MF,colecoes-sequences,colecoes-sequences,,invariante-e-variante-de-laco,0,0,1
CTRL_MAIOR_LIMPO,sub_primaria,MF,exercicios-conjuntos,exercicios-conjuntos,,invariante-e-variante-de-laco,0,0,1
CTRL_MAIOR_LIMPO,sub_primaria,MF,hoare,hoare,correcao-parcial-e-total,invariante-e-variante-de-laco,0,0,1
CTRL_MAIOR_LIMPO,sub_primaria,MF,introducao-zip,introducao-zip,,invariante-e-variante-de-laco,0,0,1
CTRL_MAIOR_LIMPO,sub_primaria,MF,invariantes,invariantes,sistema-de-prova,invariante-e-variante-de-laco,0,1,1
CTRL_MAIOR_LIMPO,sub_primaria,MF,terminacao,terminacao,,invariante-e-variante-de-laco,0,0,1
CTRL_MAIOR_LIMPO,sub_primaria,MF,tiposindutivos,tiposindutivos,,invariante-e-variante-de-laco,0,0,1
CTRL_MAIOR_LIMPO,sub_primaria,MF,exercicios-arrays,exercicios-arrays,sistema-de-prova,invariante-e-variante-de-laco,0,0,1
CTRL_MAIOR_LIMPO,sub_primaria,SO,2603-algoritmos-de-escalonamento,2603-algoritmos-de-escalonamento,algoritmos-de-escalonamento,escalonamento,1,0,1
CTRL_MAIOR_LIMPO,sub_primaria,SO,exercicios,exercicios,,escalonamento,0,0,1
CTRL_MAIOR_LIMPO,sub_primaria,SO,definicao-e-historico,definicao-e-historico,servicos-dos-sistemas-operacionais,chamadas-de-sistema,0,0,1
CTRL_MAIOR_LIMPO,sub_primaria,SO,exemplo-criacao-de-processos-no-unix-linux-filho,exemplo-criacao-de-processos-no-unix-linux-filho,,chamadas-de-sistema,0,1,1
CTRL_MAIOR_LIMPO,sub_primaria,SO,exemplo-threads-em-c-exemplo1,exemplo-threads-em-c-exemplo1,,escalonamento,0,0,1
CTRL_MAIOR_LIMPO,sub_primaria,SO,exemplo-threads-em-c-exemplo2,exemplo-threads-em-c-exemplo2,,escalonamento,0,0,1
CTRL_MAIOR_LIMPO,sub_primaria,SO,exemplo-threads-em-c-exemplo3,exemplo-threads-em-c-exemplo3,,escalonamento,0,0,1
CTRL_MAIOR_LIMPO,sub_primaria,IA,exemplo-complementar-classificacao-com-arvores-de-decisao,exemplo-complementar-classificacao-com-arvores-de-decisao,metricas-de-avaliacao,introducao-ao-aprendizado-de-maquina,0,0,1
CTRL_MAIOR_LIMPO,sub_primaria,ES2,servicos,servicos,orientada-a-servicos,estilos-e-padroes-arquiteturais,1,0,1
CTRL_MAIOR_LIMPO,sub_primaria,ES2,web,web,cliente-servidor,estilos-e-padroes-arquiteturais,1,0,1
CTRL_MAIOR_LIMPO,sub_primaria,ES2,microsservicos5,microsservicos5,entrega-continua-cd,estudo-de-caso-integracao-e-implantacao-de-microsservicos,0,0,1
CTRL_MAIOR_LIMPO,sub_primaria,ES2,microsservicos6,microsservicos6,gerenciamento-da-configuracao,estudo-de-caso-integracao-e-implantacao-de-microsservicos,0,1,1
CTRL_MAIOR_LIMPO,sub_primaria,ES2,microsservicos7,microsservicos7,gerenciamento-da-configuracao,estudo-de-caso-integracao-e-implantacao-de-microsservicos,0,1,1
CTRL_MAIOR_LIMPO,sub_primaria,ES2,roteiro1,roteiro1,,estilos-e-padroes-arquiteturais,0,0,1
CTRL_MAIOR_LIMPO,sub_primaria,ES2,roteiro2,roteiro2,,estilos-e-padroes-arquiteturais,0,0,1
CTRL_MAIOR_LIMPO,sub_primaria,ES2,roteiro3,roteiro3,,estilos-e-padroes-arquiteturais,0,0,1
CTRL_MAIOR_LIMPO,sub_primaria,ES2,roteiro6-conteiners-composicao,roteiro6-conteiners-composicao,gerenciamento-da-configuracao,estudo-de-caso-integracao-e-implantacao-de-microsservicos,0,1,1
CTRL_MAIOR_LIMPO,sub_primaria,ES2,roteiro7-filas,roteiro7-filas,gerenciamento-da-configuracao,estudo-de-caso-integracao-e-implantacao-de-microsservicos,0,1,1
CTRL_MAIOR_LIMPO,sub_primaria,ES2,roteiro8-autenticacao-autorizacao,roteiro8-autenticacao-autorizacao,gerenciamento-da-configuracao,estudo-de-caso-integracao-e-implantacao-de-microsservicos,0,1,1
CTRL_MAIOR_LIMPO,sub_primaria,ES2,roteiro3-gateway,roteiro3-gateway,cliente-servidor,estilos-e-padroes-arquiteturais,0,0,1
CTRL_MAIOR_LIMPO,sub_primaria,ES2,devops,devops,integracao-continua-ci,estudo-de-caso-integracao-e-implantacao-de-microsservicos,0,0,1
CTRL_MAIOR_LIMPO,sub_primaria,ES2,roteiro4,roteiro4,,estilos-e-padroes-arquiteturais,0,0,1
CTRL_MAIOR_LIMPO,sub_primaria,TCC,aula-10-linguagens-reconhecıveis-e-linguagens-decidıveis-pdf,aula-10-linguagens-reconheciveis-e-linguagens-decidiveis,linguagens-reconheciveis-e-decidiveis,maquinas-de-turing,1,0,1
CTRL_MAIOR_LIMPO,sub_primaria,TCC,aula-01-apresentacao-da-disciplina-revisao-de-teoria-de-conjuntos-e-enumerabilidade,aula-01-apresentacao-da-disciplina-revisao-de-teoria-de-conjuntos-e-enumerabilidade,,funcoes-recursivas-primitivas-e-funcoes-recursivas-parciais,0,0,1
CTRL_MAIOR_LIMPO,sub_primaria,TCC,aula-02-conjuntos-enumeraveis-e-nao-enumeraveis-argumento-da-diagonalizacao-de-cantor,aula-02-conjuntos-enumeraveis-e-nao-enumeraveis-argumento-da-diagonalizacao-de-cantor,conjuntos-enumeraveis,funcoes-recursivas-primitivas-e-funcoes-recursivas-parciais,0,0,1
CTRL_MAIOR_LIMPO,sub_primaria,TCC,aula-06-revisao-alfabeto-cadeia-linguagem-hierarquia-de-chomsky-lemas-e-propriedades-de-automatos,aula-06-revisao-alfabeto-cadeia-linguagem-hierarquia-de-chomsky-lemas-e-propriedades-de-automatos,,funcoes-recursivas-primitivas-e-funcoes-recursivas-parciais,1,0,1
CTRL_MAIOR_LIMPO,sub_primaria,CG,segmentacaopptx,segmentacaopptx,segmentacao,cores-e-tipos-de-imagens,1,0,1
CTRL_MAIOR_LIMPO,sub_primaria,CG,segmentacaodetexturas,segmentacaodetexturas,segmentacao,cores-e-tipos-de-imagens,1,0,1
CTRL_MAIOR_LIMPO,sub_primaria,CG,modelagem3d,modelagem3d,representacao-aramada,bezier-e-algoritmo-de-casteljau,0,0,1
CTRL_MAIOR_LIMPO,sub_primaria,CG,atividade,atividade,,algoritmo-z-buffer,0,0,1
CTRL_MAIOR_LIMPO,sub_primaria,CG,basico3d-py,basico3d-py,pipeline-de-visualizacao-3d,algoritmo-z-buffer,0,0,1
CTRL_MAIOR_LIMPO,sub_primaria,CG,opengl3d,opengl3d,,algoritmo-z-buffer,0,0,1
CTRL_MAIOR_LIMPO,sub_primaria,CG,vis3d,vis3d,,algoritmo-z-buffer,0,0,1
CTRL_MAIOR_LIMPO,sub_primaria,CG,basico3d-cpp,basico3d-cpp,algoritmos-de-poligonos,algoritmos-de-geometria-computacional,0,0,1
CTRL_MAIOR_LIMPO,sub_primaria,CG,basico3d-py-zip,basico3d-py-zip,operacoes-com-vetores,algoritmos-de-geometria-computacional,0,0,1
CTRL_MAIOR_LIMPO,sub_primaria,CG,exerciciodemodelagem,exerciciodemodelagem,tecnicas-de-modelagem-3d,bezier-e-algoritmo-de-casteljau,0,0,1
CTRL_MAIOR_LIMPO,sub_primaria,CG,iluminacao,iluminacao,modelos-de-reflexao-ambiente-difusa-especular,mapeamento-de-textura,0,0,1
CTRL_MAIOR_LIMPO,sub_primaria,CG,exercicios,exercicios,,recorte,0,0,1
CTRL_MAIOR_LIMPO,sub_primaria,CG,opengl-cpp,opengl-cpp,conceitos,algoritmos-de-geometria-computacional,0,0,1
CTRL_MAIOR_LIMPO,sub_primaria,CG,opengl-py,opengl-py,conceitos,origens,0,0,1
CTRL_MAIOR_LIMPO,sub_primaria,CG,openglbasico,openglbasico,introducao-e-exemplos-de-aplicacoes,algoritmos-de-geometria-computacional,0,0,1
CTRL_MAIOR_LIMPO,sub_primaria,CG,exercicio-com-poligonos,exercicio-com-poligonos,algoritmos-de-poligonos,algoritmos-de-geometria-computacional,1,0,1
CTRL_MAIOR_LIMPO,sub_primaria,CG,fundamentosmatematicos,fundamentosmatematicos,operacoes-com-vetores,algoritmos-de-geometria-computacional,0,0,1
CTRL_MAIOR_LIMPO,sub_primaria,CG,matematica,matematica,,algoritmos-de-geometria-computacional,0,0,1
CTRL_MAIOR_LIMPO,sub_primaria,CG,colisao,colisao,algoritmos-de-deteccao-e-calculo-de-interseccao,algoritmos-de-geometria-computacional,1,0,1
CTRL_MAIOR_LIMPO,sub_primaria,CG,animacao-v2,animacao-v2,desenho-de-linhas,recorte,0,0,1
CTRL_MAIOR_LIMPO,sub_primaria,CG,instanciamento,instanciamento,sistema-de-coordenadas-cartesianas,recorte,0,0,1
CTRL_MAIOR_LIMPO,sub_primaria,CG,transformacoesgl,transformacoesgl,sistema-de-coordenadas-cartesianas,recorte,0,0,1
CTRL_MAIOR_LIMPO,sub_primaria,CG,curvas,curvas,hermite,bezier-e-algoritmo-de-casteljau,0,0,1
CTRL_MAIOR_LIMPO,sub_primaria,CG,curvasparametricas,curvasparametricas,representacao-de-curvas-parametricas,bezier-e-algoritmo-de-casteljau,1,0,1
CTRL_MAIOR_LIMPO,sub_primaria,CG,exercicios-sobre-curvas,exercicios-sobre-curvas,hermite,bezier-e-algoritmo-de-casteljau,0,0,1
CTRL_MAIOR_LIMPO,sub_primaria,CG,introducaoprocimg,introducaoprocimg,filtros,cores-e-tipos-de-imagens,1,0,1
CTRL_MAIOR_LIMPO,sub_primaria,CG,exercicios-sobre-curvas-html,exercicios-sobre-curvas-html,hermite,bezier-e-algoritmo-de-casteljau,0,0,1
CTRL_MAIOR_LIMPO,sub_primaria,CG,exerciciosfundamentosmatematicos,exerciciosfundamentosmatematicos,operacoes-com-vetores,algoritmos-de-geometria-computacional,0,0,1
CTRL_MAIOR_LIMPO,sub_primaria,CG,video-com-instrucoes-para-usar-opengl-na-vdi-da-pucrs-3a8758,video-com-instrucoes-para-usar-opengl-na-vdi-da-pucrs-3a8758,,algoritmos-de-geometria-computacional,0,0,1
CTRL_MAIOR_LIMPO,sub_primaria,CG,pagina-com-videos-sobre-fundamentos-matematicos-para-computacao-grafica-d1d4a9,pagina-com-videos-sobre-fundamentos-matematicos-para-computacao-grafica-d1d4a9,algoritmos-de-poligonos,algoritmos-de-geometria-computacional,0,0,1
CTRL_MAIOR_LIMPO,sub_primaria,CG,videos-sobre-algoritmos-de-detecao-de-colisao-bd7d84,videos-sobre-algoritmos-de-detecao-de-colisao-bd7d84,,algoritmos-de-geometria-computacional,0,0,1
CTRL_MAIOR_LIMPO,sub_primaria,CG,pagina-com-videos-sobre-curvas-parametricas-63d902,pagina-com-videos-sobre-curvas-parametricas-63d902,hermite,bezier-e-algoritmo-de-casteljau,0,0,1
CTRL_MAIOR_LIMPO,sub_primaria,CG,pagina-com-videos-sobre-introducao-ao-processamento-de-imagens-61f156,pagina-com-videos-sobre-introducao-ao-processamento-de-imagens-61f156,filtros,cores-e-tipos-de-imagens,0,0,1
CTRL_MAIOR_LIMPO,sub_primaria,CG,pagina-com-videos-sobre-segmentacao-por-texturas-e03566,pagina-com-videos-sobre-segmentacao-por-texturas-e03566,segmentacao,cores-e-tipos-de-imagens,1,0,1
CTRL_MAIOR_LIMPO,sub_primaria,CG,pagina-com-videos-sobre-visualizacao-3d-35a833,pagina-com-videos-sobre-visualizacao-3d-35a833,,algoritmo-z-buffer,0,0,1
CTRL_MAIOR_LIMPO,sub_primaria,FR,03-tipos-de-redes,03-tipos-de-redes,conceito-de-protocolo-de-redes-pessoais-locais-metropolitanas-e-de-longa-distancia,modelos-osi-e-tcpip,1,0,1
CTRL_MAIOR_LIMPO,sub_primaria,FR,unidade1-exercicios,unidade1-exercicios,,modelos-osi-e-tcpip,0,1,1
CTRL_MAIOR_LIMPO,sub_primaria,FR,04-camada-de-aplicacao,04-camada-de-aplicacao,protocolos-de-aplicacao-para-o-usuario-http-https-smtp-pop3-imap,paradigmas-clienteservidor-e-p2p,0,0,1
CTRL_MAIOR_LIMPO,sub_primaria,FR,05-protocolo-dns,05-protocolo-dns,protocolos-de-aplicacao-para-o-usuario-http-https-smtp-pop3-imap,paradigmas-clienteservidor-e-p2p,0,0,1
CTRL_MAIOR_LIMPO,sub_primaria,FR,06-protocolo-dhcp,06-protocolo-dhcp,protocolos-de-aplicacao-para-infraestrutura-dns-dhcp-snmp-nat,paradigmas-clienteservidor-e-p2p,1,0,1
CTRL_MAIOR_LIMPO,sub_primaria,FR,07-protocolos-de-e-mail,07-protocolos-de-e-mail,protocolos-de-aplicacao-para-o-usuario-http-https-smtp-pop3-imap,paradigmas-clienteservidor-e-p2p,1,0,1
CTRL_MAIOR_LIMPO,sub_primaria,FR,08-desenvolvimento-de-aplicacoes,08-desenvolvimento-de-aplicacoes,,paradigmas-clienteservidor-e-p2p,0,0,1
CTRL_MAIOR_LIMPO,sub_primaria,FR,unidade2-exercicios-dhcp,unidade2-exercicios-dhcp,protocolos-de-aplicacao-para-infraestrutura-dns-dhcp-snmp-nat,paradigmas-clienteservidor-e-p2p,1,0,1
CTRL_MAIOR_LIMPO,sub_primaria,FR,unidade2-exercicios-dns,unidade2-exercicios-dns,protocolos-de-aplicacao-para-infraestrutura-dns-dhcp-snmp-nat,paradigmas-clienteservidor-e-p2p,1,0,1
CTRL_MAIOR_LIMPO,unidade,SO,questoes-do-enade-sobre-sisop,questoes-do-enade-sobre-sisop,unidade-01-introducao-ao-estudo-de-sistemas-operacionais,unidade-05-gerencia-de-memoria,1,1,1
CTRL_MAIOR_LIMPO,unidade,IA,o-que-é-inteligência-artificial-ia-oracle-brasil-43437f,o-que-é-inteligência-artificial-ia-oracle-brasil-43437f,unidade-de-aprendizagem-02-solucao-de-problemas,unidade-de-aprendizagem-05-aprendizado-de-maquina,0,0,1
CTRL_MAIOR_LIMPO,unidade,CG,exercicios,exercicios,unidade-02-fundamentos-matematicos,unidade-04-processo-de-visualizacao-2d,0,0,1
CTRL_MAIOR_LIMPO,unidade,CG,opengl-cpp,opengl-cpp,unidade-01-introducao-ao-processamento-grafico,unidade-02-fundamentos-matematicos,1,0,1
CTRL_MAIOR_LIMPO,unidade,CG,openglbasico,openglbasico,unidade-03-processamento-de-imagens-e-visao-computacional,unidade-02-fundamentos-matematicos,0,0,1
CTRL_MAIOR_LIMPO,unidade,CG,texturas-v3,texturas-v3,unidade-01-introducao-ao-processamento-grafico,unidade-08-sintese-de-imagens-realisticas,0,1,1
CTRL_MAIOR_LIMPO,unidade,CG,videoscg-v2,videoscg-v2,unidade-08-sintese-de-imagens-realisticas,unidade-02-fundamentos-matematicos,1,1,1
VOCAB_LIMPO,sub_aceita,MF,archive-of-formal-proofs-355fb8,archive-of-formal-proofs-355fb8,abordagens-para-verificacao-formal,exemplos-de-aplicacoes,0,0,1
VOCAB_LIMPO,sub_aceita,MF,logicapredicados-semantica,logicapredicados-semantica,especificacao-de-funcoes-recursivas,fundamentos-de-logica-de-primeira-ordem,0,1,1
VOCAB_LIMPO,sub_aceita,MF,logicaproposicional-sintaxe,logicaproposicional-sintaxe,,linguagens-de-especificacao-e-logicas,0,1,1
VOCAB_LIMPO,sub_aceita,MF,revisao,revisao,,sistemas-formais,0,1,1
VOCAB_LIMPO,sub_aceita,MF,exerciciosespecificacao-respostas,exerciciosespecificacao-respostas,linguagens-de-especificacao-e-logicas,fundamentos-de-logica-de-primeira-ordem,1,0,1
VOCAB_LIMPO,sub_aceita,MF,exerciciosespecificacao,exerciciosespecificacao,linguagens-de-especificacao-e-logicas,fundamentos-de-logica-de-primeira-ordem,1,0,1
VOCAB_LIMPO,sub_aceita,MF,logicaproposicional-semantica,logicaproposicional-semantica,,linguagens-de-especificacao-e-logicas,0,1,1
VOCAB_LIMPO,sub_aceita,MF,exerciciosisabelle,exerciciosisabelle,provadores-de-teoremas,especificacao-de-funcoes-recursivas,1,1,1
VOCAB_LIMPO,sub_aceita,MF,arvores,arvores,abordagens-para-verificacao-formal,provadores-de-teoremas,0,1,1
VOCAB_LIMPO,sub_aceita,MF,intro,intro,abordagens-para-verificacao-formal,provadores-de-teoremas,0,1,1
VOCAB_LIMPO,sub_aceita,MF,listas,listas,abordagens-para-verificacao-formal,provadores-de-teoremas,0,1,1
VOCAB_LIMPO,sub_aceita,MF,provas,provas,abordagens-para-verificacao-formal,provadores-de-teoremas,0,1,1
VOCAB_LIMPO,sub_aceita,MF,exercicioscorrecaoterminacao,exercicioscorrecaoterminacao,invariante-e-variante-de-laco,correcao-parcial-e-total,1,1,1
VOCAB_LIMPO,sub_aceita,MF,logicadehoare2,logicadehoare2,invariante-e-variante-de-laco,logica-de-hoare,1,1,1
VOCAB_LIMPO,sub_aceita,MF,exerciciosdafny1,exerciciosdafny1,correcao-parcial-e-total,softwares-de-suporte-a-verificacao-formal-de-programas,0,1,1
VOCAB_LIMPO,sub_aceita,MF,exerciciosdafny2,exerciciosdafny2,pre-e-pos-condicoes,correcao-parcial-e-total,0,0,1
VOCAB_LIMPO,sub_aceita,MF,exerciciosdafny3,exerciciosdafny3,,softwares-de-suporte-a-verificacao-formal-de-programas,0,1,1
VOCAB_LIMPO,sub_aceita,MF,exerciciosdafny4,exerciciosdafny4,correcao-parcial-e-total,softwares-de-suporte-a-verificacao-formal-de-programas,0,1,1
VOCAB_LIMPO,sub_aceita,MF,verificacaomodelos,verificacaomodelos,verificacao-de-modelos-model-checking,especificacao-de-propriedades-para-sistemas-sequenciais-e-concorrentes,1,1,1
VOCAB_LIMPO,sub_aceita,MF,exercicioslogicatemporal,exercicioslogicatemporal,modelos-de-kripke,verificacao-de-modelos-model-checking,0,1,1
VOCAB_LIMPO,sub_aceita,MF,exerciciosnusmv,exerciciosnusmv,,softwares-de-suporte-a-verificacao-formal-de-modelos,0,1,1
VOCAB_LIMPO,sub_aceita,MF,classes-parte1,classes-parte1,invariante-e-variante-de-laco,softwares-de-suporte-a-verificacao-formal-de-programas,0,1,1
VOCAB_LIMPO,sub_aceita,MF,colecoes-arrays,colecoes-arrays,,softwares-de-suporte-a-verificacao-formal-de-programas,0,1,1
VOCAB_LIMPO,sub_aceita,MF,colecoes-conjuntos,colecoes-conjuntos,,softwares-de-suporte-a-verificacao-formal-de-programas,0,1,1
VOCAB_LIMPO,sub_aceita,MF,colecoes-sequences,colecoes-sequences,,softwares-de-suporte-a-verificacao-formal-de-programas,0,1,1
VOCAB_LIMPO,sub_aceita,MF,exercicios-conjuntos,exercicios-conjuntos,,pre-e-pos-condicoes,0,0,1
VOCAB_LIMPO,sub_aceita,MF,hoare,hoare,correcao-parcial-e-total,pre-e-pos-condicoes,0,0,1
VOCAB_LIMPO,sub_aceita,MF,introducao-zip,introducao-zip,,softwares-de-suporte-a-verificacao-formal-de-programas,0,1,1
VOCAB_LIMPO,sub_aceita,MF,invariantes,invariantes,sistema-de-prova,invariante-e-variante-de-laco,0,1,1
VOCAB_LIMPO,sub_aceita,MF,terminacao,terminacao,,correcao-parcial-e-total,0,1,1
VOCAB_LIMPO,sub_aceita,MF,exemplos-zip,exemplos,maquinas-de-estado,softwares-de-suporte-a-verificacao-formal-de-modelos,0,1,1
VOCAB_LIMPO,sub_aceita,MF,classes-parte2,classes-parte2,invariante-e-variante-de-laco,softwares-de-suporte-a-verificacao-formal-de-programas,1,1,1
VOCAB_LIMPO,sub_aceita,MF,exercicios-arrays,exercicios-arrays,sistema-de-prova,softwares-de-suporte-a-verificacao-formal-de-programas,0,1,1
VOCAB_LIMPO,sub_aceita,SO,2403-escalonamento-de-processos,2403-escalonamento-de-processos,escalonamento,conceitos-basicos,1,0,1
VOCAB_LIMPO,sub_aceita,SO,exercicios,exercicios,,algoritmos-de-escalonamento,0,1,1
VOCAB_LIMPO,sub_aceita,SO,definicao-e-historico,definicao-e-historico,servicos-dos-sistemas-operacionais,evolucao-historica,1,1,1
VOCAB_LIMPO,sub_aceita,SO,1903-estruturas-de-controle,1903-estruturas-de-controle,escalonamento,conceitos-basicos,0,1,1
VOCAB_LIMPO,sub_aceita,SO,exemplo-criacao-de-processos-no-unix-linux-filho,exemplo-criacao-de-processos-no-unix-linux-filho,,chamadas-de-sistema,0,1,1
VOCAB_LIMPO,sub_aceita,SO,3103-threads,3103-threads,escalonamento,conceitos-basicos,0,0,1
VOCAB_LIMPO,sub_aceita,SO,exemplo-threads-em-c-exemplo1,exemplo-threads-em-c-exemplo1,,conceitos-basicos,0,0,1
VOCAB_LIMPO,sub_aceita,SO,exemplo-threads-em-c-exemplo2,exemplo-threads-em-c-exemplo2,,conceitos-basicos,0,0,1
VOCAB_LIMPO,sub_aceita,SO,exemplo-threads-em-c-exemplo3,exemplo-threads-em-c-exemplo3,,conceitos-basicos,0,0,1
VOCAB_LIMPO,sub_aceita,IA,rede-perceptron,rede-perceptron,introducao-ao-aprendizado-de-maquina,modelos-preditivos,0,1,1
VOCAB_LIMPO,sub_aceita,IA,mlp,mlp,introducao-ao-aprendizado-de-maquina,modelos-preditivos,0,1,1
VOCAB_LIMPO,sub_aceita,IA,arvores-de-decisao,arvores-de-decisao,introducao-ao-aprendizado-de-maquina,modelos-preditivos,0,1,1
VOCAB_LIMPO,sub_aceita,IA,aula-sobre-agrupamento-parte-1-particional,aula-sobre-agrupamento-parte-1-particional,introducao-ao-aprendizado-de-maquina,modelos-descritivos,0,1,1
VOCAB_LIMPO,sub_aceita,IA,aula-sobre-agrupamento-parte-2-hierarquico,aula-sobre-agrupamento-parte-2-hierarquico,introducao-ao-aprendizado-de-maquina,modelos-descritivos,0,1,1
VOCAB_LIMPO,sub_aceita,IA,introducao-a-ml,introducao-a-ml,introducao-ao-aprendizado-de-maquina,paradigmas-de-aprendizado,1,1,1
VOCAB_LIMPO,sub_aceita,IA,algoritmo-de-classificacao-k-nn,algoritmo-de-classificacao-k-nn,introducao-ao-aprendizado-de-maquina,modelos-preditivos,0,1,1
VOCAB_LIMPO,sub_aceita,IA,artigo-usando-k-nn-em-texto,artigo-usando-k-nn-em-texto,introducao-ao-aprendizado-de-maquina,modelos-preditivos,0,1,1
VOCAB_LIMPO,sub_aceita,IA,exemplo-de-programa-com-k-nn-em-java,exemplo-de-programa-com-k-nn-em-java,introducao-ao-aprendizado-de-maquina,modelos-preditivos,0,1,1
VOCAB_LIMPO,sub_aceita,IA,introducao-a-redes-neurais,introducao-a-redes-neurais,introducao-ao-aprendizado-de-maquina,modelos-preditivos,0,1,1
VOCAB_LIMPO,sub_aceita,IA,rede-perceptron-e-equacao-de-reta,rede-perceptron-e-equacao-de-reta,introducao-ao-aprendizado-de-maquina,modelos-preditivos,0,1,1
VOCAB_LIMPO,sub_aceita,IA,como-analisar-resultados-acc-pr-re-e-f1,como-analisar-resultados-acc-pr-re-e-f1,introducao-ao-aprendizado-de-maquina,metricas-de-avaliacao,0,1,1
VOCAB_LIMPO,sub_aceita,IA,agrupamento-usando-k-means-exemplo-1-ipynb,agrupamento-usando-k-means-exemplo-1-ipynb,introducao-ao-aprendizado-de-maquina,modelos-descritivos,0,1,1
VOCAB_LIMPO,sub_aceita,IA,agrupamento-usando-k-means-exemplo-2-ipynb,agrupamento-usando-k-means-exemplo-2-ipynb,introducao-ao-aprendizado-de-maquina,modelos-descritivos,0,1,1
VOCAB_LIMPO,sub_aceita,IA,artigo-usando-agrupamento,artigo-usando-agrupamento,introducao-ao-aprendizado-de-maquina,modelos-preditivos,0,0,1
VOCAB_LIMPO,sub_aceita,IA,survey-on-clustering,survey-on-clustering,introducao-ao-aprendizado-de-maquina,modelos-descritivos,0,1,1
VOCAB_LIMPO,sub_aceita,IA,exemplo-2-k-nn-com-iriscsv-mais-completo,exemplo-2-k-nn-com-iriscsv-mais-completo,introducao-ao-aprendizado-de-maquina,modelos-preditivos,0,1,1
VOCAB_LIMPO,sub_aceita,IA,exemplo-com-k-nn,exemplo-com-k-nn,introducao-ao-aprendizado-de-maquina,modelos-preditivos,0,1,1
VOCAB_LIMPO,sub_aceita,IA,exercicio-2-solucao-com-rede-perceptron-atualizado,exercicio-2-solucao-com-rede-perceptron-atualizado,introducao-ao-aprendizado-de-maquina,modelos-preditivos,0,1,1
VOCAB_LIMPO,sub_aceita,IA,k-nn-para-classificacao-exemplo-cardio,k-nn-para-classificacao-exemplo-cardio,introducao-ao-aprendizado-de-maquina,modelos-preditivos,0,1,1
VOCAB_LIMPO,sub_aceita,IA,k-nn-para-regressao-exemplo-imc,k-nn-para-regressao-exemplo-imc,introducao-ao-aprendizado-de-maquina,modelos-preditivos,0,1,1
VOCAB_LIMPO,sub_aceita,IA,rede-perceptron-classificacao-planta-iris,rede-perceptron-classificacao-planta-iris,introducao-ao-aprendizado-de-maquina,modelos-preditivos,0,1,1
VOCAB_LIMPO,sub_aceita,IA,rede-perceptron-classificacao-de-cliente,rede-perceptron-classificacao-de-cliente,introducao-ao-aprendizado-de-maquina,modelos-preditivos,0,1,1
VOCAB_LIMPO,sub_aceita,IA,rede-perceptron-exemplo-atualizado,rede-perceptron-exemplo-atualizado,introducao-ao-aprendizado-de-maquina,modelos-preditivos,0,1,1
VOCAB_LIMPO,sub_aceita,IA,rede-perceptron-or-em-python,rede-perceptron-or-em-python,introducao-ao-aprendizado-de-maquina,modelos-preditivos,0,1,1
VOCAB_LIMPO,sub_aceita,IA,rede-perceptron-reconhecendo-letras,rede-perceptron-reconhecendo-letras,introducao-ao-aprendizado-de-maquina,modelos-preditivos,0,1,1
VOCAB_LIMPO,sub_aceita,IA,mlp-classificacao-inadimplencia-normalizacao-e-gridsearchcv,mlp-classificacao-inadimplencia-normalizacao-e-gridsearchcv,introducao-ao-aprendizado-de-maquina,modelos-preditivos,0,1,1
VOCAB_LIMPO,sub_aceita,IA,mlp-classificacao-iris-atualizado,mlp-classificacao-iris-atualizado,introducao-ao-aprendizado-de-maquina,modelos-preditivos,0,1,1
VOCAB_LIMPO,sub_aceita,IA,mlp-regressao-cardio,mlp-regressao-cardio,introducao-ao-aprendizado-de-maquina,modelos-preditivos,0,1,1
VOCAB_LIMPO,sub_aceita,IA,xor-backpropagation-em-python,xor-backpropagation-em-python,introducao-ao-aprendizado-de-maquina,modelos-preditivos,0,1,1
VOCAB_LIMPO,sub_aceita,IA,exemplo-1-arvores-de-decisao-classificacao-planta-iris,exemplo-1-arvores-de-decisao-classificacao-planta-iris,introducao-ao-aprendizado-de-maquina,modelos-preditivos,0,1,1
VOCAB_LIMPO,sub_aceita,IA,exemplo-2-arvores-de-decisao-regressao-diabetes,exemplo-2-arvores-de-decisao-regressao-diabetes,introducao-ao-aprendizado-de-maquina,modelos-preditivos,0,1,1
VOCAB_LIMPO,sub_aceita,IA,exemplo-complementar-classificacao-com-arvores-de-decisao,exemplo-complementar-classificacao-com-arvores-de-decisao,metricas-de-avaliacao,modelos-preditivos,1,1,1
VOCAB_LIMPO,sub_aceita,IA,agrupamento-hierarquico-exemplo-1,agrupamento-hierarquico-exemplo-1,introducao-ao-aprendizado-de-maquina,modelos-descritivos,0,1,1
VOCAB_LIMPO,sub_aceita,IA,agrupamento-hierarquico-exemplo-2-use-o-dataset-da-planta-iris,agrupamento-hierarquico-exemplo-2-use-o-dataset-da-planta-iris,introducao-ao-aprendizado-de-maquina,modelos-descritivos,0,1,1
VOCAB_LIMPO,sub_aceita,ES2,revisaoarquiteturapadroes,revisaoarquiteturapadroes,estilos-e-padroes-arquiteturais,conceito-de-arquitetura-de-software,1,1,1
VOCAB_LIMPO,sub_aceita,ES2,microsservicos2,microsservicos2,estilos-e-padroes-arquiteturais,orientada-a-microsservicos,0,0,1
VOCAB_LIMPO,sub_aceita,ES2,roteiro1-introducao,roteiro1-introducao,estilos-e-padroes-arquiteturais,estudo-de-caso-arquitetura-orientada-a-microsservicos,0,1,1
VOCAB_LIMPO,sub_aceita,ES2,roteiro2-nameserver,roteiro2-nameserver,estilos-e-padroes-arquiteturais,estudo-de-caso-arquitetura-orientada-a-microsservicos,0,1,1
VOCAB_LIMPO,sub_aceita,ES2,microsservicos5,microsservicos5,entrega-continua-cd,estudo-de-caso-integracao-e-implantacao-de-microsservicos,0,1,1
VOCAB_LIMPO,sub_aceita,ES2,microsservicos6,microsservicos6,gerenciamento-da-configuracao,estudo-de-caso-integracao-e-implantacao-de-microsservicos,0,1,1
VOCAB_LIMPO,sub_aceita,ES2,microsservicos7,microsservicos7,gerenciamento-da-configuracao,estudo-de-caso-integracao-e-implantacao-de-microsservicos,0,1,1
VOCAB_LIMPO,sub_aceita,ES2,roteiro1,roteiro1,,estudo-de-caso-arquitetura-orientada-a-microsservicos,0,1,1
VOCAB_LIMPO,sub_aceita,ES2,roteiro2,roteiro2,,estudo-de-caso-arquitetura-orientada-a-microsservicos,0,1,1
VOCAB_LIMPO,sub_aceita,ES2,roteiro3,roteiro3,,estudo-de-caso-arquitetura-orientada-a-microsservicos,0,1,1
VOCAB_LIMPO,sub_aceita,ES2,roteiro4-circuitbreaker,roteiro4-circuitbreaker,estilos-e-padroes-arquiteturais,estudo-de-caso-arquitetura-orientada-a-microsservicos,0,0,1
VOCAB_LIMPO,sub_aceita,ES2,roteiro5,roteiro5,estudo-de-caso-integracao-e-implantacao-de-microsservicos,conceito-de-devops,1,0,1
VOCAB_LIMPO,sub_aceita,ES2,roteiro6,roteiro6,estudo-de-caso-integracao-e-implantacao-de-microsservicos,conceito-de-devops,1,0,1
VOCAB_LIMPO,sub_aceita,ES2,roteiro6-conteiners-composicao,roteiro6-conteiners-composicao,gerenciamento-da-configuracao,estudo-de-caso-integracao-e-implantacao-de-microsservicos,0,1,1
VOCAB_LIMPO,sub_aceita,ES2,roteiro7,roteiro7,estudo-de-caso-integracao-e-implantacao-de-microsservicos,conceito-de-devops,1,0,1
VOCAB_LIMPO,sub_aceita,ES2,roteiro7-filas,roteiro7-filas,gerenciamento-da-configuracao,estudo-de-caso-integracao-e-implantacao-de-microsservicos,0,1,1
VOCAB_LIMPO,sub_aceita,ES2,roteiro7-history-service,roteiro7-history-service,estudo-de-caso-integracao-e-implantacao-de-microsservicos,conceito-de-devops,1,0,1
VOCAB_LIMPO,sub_aceita,ES2,roteiro8-autenticacao-autorizacao,roteiro8-autenticacao-autorizacao,gerenciamento-da-configuracao,estudo-de-caso-integracao-e-implantacao-de-microsservicos,0,1,1
VOCAB_LIMPO,sub_aceita,ES2,microsservicos,microsservicos,estilos-e-padroes-arquiteturais,orientada-a-microsservicos,0,1,1
VOCAB_LIMPO,sub_aceita,ES2,microsservicos4,microsservicos4,estilos-e-padroes-arquiteturais,orientada-a-microsservicos,0,0,1
VOCAB_LIMPO,sub_aceita,ES2,roteiro3-gateway,roteiro3-gateway,cliente-servidor,estudo-de-caso-arquitetura-orientada-a-microsservicos,0,1,1
VOCAB_LIMPO,sub_aceita,ES2,kubernetes,kubernetes,estudo-de-caso-integracao-e-implantacao-de-microsservicos,plataformas-de-devops,0,1,1
VOCAB_LIMPO,sub_aceita,ES2,roteiro4,roteiro4,,estudo-de-caso-arquitetura-orientada-a-microsservicos,0,0,1
VOCAB_LIMPO,sub_aceita,TCC,aula-07-maquinas-de-turing-e-linguagens-recursivamente-enumeraveis,aula-07-maquinas-de-turing-e-linguagens-recursivamente-enumeraveis,maquinas-de-turing,linguagens-reconheciveis-e-decidiveis,1,1,1
VOCAB_LIMPO,sub_aceita,TCC,aula-08-maquinas-de-turing-como-processadoras-de-funcoes,aula-08-maquinas-de-turing-como-processadoras-de-funcoes,maquinas-de-turing,linguagens-reconheciveis-e-decidiveis,1,0,1
VOCAB_LIMPO,sub_aceita,TCC,aula-01-apresentacao-da-disciplina-revisao-de-teoria-de-conjuntos-e-enumerabilidade,aula-01-apresentacao-da-disciplina-revisao-de-teoria-de-conjuntos-e-enumerabilidade,,conjuntos-enumeraveis,0,1,1
VOCAB_LIMPO,sub_aceita,TCC,aula-09-variacoes-de-maquinas-de-turing,aula-09-variacoes-de-maquinas-de-turing,maquinas-de-turing,variacoes-de-maquinas-de-turing,0,1,1
VOCAB_LIMPO,sub_aceita,CG,modelagem3d,modelagem3d,representacao-aramada,tecnicas-de-modelagem-3d,1,1,1
VOCAB_LIMPO,sub_aceita,CG,atividade,atividade,,conceito-de-camera-sintetica,0,1,1
VOCAB_LIMPO,sub_aceita,CG,opengl3d,opengl3d,,conceito-de-camera-sintetica,0,1,1
VOCAB_LIMPO,sub_aceita,CG,opengl3dcpp-vdi,opengl3dcpp-vdi,algoritmo-z-buffer,,0,0,1
VOCAB_LIMPO,sub_aceita,CG,opengl3dcpp,opengl3dcpp,algoritmo-z-buffer,,0,0,1
VOCAB_LIMPO,sub_aceita,CG,vis3d,vis3d,,a-matematica-das-projecoes-planares,0,1,1
VOCAB_LIMPO,sub_aceita,CG,basico3d-py-zip,basico3d-py-zip,operacoes-com-vetores,algoritmos-de-poligonos,0,0,1
VOCAB_LIMPO,sub_aceita,CG,exerciciodemodelagem,exerciciodemodelagem,tecnicas-de-modelagem-3d,varredura,1,1,1
VOCAB_LIMPO,sub_aceita,CG,iluminacao,iluminacao,modelos-de-reflexao-ambiente-difusa-especular,modelos-de-iluminacao-luz-pontual-direcional-spot,1,1,1
VOCAB_LIMPO,sub_aceita,CG,exercicios,exercicios,,introducao-e-exemplos-de-aplicacoes,0,0,1
VOCAB_LIMPO,sub_aceita,CG,opengl-py,opengl-py,conceitos,aplicacoes,0,1,1
VOCAB_LIMPO,sub_aceita,CG,openglbasico,openglbasico,introducao-e-exemplos-de-aplicacoes,segmentacao,0,0,1
VOCAB_LIMPO,sub_aceita,CG,fundamentosmatematicos,fundamentosmatematicos,operacoes-com-vetores,entidades-geometricas,1,1,1
VOCAB_LIMPO,sub_aceita,CG,matematica,matematica,,operacoes-com-vetores,0,1,1
VOCAB_LIMPO,sub_aceita,CG,animacao-v2,animacao-v2,desenho-de-linhas,,0,1,1
VOCAB_LIMPO,sub_aceita,CG,instanciamento,instanciamento,sistema-de-coordenadas-cartesianas,2d-3d-mao-direita-e-mao-esquerda,0,0,1
VOCAB_LIMPO,sub_aceita,CG,curvas,curvas,hermite,representacao-de-curvas-parametricas,1,1,1
VOCAB_LIMPO,sub_aceita,CG,exercicios-sobre-curvas,exercicios-sobre-curvas,hermite,representacao-de-curvas-parametricas,0,1,1
VOCAB_LIMPO,sub_aceita,CG,floodfill,floodfill,cores-e-tipos-de-imagens,introducao-e-exemplos-de-aplicacoes,0,0,1
VOCAB_LIMPO,sub_aceita,CG,remocaoderuido,remocaoderuido,cores-e-tipos-de-imagens,filtros,0,1,1
VOCAB_LIMPO,sub_aceita,CG,exercicios-de-processamento-de-imagens,exercicios-de-processamento-de-imagens,cores-e-tipos-de-imagens,introducao-e-exemplos-de-aplicacoes,1,0,1
VOCAB_LIMPO,sub_aceita,CG,exercicios-sobre-curvas-html,exercicios-sobre-curvas-html,hermite,representacao-de-curvas-parametricas,0,1,1
VOCAB_LIMPO,sub_aceita,CG,exerciciosfundamentosmatematicos,exerciciosfundamentosmatematicos,operacoes-com-vetores,algoritmos-de-poligonos,1,1,1
VOCAB_LIMPO,sub_aceita,CG,slab,slab,algoritmos-de-geometria-computacional,algoritmos-de-deteccao-e-calculo-de-interseccao,1,0,1
VOCAB_LIMPO,sub_aceita,CG,video-sobre-mapeamento-em-opengl-1dad3c,video-sobre-mapeamento-em-opengl-1dad3c,recorte,2d-3d-mao-direita-e-mao-esquerda,0,0,1
VOCAB_LIMPO,sub_aceita,CG,video-sobre-prechimento-de-areas-duracao-1300-d87e5f,video-sobre-prechimento-de-areas-duracao-1300-d87e5f,cores-e-tipos-de-imagens,introducao-e-exemplos-de-aplicacoes,0,0,1
VOCAB_LIMPO,sub_aceita,CG,pagina-com-videos-sobre-fundamentos-matematicos-para-computacao-grafica-d1d4a9,pagina-com-videos-sobre-fundamentos-matematicos-para-computacao-grafica-d1d4a9,algoritmos-de-poligonos,entidades-geometricas,0,1,1
VOCAB_LIMPO,sub_aceita,CG,videos-sobre-algoritmos-de-detecao-de-colisao-bd7d84,videos-sobre-algoritmos-de-detecao-de-colisao-bd7d84,,algoritmos-de-deteccao-e-calculo-de-interseccao,0,1,1
VOCAB_LIMPO,sub_aceita,CG,pagina-com-videos-sobre-mapeamento-9f410e,pagina-com-videos-sobre-mapeamento-9f410e,recorte,,0,0,1
VOCAB_LIMPO,sub_aceita,CG,pagina-com-videos-sobre-curvas-parametricas-63d902,pagina-com-videos-sobre-curvas-parametricas-63d902,hermite,representacao-de-curvas-parametricas,0,1,1
VOCAB_LIMPO,sub_aceita,CG,pagina-com-videos-sobre-manipulacao-de-imagens-61ddde,pagina-com-videos-sobre-manipulacao-de-imagens-61ddde,cores-e-tipos-de-imagens,segmentacao,1,0,1
VOCAB_LIMPO,sub_aceita,CG,pagina-com-videos-sobre-introducao-ao-processamento-de-imagens-61f156,pagina-com-videos-sobre-introducao-ao-processamento-de-imagens-61f156,filtros,introducao-e-exemplos-de-aplicacoes,1,1,1
VOCAB_LIMPO,sub_aceita,CG,pagina-com-videos-sobre-visualizacao-3d-35a833,pagina-com-videos-sobre-visualizacao-3d-35a833,,pipeline-de-visualizacao-3d,0,1,1
VOCAB_LIMPO,sub_aceita,CG,pagina-com-videos-sobre-sintese-de-imagens-realisticas-a6d9ea,pagina-com-videos-sobre-sintese-de-imagens-realisticas-a6d9ea,mapeamento-de-textura,modelos-de-reflexao-ambiente-difusa-especular,0,1,1
VOCAB_LIMPO,sub_aceita,FR,unidade1-exercicios,unidade1-exercicios,,modelos-osi-e-tcpip,0,1,1
VOCAB_LIMPO,sub_aceita,FR,04-camada-de-aplicacao,04-camada-de-aplicacao,protocolos-de-aplicacao-para-o-usuario-http-https-smtp-pop3-imap,funcoes-e-caracteristicas-do-nivel-de-aplicacao,0,1,1
VOCAB_LIMPO,sub_aceita,FR,04-protocolo-http,04-protocolo-http,paradigmas-clienteservidor-e-p2p,protocolos-de-aplicacao-para-o-usuario-http-https-smtp-pop3-imap,0,1,1
VOCAB_LIMPO,sub_aceita,FR,05-protocolo-dns,05-protocolo-dns,protocolos-de-aplicacao-para-o-usuario-http-https-smtp-pop3-imap,protocolos-de-aplicacao-para-infraestrutura-dns-dhcp-snmp-nat,0,1,1
VOCAB_LIMPO,sub_aceita,FR,08-desenvolvimento-de-aplicacoes,08-desenvolvimento-de-aplicacoes,,implementacao-de-sockets,0,1,1
VOCAB_LIMPO,sub_aceita,FR,lista-de-exercicios-1-camada-de-aplicacao,lista-de-exercicios-1-camada-de-aplicacao,paradigmas-clienteservidor-e-p2p,protocolos-de-aplicacao-para-o-usuario-http-https-smtp-pop3-imap,1,1,1
VOCAB_LIMPO,sub_aceita,FR,unidade2-exercicios-http,unidade2-exercicios-http,paradigmas-clienteservidor-e-p2p,protocolos-de-aplicacao-para-o-usuario-http-https-smtp-pop3-imap,0,1,1
VOCAB_LIMPO,sub_aceita,FR,tcp-chat-c,tcp-chat-c,paradigmas-clienteservidor-e-p2p,implementacao-de-sockets,0,1,1
VOCAB_LIMPO,sub_aceita,FR,tcp-example,tcp-example,paradigmas-clienteservidor-e-p2p,implementacao-de-sockets,0,1,1
VOCAB_LIMPO,sub_aceita,FR,udp-example-c,udp-example-c,paradigmas-clienteservidor-e-p2p,implementacao-de-sockets,0,1,1
VOCAB_LIMPO,sub_aceita,FR,udp-example-java,udp-example-java,paradigmas-clienteservidor-e-p2p,implementacao-de-sockets,0,1,1
VOCAB_LIMPO,sub_primaria,MF,archive-of-formal-proofs-355fb8,archive-of-formal-proofs-355fb8,abordagens-para-verificacao-formal,exemplos-de-aplicacoes,0,0,1
VOCAB_LIMPO,sub_primaria,MF,logicapredicados-semantica,logicapredicados-semantica,especificacao-de-funcoes-recursivas,fundamentos-de-logica-de-primeira-ordem,0,1,1
VOCAB_LIMPO,sub_primaria,MF,logicaproposicional-sintaxe,logicaproposicional-sintaxe,,linguagens-de-especificacao-e-logicas,0,1,1
VOCAB_LIMPO,sub_primaria,MF,revisao,revisao,,sistemas-formais,0,1,1
VOCAB_LIMPO,sub_primaria,MF,exerciciosespecificacao-respostas,exerciciosespecificacao-respostas,linguagens-de-especificacao-e-logicas,fundamentos-de-logica-de-primeira-ordem,1,0,1
VOCAB_LIMPO,sub_primaria,MF,exerciciosespecificacao,exerciciosespecificacao,linguagens-de-especificacao-e-logicas,fundamentos-de-logica-de-primeira-ordem,1,0,1
VOCAB_LIMPO,sub_primaria,MF,logicaproposicional-semantica,logicaproposicional-semantica,,linguagens-de-especificacao-e-logicas,0,1,1
VOCAB_LIMPO,sub_primaria,MF,exerciciosisabelle,exerciciosisabelle,provadores-de-teoremas,especificacao-de-funcoes-recursivas,1,0,1
VOCAB_LIMPO,sub_primaria,MF,arvores,arvores,abordagens-para-verificacao-formal,provadores-de-teoremas,0,1,1
VOCAB_LIMPO,sub_primaria,MF,intro,intro,abordagens-para-verificacao-formal,provadores-de-teoremas,0,1,1
VOCAB_LIMPO,sub_primaria,MF,listas,listas,abordagens-para-verificacao-formal,provadores-de-teoremas,0,1,1
VOCAB_LIMPO,sub_primaria,MF,provas,provas,abordagens-para-verificacao-formal,provadores-de-teoremas,0,1,1
VOCAB_LIMPO,sub_primaria,MF,exercicioscorrecaoterminacao,exercicioscorrecaoterminacao,invariante-e-variante-de-laco,correcao-parcial-e-total,0,1,1
VOCAB_LIMPO,sub_primaria,MF,logicadehoare2,logicadehoare2,invariante-e-variante-de-laco,logica-de-hoare,0,1,1
VOCAB_LIMPO,sub_primaria,MF,exerciciosdafny1,exerciciosdafny1,correcao-parcial-e-total,softwares-de-suporte-a-verificacao-formal-de-programas,0,1,1
VOCAB_LIMPO,sub_primaria,MF,exerciciosdafny2,exerciciosdafny2,pre-e-pos-condicoes,correcao-parcial-e-total,0,0,1
VOCAB_LIMPO,sub_primaria,MF,exerciciosdafny3,exerciciosdafny3,,softwares-de-suporte-a-verificacao-formal-de-programas,0,1,1
VOCAB_LIMPO,sub_primaria,MF,exerciciosdafny4,exerciciosdafny4,correcao-parcial-e-total,softwares-de-suporte-a-verificacao-formal-de-programas,0,1,1
VOCAB_LIMPO,sub_primaria,MF,verificacaomodelos,verificacaomodelos,verificacao-de-modelos-model-checking,especificacao-de-propriedades-para-sistemas-sequenciais-e-concorrentes,1,0,1
VOCAB_LIMPO,sub_primaria,MF,exercicioslogicatemporal,exercicioslogicatemporal,modelos-de-kripke,verificacao-de-modelos-model-checking,0,0,1
VOCAB_LIMPO,sub_primaria,MF,exerciciosnusmv,exerciciosnusmv,,softwares-de-suporte-a-verificacao-formal-de-modelos,0,1,1
VOCAB_LIMPO,sub_primaria,MF,classes-parte1,classes-parte1,invariante-e-variante-de-laco,softwares-de-suporte-a-verificacao-formal-de-programas,0,0,1
VOCAB_LIMPO,sub_primaria,MF,colecoes-arrays,colecoes-arrays,,softwares-de-suporte-a-verificacao-formal-de-programas,0,1,1
VOCAB_LIMPO,sub_primaria,MF,colecoes-conjuntos,colecoes-conjuntos,,softwares-de-suporte-a-verificacao-formal-de-programas,0,1,1
VOCAB_LIMPO,sub_primaria,MF,colecoes-sequences,colecoes-sequences,,softwares-de-suporte-a-verificacao-formal-de-programas,0,1,1
VOCAB_LIMPO,sub_primaria,MF,exercicios-conjuntos,exercicios-conjuntos,,pre-e-pos-condicoes,0,0,1
VOCAB_LIMPO,sub_primaria,MF,hoare,hoare,correcao-parcial-e-total,pre-e-pos-condicoes,0,0,1
VOCAB_LIMPO,sub_primaria,MF,introducao-zip,introducao-zip,,softwares-de-suporte-a-verificacao-formal-de-programas,0,1,1
VOCAB_LIMPO,sub_primaria,MF,invariantes,invariantes,sistema-de-prova,invariante-e-variante-de-laco,0,1,1
VOCAB_LIMPO,sub_primaria,MF,terminacao,terminacao,,correcao-parcial-e-total,0,1,1
VOCAB_LIMPO,sub_primaria,MF,exemplos-zip,exemplos,maquinas-de-estado,softwares-de-suporte-a-verificacao-formal-de-modelos,0,1,1
VOCAB_LIMPO,sub_primaria,MF,classes-parte2,classes-parte2,invariante-e-variante-de-laco,softwares-de-suporte-a-verificacao-formal-de-programas,0,0,1
VOCAB_LIMPO,sub_primaria,MF,exercicios-arrays,exercicios-arrays,sistema-de-prova,softwares-de-suporte-a-verificacao-formal-de-programas,0,1,1
VOCAB_LIMPO,sub_primaria,SO,2403-escalonamento-de-processos,2403-escalonamento-de-processos,escalonamento,conceitos-basicos,1,0,1
VOCAB_LIMPO,sub_primaria,SO,exercicios,exercicios,,algoritmos-de-escalonamento,0,1,1
VOCAB_LIMPO,sub_primaria,SO,definicao-e-historico,definicao-e-historico,servicos-dos-sistemas-operacionais,evolucao-historica,0,1,1
VOCAB_LIMPO,sub_primaria,SO,1903-estruturas-de-controle,1903-estruturas-de-controle,escalonamento,conceitos-basicos,0,1,1
VOCAB_LIMPO,sub_primaria,SO,exemplo-criacao-de-processos-no-unix-linux-filho,exemplo-criacao-de-processos-no-unix-linux-filho,,chamadas-de-sistema,0,1,1
VOCAB_LIMPO,sub_primaria,SO,3103-threads,3103-threads,escalonamento,conceitos-basicos,0,0,1
VOCAB_LIMPO,sub_primaria,SO,exemplo-threads-em-c-exemplo1,exemplo-threads-em-c-exemplo1,,conceitos-basicos,0,0,1
VOCAB_LIMPO,sub_primaria,SO,exemplo-threads-em-c-exemplo2,exemplo-threads-em-c-exemplo2,,conceitos-basicos,0,0,1
VOCAB_LIMPO,sub_primaria,SO,exemplo-threads-em-c-exemplo3,exemplo-threads-em-c-exemplo3,,conceitos-basicos,0,0,1
VOCAB_LIMPO,sub_primaria,IA,rede-perceptron,rede-perceptron,introducao-ao-aprendizado-de-maquina,modelos-preditivos,0,1,1
VOCAB_LIMPO,sub_primaria,IA,mlp,mlp,introducao-ao-aprendizado-de-maquina,modelos-preditivos,0,1,1
VOCAB_LIMPO,sub_primaria,IA,arvores-de-decisao,arvores-de-decisao,introducao-ao-aprendizado-de-maquina,modelos-preditivos,0,1,1
VOCAB_LIMPO,sub_primaria,IA,aula-sobre-agrupamento-parte-1-particional,aula-sobre-agrupamento-parte-1-particional,introducao-ao-aprendizado-de-maquina,modelos-descritivos,0,1,1
VOCAB_LIMPO,sub_primaria,IA,aula-sobre-agrupamento-parte-2-hierarquico,aula-sobre-agrupamento-parte-2-hierarquico,introducao-ao-aprendizado-de-maquina,modelos-descritivos,0,1,1
VOCAB_LIMPO,sub_primaria,IA,introducao-a-ml,introducao-a-ml,introducao-ao-aprendizado-de-maquina,paradigmas-de-aprendizado,1,0,1
VOCAB_LIMPO,sub_primaria,IA,algoritmo-de-classificacao-k-nn,algoritmo-de-classificacao-k-nn,introducao-ao-aprendizado-de-maquina,modelos-preditivos,0,1,1
VOCAB_LIMPO,sub_primaria,IA,artigo-usando-k-nn-em-texto,artigo-usando-k-nn-em-texto,introducao-ao-aprendizado-de-maquina,modelos-preditivos,0,1,1
VOCAB_LIMPO,sub_primaria,IA,exemplo-de-programa-com-k-nn-em-java,exemplo-de-programa-com-k-nn-em-java,introducao-ao-aprendizado-de-maquina,modelos-preditivos,0,1,1
VOCAB_LIMPO,sub_primaria,IA,introducao-a-redes-neurais,introducao-a-redes-neurais,introducao-ao-aprendizado-de-maquina,modelos-preditivos,0,1,1
VOCAB_LIMPO,sub_primaria,IA,rede-perceptron-e-equacao-de-reta,rede-perceptron-e-equacao-de-reta,introducao-ao-aprendizado-de-maquina,modelos-preditivos,0,1,1
VOCAB_LIMPO,sub_primaria,IA,como-analisar-resultados-acc-pr-re-e-f1,como-analisar-resultados-acc-pr-re-e-f1,introducao-ao-aprendizado-de-maquina,metricas-de-avaliacao,0,1,1
VOCAB_LIMPO,sub_primaria,IA,agrupamento-usando-k-means-exemplo-1-ipynb,agrupamento-usando-k-means-exemplo-1-ipynb,introducao-ao-aprendizado-de-maquina,modelos-descritivos,0,1,1
VOCAB_LIMPO,sub_primaria,IA,agrupamento-usando-k-means-exemplo-2-ipynb,agrupamento-usando-k-means-exemplo-2-ipynb,introducao-ao-aprendizado-de-maquina,modelos-descritivos,0,1,1
VOCAB_LIMPO,sub_primaria,IA,artigo-usando-agrupamento,artigo-usando-agrupamento,introducao-ao-aprendizado-de-maquina,modelos-preditivos,0,0,1
VOCAB_LIMPO,sub_primaria,IA,survey-on-clustering,survey-on-clustering,introducao-ao-aprendizado-de-maquina,modelos-descritivos,0,1,1
VOCAB_LIMPO,sub_primaria,IA,exemplo-2-k-nn-com-iriscsv-mais-completo,exemplo-2-k-nn-com-iriscsv-mais-completo,introducao-ao-aprendizado-de-maquina,modelos-preditivos,0,1,1
VOCAB_LIMPO,sub_primaria,IA,exemplo-com-k-nn,exemplo-com-k-nn,introducao-ao-aprendizado-de-maquina,modelos-preditivos,0,1,1
VOCAB_LIMPO,sub_primaria,IA,exercicio-2-solucao-com-rede-perceptron-atualizado,exercicio-2-solucao-com-rede-perceptron-atualizado,introducao-ao-aprendizado-de-maquina,modelos-preditivos,0,1,1
VOCAB_LIMPO,sub_primaria,IA,k-nn-para-classificacao-exemplo-cardio,k-nn-para-classificacao-exemplo-cardio,introducao-ao-aprendizado-de-maquina,modelos-preditivos,0,1,1
VOCAB_LIMPO,sub_primaria,IA,k-nn-para-regressao-exemplo-imc,k-nn-para-regressao-exemplo-imc,introducao-ao-aprendizado-de-maquina,modelos-preditivos,0,1,1
VOCAB_LIMPO,sub_primaria,IA,rede-perceptron-classificacao-planta-iris,rede-perceptron-classificacao-planta-iris,introducao-ao-aprendizado-de-maquina,modelos-preditivos,0,1,1
VOCAB_LIMPO,sub_primaria,IA,rede-perceptron-classificacao-de-cliente,rede-perceptron-classificacao-de-cliente,introducao-ao-aprendizado-de-maquina,modelos-preditivos,0,1,1
VOCAB_LIMPO,sub_primaria,IA,rede-perceptron-exemplo-atualizado,rede-perceptron-exemplo-atualizado,introducao-ao-aprendizado-de-maquina,modelos-preditivos,0,1,1
VOCAB_LIMPO,sub_primaria,IA,rede-perceptron-or-em-python,rede-perceptron-or-em-python,introducao-ao-aprendizado-de-maquina,modelos-preditivos,0,1,1
VOCAB_LIMPO,sub_primaria,IA,rede-perceptron-reconhecendo-letras,rede-perceptron-reconhecendo-letras,introducao-ao-aprendizado-de-maquina,modelos-preditivos,0,1,1
VOCAB_LIMPO,sub_primaria,IA,mlp-classificacao-inadimplencia-normalizacao-e-gridsearchcv,mlp-classificacao-inadimplencia-normalizacao-e-gridsearchcv,introducao-ao-aprendizado-de-maquina,modelos-preditivos,0,1,1
VOCAB_LIMPO,sub_primaria,IA,mlp-classificacao-iris-atualizado,mlp-classificacao-iris-atualizado,introducao-ao-aprendizado-de-maquina,modelos-preditivos,0,1,1
VOCAB_LIMPO,sub_primaria,IA,mlp-regressao-cardio,mlp-regressao-cardio,introducao-ao-aprendizado-de-maquina,modelos-preditivos,0,1,1
VOCAB_LIMPO,sub_primaria,IA,xor-backpropagation-em-python,xor-backpropagation-em-python,introducao-ao-aprendizado-de-maquina,modelos-preditivos,0,1,1
VOCAB_LIMPO,sub_primaria,IA,exemplo-1-arvores-de-decisao-classificacao-planta-iris,exemplo-1-arvores-de-decisao-classificacao-planta-iris,introducao-ao-aprendizado-de-maquina,modelos-preditivos,0,1,1
VOCAB_LIMPO,sub_primaria,IA,exemplo-2-arvores-de-decisao-regressao-diabetes,exemplo-2-arvores-de-decisao-regressao-diabetes,introducao-ao-aprendizado-de-maquina,modelos-preditivos,0,1,1
VOCAB_LIMPO,sub_primaria,IA,exemplo-complementar-classificacao-com-arvores-de-decisao,exemplo-complementar-classificacao-com-arvores-de-decisao,metricas-de-avaliacao,modelos-preditivos,0,1,1
VOCAB_LIMPO,sub_primaria,IA,agrupamento-hierarquico-exemplo-1,agrupamento-hierarquico-exemplo-1,introducao-ao-aprendizado-de-maquina,modelos-descritivos,0,1,1
VOCAB_LIMPO,sub_primaria,IA,agrupamento-hierarquico-exemplo-2-use-o-dataset-da-planta-iris,agrupamento-hierarquico-exemplo-2-use-o-dataset-da-planta-iris,introducao-ao-aprendizado-de-maquina,modelos-descritivos,0,1,1
VOCAB_LIMPO,sub_primaria,ES2,revisaoarquiteturapadroes,revisaoarquiteturapadroes,estilos-e-padroes-arquiteturais,conceito-de-arquitetura-de-software,0,1,1
VOCAB_LIMPO,sub_primaria,ES2,microsservicos2,microsservicos2,estilos-e-padroes-arquiteturais,orientada-a-microsservicos,0,0,1
VOCAB_LIMPO,sub_primaria,ES2,roteiro1-introducao,roteiro1-introducao,estilos-e-padroes-arquiteturais,estudo-de-caso-arquitetura-orientada-a-microsservicos,0,1,1
VOCAB_LIMPO,sub_primaria,ES2,roteiro2-nameserver,roteiro2-nameserver,estilos-e-padroes-arquiteturais,estudo-de-caso-arquitetura-orientada-a-microsservicos,0,1,1
VOCAB_LIMPO,sub_primaria,ES2,microsservicos5,microsservicos5,entrega-continua-cd,estudo-de-caso-integracao-e-implantacao-de-microsservicos,0,0,1
VOCAB_LIMPO,sub_primaria,ES2,microsservicos6,microsservicos6,gerenciamento-da-configuracao,estudo-de-caso-integracao-e-implantacao-de-microsservicos,0,1,1
VOCAB_LIMPO,sub_primaria,ES2,microsservicos7,microsservicos7,gerenciamento-da-configuracao,estudo-de-caso-integracao-e-implantacao-de-microsservicos,0,1,1
VOCAB_LIMPO,sub_primaria,ES2,roteiro1,roteiro1,,estudo-de-caso-arquitetura-orientada-a-microsservicos,0,1,1
VOCAB_LIMPO,sub_primaria,ES2,roteiro2,roteiro2,,estudo-de-caso-arquitetura-orientada-a-microsservicos,0,1,1
VOCAB_LIMPO,sub_primaria,ES2,roteiro3,roteiro3,,estudo-de-caso-arquitetura-orientada-a-microsservicos,0,1,1
VOCAB_LIMPO,sub_primaria,ES2,roteiro4-circuitbreaker,roteiro4-circuitbreaker,estilos-e-padroes-arquiteturais,estudo-de-caso-arquitetura-orientada-a-microsservicos,0,0,1
VOCAB_LIMPO,sub_primaria,ES2,roteiro5,roteiro5,estudo-de-caso-integracao-e-implantacao-de-microsservicos,conceito-de-devops,1,0,1
VOCAB_LIMPO,sub_primaria,ES2,roteiro6,roteiro6,estudo-de-caso-integracao-e-implantacao-de-microsservicos,conceito-de-devops,1,0,1
VOCAB_LIMPO,sub_primaria,ES2,roteiro6-conteiners-composicao,roteiro6-conteiners-composicao,gerenciamento-da-configuracao,estudo-de-caso-integracao-e-implantacao-de-microsservicos,0,1,1
VOCAB_LIMPO,sub_primaria,ES2,roteiro7,roteiro7,estudo-de-caso-integracao-e-implantacao-de-microsservicos,conceito-de-devops,1,0,1
VOCAB_LIMPO,sub_primaria,ES2,roteiro7-filas,roteiro7-filas,gerenciamento-da-configuracao,estudo-de-caso-integracao-e-implantacao-de-microsservicos,0,1,1
VOCAB_LIMPO,sub_primaria,ES2,roteiro7-history-service,roteiro7-history-service,estudo-de-caso-integracao-e-implantacao-de-microsservicos,conceito-de-devops,1,0,1
VOCAB_LIMPO,sub_primaria,ES2,roteiro8-autenticacao-autorizacao,roteiro8-autenticacao-autorizacao,gerenciamento-da-configuracao,estudo-de-caso-integracao-e-implantacao-de-microsservicos,0,1,1
VOCAB_LIMPO,sub_primaria,ES2,microsservicos,microsservicos,estilos-e-padroes-arquiteturais,orientada-a-microsservicos,0,1,1
VOCAB_LIMPO,sub_primaria,ES2,microsservicos4,microsservicos4,estilos-e-padroes-arquiteturais,orientada-a-microsservicos,0,0,1
VOCAB_LIMPO,sub_primaria,ES2,roteiro3-gateway,roteiro3-gateway,cliente-servidor,estudo-de-caso-arquitetura-orientada-a-microsservicos,0,1,1
VOCAB_LIMPO,sub_primaria,ES2,kubernetes,kubernetes,estudo-de-caso-integracao-e-implantacao-de-microsservicos,plataformas-de-devops,0,1,1
VOCAB_LIMPO,sub_primaria,ES2,roteiro4,roteiro4,,estudo-de-caso-arquitetura-orientada-a-microsservicos,0,0,1
VOCAB_LIMPO,sub_primaria,TCC,aula-07-maquinas-de-turing-e-linguagens-recursivamente-enumeraveis,aula-07-maquinas-de-turing-e-linguagens-recursivamente-enumeraveis,maquinas-de-turing,linguagens-reconheciveis-e-decidiveis,1,0,1
VOCAB_LIMPO,sub_primaria,TCC,aula-08-maquinas-de-turing-como-processadoras-de-funcoes,aula-08-maquinas-de-turing-como-processadoras-de-funcoes,maquinas-de-turing,linguagens-reconheciveis-e-decidiveis,0,0,1
VOCAB_LIMPO,sub_primaria,TCC,aula-01-apresentacao-da-disciplina-revisao-de-teoria-de-conjuntos-e-enumerabilidade,aula-01-apresentacao-da-disciplina-revisao-de-teoria-de-conjuntos-e-enumerabilidade,,conjuntos-enumeraveis,0,1,1
VOCAB_LIMPO,sub_primaria,TCC,aula-09-variacoes-de-maquinas-de-turing,aula-09-variacoes-de-maquinas-de-turing,maquinas-de-turing,variacoes-de-maquinas-de-turing,0,1,1
VOCAB_LIMPO,sub_primaria,CG,modelagem3d,modelagem3d,representacao-aramada,tecnicas-de-modelagem-3d,0,0,1
VOCAB_LIMPO,sub_primaria,CG,atividade,atividade,,conceito-de-camera-sintetica,0,1,1
VOCAB_LIMPO,sub_primaria,CG,opengl3d,opengl3d,,conceito-de-camera-sintetica,0,1,1
VOCAB_LIMPO,sub_primaria,CG,opengl3dcpp-vdi,opengl3dcpp-vdi,algoritmo-z-buffer,,0,0,1
VOCAB_LIMPO,sub_primaria,CG,opengl3dcpp,opengl3dcpp,algoritmo-z-buffer,,0,0,1
VOCAB_LIMPO,sub_primaria,CG,vis3d,vis3d,,a-matematica-das-projecoes-planares,0,0,1
VOCAB_LIMPO,sub_primaria,CG,basico3d-py-zip,basico3d-py-zip,operacoes-com-vetores,algoritmos-de-poligonos,0,0,1
VOCAB_LIMPO,sub_primaria,CG,exerciciodemodelagem,exerciciodemodelagem,tecnicas-de-modelagem-3d,varredura,0,1,1
VOCAB_LIMPO,sub_primaria,CG,iluminacao,iluminacao,modelos-de-reflexao-ambiente-difusa-especular,modelos-de-iluminacao-luz-pontual-direcional-spot,0,1,1
VOCAB_LIMPO,sub_primaria,CG,exercicios,exercicios,,introducao-e-exemplos-de-aplicacoes,0,0,1
VOCAB_LIMPO,sub_primaria,CG,opengl-py,opengl-py,conceitos,aplicacoes,0,1,1
VOCAB_LIMPO,sub_primaria,CG,openglbasico,openglbasico,introducao-e-exemplos-de-aplicacoes,segmentacao,0,0,1
VOCAB_LIMPO,sub_primaria,CG,fundamentosmatematicos,fundamentosmatematicos,operacoes-com-vetores,entidades-geometricas,0,1,1
VOCAB_LIMPO,sub_primaria,CG,matematica,matematica,,operacoes-com-vetores,0,1,1
VOCAB_LIMPO,sub_primaria,CG,animacao-v2,animacao-v2,desenho-de-linhas,,0,1,1
VOCAB_LIMPO,sub_primaria,CG,instanciamento,instanciamento,sistema-de-coordenadas-cartesianas,2d-3d-mao-direita-e-mao-esquerda,0,0,1
VOCAB_LIMPO,sub_primaria,CG,curvas,curvas,hermite,representacao-de-curvas-parametricas,0,1,1
VOCAB_LIMPO,sub_primaria,CG,exercicios-sobre-curvas,exercicios-sobre-curvas,hermite,representacao-de-curvas-parametricas,0,0,1
VOCAB_LIMPO,sub_primaria,CG,floodfill,floodfill,cores-e-tipos-de-imagens,introducao-e-exemplos-de-aplicacoes,0,0,1
VOCAB_LIMPO,sub_primaria,CG,remocaoderuido,remocaoderuido,cores-e-tipos-de-imagens,filtros,0,1,1
VOCAB_LIMPO,sub_primaria,CG,exercicios-de-processamento-de-imagens,exercicios-de-processamento-de-imagens,cores-e-tipos-de-imagens,introducao-e-exemplos-de-aplicacoes,0,0,1
VOCAB_LIMPO,sub_primaria,CG,exercicios-sobre-curvas-html,exercicios-sobre-curvas-html,hermite,representacao-de-curvas-parametricas,0,0,1
VOCAB_LIMPO,sub_primaria,CG,exerciciosfundamentosmatematicos,exerciciosfundamentosmatematicos,operacoes-com-vetores,algoritmos-de-poligonos,0,1,1
VOCAB_LIMPO,sub_primaria,CG,slab,slab,algoritmos-de-geometria-computacional,algoritmos-de-deteccao-e-calculo-de-interseccao,1,0,1
VOCAB_LIMPO,sub_primaria,CG,video-sobre-mapeamento-em-opengl-1dad3c,video-sobre-mapeamento-em-opengl-1dad3c,recorte,2d-3d-mao-direita-e-mao-esquerda,0,0,1
VOCAB_LIMPO,sub_primaria,CG,video-sobre-prechimento-de-areas-duracao-1300-d87e5f,video-sobre-prechimento-de-areas-duracao-1300-d87e5f,cores-e-tipos-de-imagens,introducao-e-exemplos-de-aplicacoes,0,0,1
VOCAB_LIMPO,sub_primaria,CG,pagina-com-videos-sobre-fundamentos-matematicos-para-computacao-grafica-d1d4a9,pagina-com-videos-sobre-fundamentos-matematicos-para-computacao-grafica-d1d4a9,algoritmos-de-poligonos,entidades-geometricas,0,1,1
VOCAB_LIMPO,sub_primaria,CG,videos-sobre-algoritmos-de-detecao-de-colisao-bd7d84,videos-sobre-algoritmos-de-detecao-de-colisao-bd7d84,,algoritmos-de-deteccao-e-calculo-de-interseccao,0,1,1
VOCAB_LIMPO,sub_primaria,CG,pagina-com-videos-sobre-mapeamento-9f410e,pagina-com-videos-sobre-mapeamento-9f410e,recorte,,0,0,1
VOCAB_LIMPO,sub_primaria,CG,pagina-com-videos-sobre-curvas-parametricas-63d902,pagina-com-videos-sobre-curvas-parametricas-63d902,hermite,representacao-de-curvas-parametricas,0,1,1
VOCAB_LIMPO,sub_primaria,CG,pagina-com-videos-sobre-manipulacao-de-imagens-61ddde,pagina-com-videos-sobre-manipulacao-de-imagens-61ddde,cores-e-tipos-de-imagens,segmentacao,1,0,1
VOCAB_LIMPO,sub_primaria,CG,pagina-com-videos-sobre-introducao-ao-processamento-de-imagens-61f156,pagina-com-videos-sobre-introducao-ao-processamento-de-imagens-61f156,filtros,introducao-e-exemplos-de-aplicacoes,0,1,1
VOCAB_LIMPO,sub_primaria,CG,pagina-com-videos-sobre-visualizacao-3d-35a833,pagina-com-videos-sobre-visualizacao-3d-35a833,,pipeline-de-visualizacao-3d,0,1,1
VOCAB_LIMPO,sub_primaria,CG,pagina-com-videos-sobre-sintese-de-imagens-realisticas-a6d9ea,pagina-com-videos-sobre-sintese-de-imagens-realisticas-a6d9ea,mapeamento-de-textura,modelos-de-reflexao-ambiente-difusa-especular,0,0,1
VOCAB_LIMPO,sub_primaria,FR,unidade1-exercicios,unidade1-exercicios,,modelos-osi-e-tcpip,0,1,1
VOCAB_LIMPO,sub_primaria,FR,04-camada-de-aplicacao,04-camada-de-aplicacao,protocolos-de-aplicacao-para-o-usuario-http-https-smtp-pop3-imap,funcoes-e-caracteristicas-do-nivel-de-aplicacao,0,1,1
VOCAB_LIMPO,sub_primaria,FR,04-protocolo-http,04-protocolo-http,paradigmas-clienteservidor-e-p2p,protocolos-de-aplicacao-para-o-usuario-http-https-smtp-pop3-imap,0,1,1
VOCAB_LIMPO,sub_primaria,FR,05-protocolo-dns,05-protocolo-dns,protocolos-de-aplicacao-para-o-usuario-http-https-smtp-pop3-imap,protocolos-de-aplicacao-para-infraestrutura-dns-dhcp-snmp-nat,0,1,1
VOCAB_LIMPO,sub_primaria,FR,08-desenvolvimento-de-aplicacoes,08-desenvolvimento-de-aplicacoes,,implementacao-de-sockets,0,1,1
VOCAB_LIMPO,sub_primaria,FR,lista-de-exercicios-1-camada-de-aplicacao,lista-de-exercicios-1-camada-de-aplicacao,paradigmas-clienteservidor-e-p2p,protocolos-de-aplicacao-para-o-usuario-http-https-smtp-pop3-imap,0,0,1
VOCAB_LIMPO,sub_primaria,FR,unidade2-exercicios-http,unidade2-exercicios-http,paradigmas-clienteservidor-e-p2p,protocolos-de-aplicacao-para-o-usuario-http-https-smtp-pop3-imap,0,1,1
VOCAB_LIMPO,sub_primaria,FR,tcp-chat-c,tcp-chat-c,paradigmas-clienteservidor-e-p2p,implementacao-de-sockets,0,1,1
VOCAB_LIMPO,sub_primaria,FR,tcp-example,tcp-example,paradigmas-clienteservidor-e-p2p,implementacao-de-sockets,0,1,1
VOCAB_LIMPO,sub_primaria,FR,udp-example-c,udp-example-c,paradigmas-clienteservidor-e-p2p,implementacao-de-sockets,0,1,1
VOCAB_LIMPO,sub_primaria,FR,udp-example-java,udp-example-java,paradigmas-clienteservidor-e-p2p,implementacao-de-sockets,0,1,1
VOCAB_LIMPO,unidade,SO,questoes-do-enade-sobre-sisop,questoes-do-enade-sobre-sisop,unidade-01-introducao-ao-estudo-de-sistemas-operacionais,unidade-05-gerencia-de-memoria,1,1,1
VOCAB_LIMPO,unidade,IA,o-que-é-inteligência-artificial-ia-oracle-brasil-43437f,o-que-é-inteligência-artificial-ia-oracle-brasil-43437f,unidade-de-aprendizagem-02-solucao-de-problemas,unidade-de-aprendizagem-05-aprendizado-de-maquina,0,0,1
VOCAB_LIMPO,unidade,CG,exercicios,exercicios,unidade-02-fundamentos-matematicos,unidade-03-processamento-de-imagens-e-visao-computacional,0,0,1
VOCAB_LIMPO,unidade,CG,texturas-v3,texturas-v3,unidade-01-introducao-ao-processamento-grafico,unidade-08-sintese-de-imagens-realisticas,0,1,1
