curso,entry_id,classe,evidencia,evidencia_unidade,categoria,file_type,pred_sub,gold_primario,gold_aceito,pred_unidade,gold_unidades,fonte_texto,texto_chars,tokens_gold,tokens_gold_exclusivos,tokens_gold_exclusivos_unidade,gold_no_texto,gold_exclusivo_no_texto,gold_exclusivo_unidade_no_texto,pred_no_texto,titulo
MF,archive-of-formal-proofs-355fb8,ausente,,,,,,"[""provadores-de-teoremas""]","[""provadores-de-teoremas""]",,,,,,,,,,,,
MF,exerciciosformalizacaoalgoritmosrecursao3,acerto,rotulo_presente,rotulo_presente,listas,pdf,especificacao-de-funcoes-recursivas,"[""especificacao-de-funcoes-recursivas""]","[""especificacao-de-conjuntos-indutivos"", ""especificacao-de-funcoes-recursivas""]",unidade-01-metodos-formais,"[""unidade-01-metodos-formais""]",markdown,1566,3,2,2,"[""recursivas""]","[""recursivas""]","[""recursivas""]","[""recursivas""]",ExerciciosFormalizacaoAlgoritmosRecursao3
MF,formalizacaoalgoritmos-recursao2,acerto,rotulo_presente,rotulo_presente,outros,pdf,especificacao-de-funcoes-recursivas,"[""especificacao-de-funcoes-recursivas""]","[""especificacao-de-conjuntos-indutivos"", ""especificacao-de-funcoes-recursivas""]",unidade-01-metodos-formais,"[""unidade-01-metodos-formais""]",markdown,2890,3,2,2,"[""funcoes"", ""recursivas""]","[""funcoes"", ""recursivas""]","[""funcoes"", ""recursivas""]","[""funcoes"", ""recursivas""]",FormalizacaoAlgoritmos_Recursao2
MF,exerciciosconjuntosindutivos,acerto,rotulo_presente,rotulo_presente,listas,pdf,especificacao-de-conjuntos-indutivos,"[""especificacao-de-conjuntos-indutivos""]","[""especificacao-de-conjuntos-indutivos""]",unidade-01-metodos-formais,"[""unidade-01-metodos-formais""]",markdown,2100,3,2,2,"[""conjuntos"", ""indutivos""]","[""conjuntos"", ""indutivos""]","[""conjuntos"", ""indutivos""]","[""conjuntos"", ""indutivos""]",ExerciciosConjuntosIndutivos
MF,conjuntosindutivos,acerto,rotulo_presente,rotulo_presente,outros,pdf,especificacao-de-conjuntos-indutivos,"[""especificacao-de-conjuntos-indutivos""]","[""especificacao-de-conjuntos-indutivos""]",unidade-01-metodos-formais,"[""unidade-01-metodos-formais""]",markdown,14437,3,2,2,"[""conjuntos"", ""indutivos""]","[""conjuntos"", ""indutivos""]","[""conjuntos"", ""indutivos""]","[""conjuntos"", ""indutivos""]",ConjuntosIndutivos
MF,logicapredicados-semantica,errado_unidade_certa,rotulo_generico,rotulo_presente,material-de-aula,pdf,especificacao-de-funcoes-recursivas,"[""fundamentos-de-logica-de-primeira-ordem""]","[""fundamentos-de-logica-de-primeira-ordem""]",unidade-01-metodos-formais,"[""unidade-01-metodos-formais""]",markdown,9333,4,2,4,"[""logica""]",[],"[""logica""]","[""funcoes""]",logicaPredicados_semantica
MF,logicapredicados-sintaxe,acerto,rotulo_presente,rotulo_presente,material-de-aula,pdf,fundamentos-de-logica-de-primeira-ordem,"[""fundamentos-de-logica-de-primeira-ordem""]","[""fundamentos-de-logica-de-primeira-ordem""]",unidade-01-metodos-formais,"[""unidade-01-metodos-formais""]",markdown,10341,4,2,4,"[""logica"", ""ordem"", ""primeira""]","[""ordem"", ""primeira""]","[""logica"", ""ordem"", ""primeira""]","[""logica"", ""ordem"", ""primeira""]",logicaPredicados_sintaxe
MF,logicaproposicional-sintaxe,vazio,rotulo_ausente,rotulo_ausente,material-de-aula,pdf,,"[""linguagens-de-especificacao-e-logicas""]","[""fundamentos-de-logica-de-primeira-ordem"", ""linguagens-de-especificacao-e-logicas""]",unidade-01-metodos-formais,"[""unidade-01-metodos-formais""]",markdown,9017,3,1,2,[],[],[],[],logicaProposicional_sintaxe
MF,revisao,vazio,rotulo_presente,rotulo_presente,outros,pdf,,"[""sistemas-formais""]","[""sistemas-formais""]",unidade-01-metodos-formais,"[""unidade-01-metodos-formais""]",markdown,8467,2,1,2,"[""formais""]","[""formais""]","[""formais""]",[],revisao
MF,introducao,acerto,rotulo_presente,rotulo_presente,outros,pdf,abordagens-para-verificacao-formal,"[""abordagens-para-verificacao-formal""]","[""abordagens-para-verificacao-formal"", ""exemplos-de-aplicacoes""]",unidade-01-metodos-formais,"[""unidade-01-metodos-formais""]",markdown,12634,4,1,4,"[""abordagens"", ""formal"", ""para"", ""verificacao""]","[""abordagens""]","[""abordagens"", ""formal"", ""para"", ""verificacao""]","[""abordagens"", ""formal"", ""para"", ""verificacao""]",introducao
MF,provasindutivas-especificacoesrecursivas,acerto,rotulo_presente,rotulo_presente,material-de-aula,pdf,especificacao-de-funcoes-recursivas,"[""especificacao-de-funcoes-recursivas""]","[""abordagens-para-verificacao-formal"", ""especificacao-de-funcoes-recursivas""]",unidade-01-metodos-formais,"[""unidade-01-metodos-formais""]",markdown,6629,3,2,2,"[""especificacao"", ""funcoes"", ""recursivas""]","[""funcoes"", ""recursivas""]","[""funcoes"", ""recursivas""]","[""especificacao"", ""funcoes"", ""recursivas""]",ProvasIndutivas_EspecificaçõesRecursivas
MF,provasindutivas-especificacoesrecursivas-arvores,acerto,rotulo_presente,rotulo_presente,material-de-aula,pdf,especificacao-de-funcoes-recursivas,"[""especificacao-de-funcoes-recursivas""]","[""abordagens-para-verificacao-formal"", ""especificacao-de-funcoes-recursivas""]",unidade-01-metodos-formais,"[""unidade-01-metodos-formais""]",markdown,2452,3,2,2,"[""recursivas""]","[""recursivas""]","[""recursivas""]","[""recursivas""]",ProvasIndutivas_EspecificaçõesRecursivas_Arvores
MF,provasindutivas-especificacoesrecursivas-listas,acerto,rotulo_presente,rotulo_presente,material-de-aula,pdf,especificacao-de-funcoes-recursivas,"[""especificacao-de-funcoes-recursivas""]","[""abordagens-para-verificacao-formal"", ""especificacao-de-funcoes-recursivas""]",unidade-01-metodos-formais,"[""unidade-01-metodos-formais""]",markdown,2626,3,2,2,"[""recursivas""]","[""recursivas""]","[""recursivas""]","[""recursivas""]",ProvasIndutivas_EspecificaçõesRecursivas_Listas
MF,exercicioscorrecaoinducaomatematica,acerto,rotulo_presente,rotulo_presente,listas,pdf,especificacao-de-funcoes-recursivas,"[""especificacao-de-funcoes-recursivas""]","[""abordagens-para-verificacao-formal"", ""especificacao-de-funcoes-recursivas""]",unidade-01-metodos-formais,"[""unidade-01-metodos-formais""]",markdown,2172,3,2,2,"[""especificacao"", ""recursivas""]","[""recursivas""]","[""recursivas""]","[""especificacao"", ""recursivas""]",ExerciciosCorrecaoInducaoMatematica
MF,exerciciosespecificacao-respostas,acerto,rotulo_presente,rotulo_presente,listas,pdf,linguagens-de-especificacao-e-logicas,"[""linguagens-de-especificacao-e-logicas""]","[""linguagens-de-especificacao-e-logicas""]",unidade-01-metodos-formais,"[""unidade-01-metodos-formais""]",markdown,5627,3,1,2,"[""especificacao"", ""linguagens""]","[""linguagens""]","[""linguagens""]","[""especificacao"", ""linguagens""]",ExerciciosEspecificacao_respostas
MF,exerciciosespecificacao,acerto,rotulo_presente,rotulo_presente,listas,pdf,linguagens-de-especificacao-e-logicas,"[""linguagens-de-especificacao-e-logicas""]","[""linguagens-de-especificacao-e-logicas""]",unidade-01-metodos-formais,"[""unidade-01-metodos-formais""]",markdown,3584,3,1,2,"[""especificacao"", ""linguagens"", ""logicas""]","[""linguagens""]","[""linguagens"", ""logicas""]","[""especificacao"", ""linguagens"", ""logicas""]",ExerciciosEspecificacao
MF,exerciciosformalizacaoalgoritmosrecursao2,acerto,rotulo_presente,rotulo_presente,listas,pdf,especificacao-de-funcoes-recursivas,"[""especificacao-de-funcoes-recursivas""]","[""especificacao-de-conjuntos-indutivos"", ""especificacao-de-funcoes-recursivas""]",unidade-01-metodos-formais,"[""unidade-01-metodos-formais""]",markdown,1226,3,2,2,"[""recursivas""]","[""recursivas""]","[""recursivas""]","[""recursivas""]",ExerciciosFormalizacaoAlgoritmosRecursao2
MF,exerciciosisabelle2,aceito_nao_primario,rotulo_generico,rotulo_presente,listas,pdf,especificacao-de-funcoes-recursivas,"[""provadores-de-teoremas""]","[""especificacao-de-funcoes-recursivas"", ""provadores-de-teoremas""]",unidade-01-metodos-formais,"[""unidade-01-metodos-formais""]",markdown,2926,4,3,4,"[""prova""]",[],"[""prova""]","[""especificacao"", ""recursivas""]",ExerciciosIsabelle2
MF,logicaproposicional-semantica,vazio,rotulo_ausente,rotulo_ausente,material-de-aula,pdf,,"[""linguagens-de-especificacao-e-logicas""]","[""fundamentos-de-logica-de-primeira-ordem"", ""linguagens-de-especificacao-e-logicas""]",unidade-01-metodos-formais,"[""unidade-01-metodos-formais""]",markdown,12806,3,1,2,[],[],[],[],logicaProposicional_semantica
MF,exerciciosformalizacaoalgoritmosrecursao-respostas,acerto,rotulo_ausente,rotulo_ausente,listas,pdf,especificacao-de-funcoes-recursivas,"[""especificacao-de-funcoes-recursivas""]","[""especificacao-de-funcoes-recursivas""]",unidade-01-metodos-formais,"[""unidade-01-metodos-formais""]",markdown,842,3,2,2,[],[],[],[],ExerciciosFormalizacaoAlgoritmosRecursao_respostas
MF,formalizacaoalgoritmos-recursao,acerto,rotulo_presente,rotulo_presente,outros,pdf,especificacao-de-funcoes-recursivas,"[""especificacao-de-funcoes-recursivas""]","[""especificacao-de-funcoes-recursivas""]",unidade-01-metodos-formais,"[""unidade-01-metodos-formais""]",markdown,14870,3,2,2,"[""especificacao"", ""funcoes"", ""recursivas""]","[""funcoes"", ""recursivas""]","[""funcoes"", ""recursivas""]","[""especificacao"", ""funcoes"", ""recursivas""]",FormalizacaoAlgoritmos_Recursao
MF,formalizacaoalgoritmos-recursao3,acerto,rotulo_presente,rotulo_presente,outros,pdf,especificacao-de-funcoes-recursivas,"[""especificacao-de-funcoes-recursivas""]","[""especificacao-de-conjuntos-indutivos"", ""especificacao-de-funcoes-recursivas""]",unidade-01-metodos-formais,"[""unidade-01-metodos-formais""]",markdown,1857,3,2,2,"[""especificacao"", ""funcoes"", ""recursivas""]","[""funcoes"", ""recursivas""]","[""funcoes"", ""recursivas""]","[""especificacao"", ""funcoes"", ""recursivas""]",FormalizacaoAlgoritmos_Recursao3
MF,exerciciosisabelle,acerto,rotulo_presente,rotulo_presente,listas,pdf,provadores-de-teoremas,"[""provadores-de-teoremas""]","[""especificacao-de-funcoes-recursivas"", ""provadores-de-teoremas""]",unidade-01-metodos-formais,"[""unidade-01-metodos-formais""]",markdown,2656,4,3,4,"[""prova"", ""teoremas""]","[""teoremas""]","[""prova"", ""teoremas""]","[""prova"", ""teoremas""]",ExerciciosIsabelle
MF,exerciciosformalizacaoalgoritmosrecursao,acerto,rotulo_presente,rotulo_presente,listas,pdf,especificacao-de-funcoes-recursivas,"[""especificacao-de-funcoes-recursivas""]","[""especificacao-de-funcoes-recursivas""]",unidade-01-metodos-formais,"[""unidade-01-metodos-formais""]",markdown,1965,3,2,2,"[""funcoes"", ""recursivas""]","[""funcoes"", ""recursivas""]","[""funcoes"", ""recursivas""]","[""funcoes"", ""recursivas""]",ExerciciosFormalizacaoAlgoritmosRecursao
MF,arvores,vazio,rotulo_ausente,rotulo_ausente,codigo-professor,code,,"[""provadores-de-teoremas""]","[""especificacao-de-funcoes-recursivas"", ""provadores-de-teoremas""]",unidade-01-metodos-formais,"[""unidade-01-metodos-formais""]",markdown,1238,4,3,4,[],[],[],[],arvores
MF,exemplos,errado_unidade_certa,rotulo_generico,rotulo_presente,codigo-professor,code,exemplos-de-aplicacoes,"[""provadores-de-teoremas""]","[""especificacao-de-conjuntos-indutivos"", ""especificacao-de-funcoes-recursivas"", ""provadores-de-teoremas""]",unidade-01-metodos-formais,"[""unidade-01-metodos-formais""]",markdown,1389,4,3,4,"[""prova""]",[],"[""prova""]","[""exemplos""]",exemplos
MF,intro,vazio,rotulo_ausente,rotulo_ausente,codigo-professor,code,,"[""provadores-de-teoremas""]","[""especificacao-de-conjuntos-indutivos"", ""especificacao-de-funcoes-recursivas"", ""provadores-de-teoremas""]",unidade-01-metodos-formais,"[""unidade-01-metodos-formais""]",markdown,1174,4,3,4,[],[],[],[],intro
MF,listas,vazio,rotulo_ausente,rotulo_ausente,codigo-professor,code,,"[""provadores-de-teoremas""]","[""especificacao-de-funcoes-recursivas"", ""provadores-de-teoremas""]",unidade-01-metodos-formais,"[""unidade-01-metodos-formais""]",markdown,1446,4,3,4,[],[],[],[],listas
MF,provas,vazio,rotulo_ausente,rotulo_ausente,codigo-professor,code,,"[""provadores-de-teoremas""]","[""especificacao-de-funcoes-recursivas"", ""provadores-de-teoremas""]",unidade-01-metodos-formais,"[""unidade-01-metodos-formais""]",markdown,2558,4,3,4,[],[],[],[],provas
MF,correcaoterminacao,acerto,rotulo_presente,rotulo_presente,outros,pdf,correcao-parcial-e-total,"[""correcao-parcial-e-total""]","[""correcao-parcial-e-total"", ""invariante-e-variante-de-laco""]",unidade-02-verificacao-de-programas,"[""unidade-02-verificacao-de-programas""]",markdown,10988,3,3,3,"[""correcao"", ""parcial"", ""total""]","[""correcao"", ""parcial"", ""total""]","[""correcao"", ""parcial"", ""total""]","[""correcao"", ""parcial"", ""total""]",CorrecaoTerminacao
MF,exercicioscorrecaoterminacao,aceito_nao_primario,rotulo_presente,rotulo_presente,listas,pdf,invariante-e-variante-de-laco,"[""correcao-parcial-e-total""]","[""correcao-parcial-e-total"", ""invariante-e-variante-de-laco"", ""softwares-de-suporte-a-verificacao-formal-de-programas""]",unidade-02-verificacao-de-programas,"[""unidade-02-verificacao-de-programas""]",markdown,1821,3,3,3,"[""correcao""]","[""correcao""]","[""correcao""]","[""laco"", ""variante""]",ExerciciosCorrecaoTerminacao
MF,exerciciosformalizacaoalgoritmosinvariantes,acerto,rotulo_presente,rotulo_presente,listas,pdf,invariante-e-variante-de-laco,"[""invariante-e-variante-de-laco""]","[""invariante-e-variante-de-laco""]",unidade-02-verificacao-de-programas,"[""unidade-02-verificacao-de-programas""]",markdown,2427,3,3,3,"[""invariante"", ""laco""]","[""invariante"", ""laco""]","[""invariante"", ""laco""]","[""invariante"", ""laco""]",ExerciciosFormalizacaoAlgoritmosInvariantes
MF,formalizacaoalgoritmos-invarianteslaco,acerto,rotulo_presente,rotulo_presente,outros,pdf,invariante-e-variante-de-laco,"[""invariante-e-variante-de-laco""]","[""invariante-e-variante-de-laco""]",unidade-02-verificacao-de-programas,"[""unidade-02-verificacao-de-programas""]",markdown,20857,3,3,3,"[""invariante"", ""laco""]","[""invariante"", ""laco""]","[""invariante"", ""laco""]","[""invariante"", ""laco""]",FormalizacaoAlgoritmos_InvariantesLaco
MF,logicadehoare,acerto,rotulo_presente,rotulo_presente,outros,pdf,logica-de-hoare,"[""logica-de-hoare""]","[""logica-de-hoare"", ""pre-e-pos-condicoes""]",unidade-02-verificacao-de-programas,"[""unidade-02-verificacao-de-programas""]",markdown,14516,3,2,3,"[""hoare"", ""logica""]","[""hoare""]","[""hoare"", ""logica""]","[""hoare"", ""logica""]",LogicaDeHoare
MF,logicadehoare2,aceito_nao_primario,rotulo_presente,rotulo_presente,outros,pdf,invariante-e-variante-de-laco,"[""logica-de-hoare""]","[""invariante-e-variante-de-laco"", ""logica-de-hoare"", ""pre-e-pos-condicoes""]",unidade-02-verificacao-de-programas,"[""unidade-02-verificacao-de-programas""]",markdown,4910,3,2,3,"[""hoare"", ""logica""]","[""hoare""]","[""hoare"", ""logica""]","[""invariante"", ""laco""]",LogicaDeHoare2
MF,exerciciosdafny1,errado_unidade_certa,rotulo_generico,rotulo_generico,listas,pdf,correcao-parcial-e-total,"[""softwares-de-suporte-a-verificacao-formal-de-programas""]","[""pre-e-pos-condicoes"", ""softwares-de-suporte-a-verificacao-formal-de-programas"", ""verificacao-de-programas""]",unidade-02-verificacao-de-programas,"[""unidade-02-verificacao-de-programas""]",markdown,1759,5,0,3,"[""verificacao""]",[],[],"[""correcao""]",ExerciciosDafny1
MF,exerciciosdafny2,errado_unidade_certa,rotulo_generico,rotulo_generico,listas,pdf,pre-e-pos-condicoes,"[""softwares-de-suporte-a-verificacao-formal-de-programas""]","[""softwares-de-suporte-a-verificacao-formal-de-programas"", ""verificacao-de-programas""]",unidade-02-verificacao-de-programas,"[""unidade-02-verificacao-de-programas""]",markdown,3730,5,0,3,"[""verificacao""]",[],[],"[""condicoes""]",ExerciciosDafny2
MF,exerciciosdafny3,vazio,rotulo_generico,rotulo_generico,listas,pdf,,"[""softwares-de-suporte-a-verificacao-formal-de-programas""]","[""softwares-de-suporte-a-verificacao-formal-de-programas"", ""verificacao-de-programas""]",unidade-02-verificacao-de-programas,"[""unidade-02-verificacao-de-programas""]",markdown,1765,5,0,3,"[""verificacao""]",[],[],[],ExerciciosDafny3
MF,exerciciosdafny4,errado_unidade_certa,rotulo_generico,rotulo_generico,listas,pdf,correcao-parcial-e-total,"[""softwares-de-suporte-a-verificacao-formal-de-programas""]","[""softwares-de-suporte-a-verificacao-formal-de-programas"", ""verificacao-de-programas""]",unidade-02-verificacao-de-programas,"[""unidade-02-verificacao-de-programas""]",markdown,3540,5,0,3,"[""verificacao""]",[],[],"[""correcao""]",ExerciciosDafny4
MF,exerciciosdafny5,errado_unidade_certa,rotulo_generico,rotulo_generico,listas,pdf,correcao-parcial-e-total,"[""softwares-de-suporte-a-verificacao-formal-de-programas""]","[""pre-e-pos-condicoes"", ""softwares-de-suporte-a-verificacao-formal-de-programas"", ""verificacao-de-programas""]",unidade-02-verificacao-de-programas,"[""unidade-02-verificacao-de-programas""]",markdown,1999,5,0,3,"[""verificacao""]",[],[],"[""correcao"", ""total""]",ExerciciosDafny5
MF,verificacaomodelos,acerto,rotulo_presente,rotulo_presente,outros,pdf,verificacao-de-modelos-model-checking,"[""verificacao-de-modelos-model-checking""]","[""especificacao-de-propriedades-para-sistemas-sequenciais-e-concorrentes"", ""fundamentos-de-logicas-temporais"", ""modelos-de-kripke"", ""verificacao-de-modelos-model-checking""]",unidade-03-verificacao-de-modelos,"[""unidade-03-verificacao-de-modelos""]",markdown,24023,5,3,3,"[""checking"", ""model"", ""modelos"", ""verificacao""]","[""checking"", ""model""]","[""checking"", ""model""]","[""checking"", ""model"", ""modelos"", ""verificacao""]",verificacaomodelos
MF,exercicioslogicatemporal,errado_unidade_certa,rotulo_ausente,rotulo_ausente,listas,pdf,modelos-de-kripke,"[""fundamentos-de-logicas-temporais""]","[""fundamentos-de-logicas-temporais"", ""logica-temporal-linear"", ""logica-temporal-ramificada"", ""verificacao-de-modelos-model-checking""]",unidade-03-verificacao-de-modelos,"[""unidade-03-verificacao-de-modelos""]",markdown,3675,3,1,3,[],[],[],"[""kripke"", ""modelos""]",ExerciciosLogicaTemporal
MF,exerciciosnusmv,vazio,rotulo_generico,rotulo_generico,listas,pdf,,"[""softwares-de-suporte-a-verificacao-formal-de-modelos""]","[""softwares-de-suporte-a-verificacao-formal-de-modelos"", ""verificacao-de-modelos-model-checking""]",unidade-03-verificacao-de-modelos,"[""unidade-03-verificacao-de-modelos""]",markdown,3484,5,0,3,"[""modelos"", ""verificacao""]",[],[],[],ExerciciosNusmv
MF,classes-parte1,errado_unidade_certa,rotulo_ausente,rotulo_ausente,codigo-professor,zip,invariante-e-variante-de-laco,"[""pre-e-pos-condicoes""]","[""pre-e-pos-condicoes"", ""softwares-de-suporte-a-verificacao-formal-de-programas"", ""verificacao-de-programas""]",unidade-02-verificacao-de-programas,"[""unidade-02-verificacao-de-programas""]",resumo_codigo,1298,2,2,2,[],[],[],"[""invariante""]",classes_parte1
MF,colecoes-arrays,vazio,rotulo_ausente,rotulo_ausente,codigo-professor,zip,,"[""softwares-de-suporte-a-verificacao-formal-de-programas""]","[""softwares-de-suporte-a-verificacao-formal-de-programas"", ""verificacao-de-programas""]",unidade-02-verificacao-de-programas,"[""unidade-02-verificacao-de-programas""]",resumo_codigo,629,5,0,3,[],[],[],[],colecoes_arrays
MF,colecoes-conjuntos,vazio,rotulo_ausente,rotulo_ausente,codigo-professor,zip,,"[""softwares-de-suporte-a-verificacao-formal-de-programas""]","[""softwares-de-suporte-a-verificacao-formal-de-programas"", ""verificacao-de-programas""]",unidade-02-verificacao-de-programas,"[""unidade-02-verificacao-de-programas""]",resumo_codigo,1086,5,0,3,[],[],[],[],colecoes_conjuntos
MF,colecoes-sequences,vazio,rotulo_ausente,rotulo_ausente,codigo-professor,zip,,"[""softwares-de-suporte-a-verificacao-formal-de-programas""]","[""softwares-de-suporte-a-verificacao-formal-de-programas"", ""verificacao-de-programas""]",unidade-02-verificacao-de-programas,"[""unidade-02-verificacao-de-programas""]",resumo_codigo,913,5,0,3,[],[],[],[],colecoes_sequences
MF,exercicios-conjuntos,vazio,rotulo_ausente,rotulo_ausente,codigo-professor,zip,,"[""softwares-de-suporte-a-verificacao-formal-de-programas""]","[""invariante-e-variante-de-laco"", ""softwares-de-suporte-a-verificacao-formal-de-programas"", ""verificacao-de-programas""]",unidade-02-verificacao-de-programas,"[""unidade-02-verificacao-de-programas""]",resumo_codigo,1426,5,0,3,[],[],[],[],exercicios_conjuntos
MF,hoare,errado_unidade_certa,rotulo_presente,rotulo_presente,codigo-professor,zip,correcao-parcial-e-total,"[""logica-de-hoare""]","[""logica-de-hoare"", ""softwares-de-suporte-a-verificacao-formal-de-programas"", ""verificacao-de-programas""]",unidade-02-verificacao-de-programas,"[""unidade-02-verificacao-de-programas""]",resumo_codigo,502,3,2,3,"[""hoare"", ""logica""]","[""hoare""]","[""hoare"", ""logica""]","[""correcao""]",hoare
MF,introducao-zip,vazio,rotulo_generico,rotulo_generico,codigo-professor,zip,,"[""softwares-de-suporte-a-verificacao-formal-de-programas""]","[""softwares-de-suporte-a-verificacao-formal-de-programas"", ""verificacao-de-programas""]",unidade-02-verificacao-de-programas,"[""unidade-02-verificacao-de-programas""]",resumo_codigo,801,5,0,3,"[""verificacao""]",[],[],[],introducao
MF,invariantes,errado_unidade_certa,rotulo_presente,rotulo_presente,codigo-professor,zip,sistema-de-prova,"[""invariante-e-variante-de-laco""]","[""invariante-e-variante-de-laco""]",unidade-02-verificacao-de-programas,"[""unidade-02-verificacao-de-programas""]",resumo_codigo,304,3,3,3,"[""laco""]","[""laco""]","[""laco""]","[""prova""]",invariantes
MF,terminacao,vazio,rotulo_ausente,rotulo_ausente,codigo-professor,zip,,"[""correcao-parcial-e-total""]","[""correcao-parcial-e-total"", ""invariante-e-variante-de-laco""]",unidade-02-verificacao-de-programas,"[""unidade-02-verificacao-de-programas""]",resumo_codigo,395,3,3,3,[],[],[],[],terminacao
MF,tiposindutivos,vazio,rotulo_ausente,rotulo_ausente,codigo-professor,zip,,"[""softwares-de-suporte-a-verificacao-formal-de-programas""]","[""softwares-de-suporte-a-verificacao-formal-de-programas""]",unidade-02-verificacao-de-programas,"[""unidade-02-verificacao-de-programas""]",resumo_codigo,465,5,0,3,[],[],[],[],tiposindutivos
MF,exemplos-zip,errado_unidade_certa,rotulo_ausente,rotulo_ausente,codigo-professor,zip,maquinas-de-estado,"[""softwares-de-suporte-a-verificacao-formal-de-modelos""]","[""softwares-de-suporte-a-verificacao-formal-de-modelos"", ""verificacao-de-modelos-model-checking""]",unidade-03-verificacao-de-modelos,"[""unidade-03-verificacao-de-modelos""]",resumo_codigo,335,5,0,3,[],[],[],"[""state""]",exemplos
MF,exerciciosformalizacaoalgoritmosrecursao3-respostas,acerto,rotulo_ausente,rotulo_ausente,listas,pdf,especificacao-de-funcoes-recursivas,"[""especificacao-de-funcoes-recursivas""]","[""especificacao-de-funcoes-recursivas""]",unidade-01-metodos-formais,"[""unidade-01-metodos-formais""]",markdown,601,3,2,2,[],[],[],[],ExerciciosFormalizacaoAlgoritmosRecursao3_respostas
MF,classes-parte2,aceito_nao_primario,rotulo_ausente,rotulo_ausente,codigo-professor,zip,invariante-e-variante-de-laco,"[""verificacao-de-programas""]","[""invariante-e-variante-de-laco"", ""pre-e-pos-condicoes"", ""softwares-de-suporte-a-verificacao-formal-de-programas"", ""verificacao-de-programas""]",unidade-02-verificacao-de-programas,"[""unidade-02-verificacao-de-programas""]",resumo_codigo,732,2,0,0,[],[],[],"[""invariante""]",classes_parte2
MF,exercicios-arrays,errado_unidade_certa,rotulo_ausente,rotulo_ausente,codigo-professor,zip,sistema-de-prova,"[""softwares-de-suporte-a-verificacao-formal-de-programas""]","[""invariante-e-variante-de-laco"", ""pre-e-pos-condicoes"", ""softwares-de-suporte-a-verificacao-formal-de-programas"", ""verificacao-de-programas""]",unidade-02-verificacao-de-programas,"[""unidade-02-verificacao-de-programas""]",resumo_codigo,688,5,0,3,[],[],[],"[""prova""]",exercicios_arrays
MF,logicadehoare-exercicios-respostas,acerto,rotulo_ausente,rotulo_ausente,listas,pdf,logica-de-hoare,"[""logica-de-hoare""]","[""logica-de-hoare""]",unidade-02-verificacao-de-programas,"[""unidade-02-verificacao-de-programas""]",markdown,1051,3,2,3,[],[],[],[],LogicaDeHoare_exercicios_respostas
SO,2403-escalonamento-de-processos,acerto,rotulo_generico,rotulo_generico,outros,pdf,escalonamento,"[""escalonamento""]","[""escalonamento""]",unidade-02-gerencia-do-processador,"[""unidade-02-gerencia-do-processador""]",markdown,5095,1,0,0,"[""escalonamento""]",[],[],"[""escalonamento""]",24.03 Escalonamento de Processos
SO,2603-algoritmos-de-escalonamento,acerto,rotulo_presente,rotulo_presente,outros,pdf,algoritmos-de-escalonamento,"[""algoritmos-de-escalonamento""]","[""algoritmos-de-escalonamento""]",unidade-02-gerencia-do-processador,"[""unidade-02-gerencia-do-processador""]",markdown,23382,2,1,1,"[""algoritmos"", ""escalonamento""]","[""algoritmos""]","[""algoritmos""]","[""algoritmos"", ""escalonamento""]",26.03 Algoritmos de Escalonamento
SO,exercicios,vazio,rotulo_ausente,rotulo_ausente,listas,pdf,,"[""algoritmos-de-escalonamento""]","[""algoritmos-de-escalonamento""]",unidade-02-gerencia-do-processador,"[""unidade-02-gerencia-do-processador""]",markdown,14970,2,1,1,[],[],[],[],Exercícios
SO,definicao-e-historico,aceito_nao_primario,rotulo_ausente,rotulo_ausente,outros,pdf,servicos-dos-sistemas-operacionais,"[""evolucao-historica""]","[""evolucao-historica"", ""servicos-dos-sistemas-operacionais""]",unidade-01-introducao-ao-estudo-de-sistemas-operacionais,"[""unidade-01-introducao-ao-estudo-de-sistemas-operacionais""]",markdown,17332,2,2,2,[],[],[],"[""operacionais"", ""servicos"", ""sistemas""]",Definição e Histórico
SO,1203-processos,acerto,rotulo_presente,rotulo_presente,outros,pdf,chamadas-de-sistema,"[""chamadas-de-sistema""]","[""chamadas-de-sistema"", ""servicos-dos-sistemas-operacionais""]",unidade-01-introducao-ao-estudo-de-sistemas-operacionais,"[""unidade-01-introducao-ao-estudo-de-sistemas-operacionais""]",markdown,6030,2,2,2,"[""chamadas"", ""sistema""]","[""chamadas"", ""sistema""]","[""chamadas"", ""sistema""]","[""chamadas"", ""sistema""]",12.03 Processos
SO,1703-chamada-de-sistema,acerto,rotulo_presente,rotulo_presente,outros,pdf,chamadas-de-sistema,"[""chamadas-de-sistema""]","[""chamadas-de-sistema""]",unidade-01-introducao-ao-estudo-de-sistemas-operacionais,"[""unidade-01-introducao-ao-estudo-de-sistemas-operacionais""]",markdown,5950,2,2,2,"[""sistema""]","[""sistema""]","[""sistema""]","[""sistema""]",17.03 Chamada de Sistema
SO,1903-estruturas-de-controle,errado_unidade_certa,rotulo_ausente,rotulo_ausente,outros,pdf,escalonamento,"[""conceitos-basicos""]","[""conceitos-basicos""]",unidade-02-gerencia-do-processador,"[""unidade-02-gerencia-do-processador"", ""unidade-04-deadlock""]",markdown,4543,2,2,2,[],[],[],"[""escalonamento""]",19.03 Estruturas de Controle
SO,exemplo-criacao-de-processos-no-unix-linux-filho,vazio,rotulo_ausente,rotulo_ausente,codigo-professor,code,,"[""chamadas-de-sistema""]","[""chamadas-de-sistema""]",unidade-01-introducao-ao-estudo-de-sistemas-operacionais,"[""unidade-01-introducao-ao-estudo-de-sistemas-operacionais""]",markdown,526,2,2,2,[],[],[],[],Exemplo Criação de Processos no Unix Linux - filho
SO,exemplo-criacao-de-processos-no-unix-linux-teste01,acerto,rotulo_ausente,rotulo_ausente,codigo-professor,code,chamadas-de-sistema,"[""chamadas-de-sistema""]","[""chamadas-de-sistema""]",unidade-01-introducao-ao-estudo-de-sistemas-operacionais,"[""unidade-01-introducao-ao-estudo-de-sistemas-operacionais""]",markdown,478,2,2,2,[],[],[],[],Exemplo Criação de Processos no Unix Linux - teste01
SO,exemplo-criacao-de-processos-no-unix-linux-teste02,acerto,rotulo_ausente,rotulo_ausente,codigo-professor,code,chamadas-de-sistema,"[""chamadas-de-sistema""]","[""chamadas-de-sistema""]",unidade-01-introducao-ao-estudo-de-sistemas-operacionais,"[""unidade-01-introducao-ao-estudo-de-sistemas-operacionais""]",markdown,728,2,2,2,[],[],[],[],Exemplo Criação de Processos no Unix Linux - teste02
SO,exemplo-criacao-de-processos-no-unix-linux-teste03,acerto,rotulo_ausente,rotulo_ausente,codigo-professor,code,chamadas-de-sistema,"[""chamadas-de-sistema""]","[""chamadas-de-sistema""]",unidade-01-introducao-ao-estudo-de-sistemas-operacionais,"[""unidade-01-introducao-ao-estudo-de-sistemas-operacionais""]",markdown,892,2,2,2,[],[],[],[],Exemplo Criação de Processos no Unix Linux - teste03
SO,3103-threads,errado_unidade_certa,rotulo_ausente,rotulo_ausente,outros,pdf,escalonamento,"[""conceitos-basicos""]","[""conceitos-basicos""]",unidade-02-gerencia-do-processador,"[""unidade-02-gerencia-do-processador"", ""unidade-04-deadlock""]",markdown,4804,2,2,2,[],[],[],"[""escalonamento""]",31.03 Threads
SO,exemplo-threads-em-c-exemplo1,errado_unidade_certa,rotulo_ausente,rotulo_ausente,codigo-professor,code,algoritmos-de-escalonamento,"[""conceitos-basicos""]","[""conceitos-basicos""]",unidade-02-gerencia-do-processador,"[""unidade-02-gerencia-do-processador"", ""unidade-04-deadlock""]",markdown,1244,2,2,2,[],[],[],[],Exemplo threads em C - exemplo1
SO,exemplo-threads-em-c-exemplo2,errado_unidade_certa,rotulo_ausente,rotulo_ausente,codigo-professor,code,algoritmos-de-escalonamento,"[""conceitos-basicos""]","[""conceitos-basicos""]",unidade-02-gerencia-do-processador,"[""unidade-02-gerencia-do-processador"", ""unidade-04-deadlock""]",markdown,1137,2,2,2,[],[],[],[],Exemplo threads em C - exemplo2
SO,exemplo-threads-em-c-exemplo3,vazio,rotulo_ausente,rotulo_ausente,codigo-professor,code,,"[""conceitos-basicos""]","[""conceitos-basicos""]",unidade-02-gerencia-do-processador,"[""unidade-02-gerencia-do-processador"", ""unidade-04-deadlock""]",markdown,1525,2,2,2,[],[],[],[],Exemplo threads em C - exemplo3
IA,rede-perceptron,errado_unidade_certa,rotulo_ausente,rotulo_ausente,outros,pdf,introducao-ao-aprendizado-de-maquina,"[""modelos-preditivos""]","[""modelos-preditivos""]",unidade-de-aprendizagem-05-aprendizado-de-maquina,"[""unidade-de-aprendizagem-05-aprendizado-de-maquina""]",markdown,31814,3,2,2,[],[],[],"[""aprendizado"", ""aula"", ""exemplo""]",Rede Perceptron
IA,mlp,errado_unidade_certa,rotulo_generico,rotulo_generico,outros,pdf,introducao-ao-aprendizado-de-maquina,"[""modelos-preditivos""]","[""modelos-preditivos""]",unidade-de-aprendizagem-05-aprendizado-de-maquina,"[""unidade-de-aprendizagem-05-aprendizado-de-maquina""]",markdown,70971,3,2,2,"[""modelos""]",[],[],"[""agrupamento"", ""aprendizado"", ""exemplo"", ""introducao"", ""learning"", ""machine""]",MLP
IA,arvores-de-decisao,errado_unidade_certa,rotulo_generico,rotulo_generico,outros,pdf,introducao-ao-aprendizado-de-maquina,"[""modelos-preditivos""]","[""modelos-preditivos""]",unidade-de-aprendizagem-05-aprendizado-de-maquina,"[""unidade-de-aprendizagem-05-aprendizado-de-maquina""]",markdown,55386,3,2,2,"[""modelos""]",[],[],"[""aprendizado"", ""exemplo"", ""learning"", ""machine"", ""maquina"", ""supervisionado""]",Árvores de Decisão
IA,aula-sobre-agrupamento-parte-1-particional,errado_unidade_certa,rotulo_ausente,rotulo_ausente,material-de-aula,pdf,introducao-ao-aprendizado-de-maquina,"[""modelos-descritivos""]","[""modelos-descritivos"", ""paradigmas-de-aprendizado""]",unidade-de-aprendizagem-05-aprendizado-de-maquina,"[""unidade-de-aprendizagem-05-aprendizado-de-maquina""]",markdown,42945,3,2,2,[],[],[],"[""agrupamento"", ""aprendizado"", ""aula"", ""exemplo"", ""hierarquico"", ""introducao"", ""learning"", ""machine"", ""maquina"", ""means"", ""supervisionado""]",Aula sobre Agrupamento - parte 1 (particional)
IA,aula-sobre-agrupamento-parte-2-hierarquico,errado_unidade_certa,rotulo_ausente,rotulo_ausente,material-de-aula,pdf,introducao-ao-aprendizado-de-maquina,"[""modelos-descritivos""]","[""modelos-descritivos""]",unidade-de-aprendizagem-05-aprendizado-de-maquina,"[""unidade-de-aprendizagem-05-aprendizado-de-maquina""]",markdown,38181,3,2,2,[],[],[],"[""agrupamento"", ""aprendizado"", ""aula"", ""exemplo"", ""hierarquico"", ""learning"", ""machine"", ""maquina"", ""supervisionado""]",Aula sobre Agrupamento - parte 2 (hierarquico)
IA,caracteristicas-dos-dados,acerto,rotulo_presente,rotulo_presente,outros,pdf,introducao-ao-aprendizado-de-maquina,"[""introducao-ao-aprendizado-de-maquina""]","[""introducao-ao-aprendizado-de-maquina""]",unidade-de-aprendizagem-05-aprendizado-de-maquina,"[""unidade-de-aprendizagem-05-aprendizado-de-maquina""]",markdown,23632,11,9,10,"[""aprendizado"", ""exemplo"", ""maquina""]","[""exemplo"", ""maquina""]","[""exemplo"", ""maquina""]","[""aprendizado"", ""exemplo"", ""maquina""]",Características dos Dados
IA,introducao-a-ml,acerto,rotulo_presente,rotulo_presente,outros,pdf,introducao-ao-aprendizado-de-maquina,"[""introducao-ao-aprendizado-de-maquina""]","[""introducao-ao-aprendizado-de-maquina"", ""paradigmas-de-aprendizado""]",unidade-de-aprendizagem-05-aprendizado-de-maquina,"[""unidade-de-aprendizagem-05-aprendizado-de-maquina""]",markdown,33160,11,9,10,"[""agrupamento"", ""aprendizado"", ""exemplo"", ""introducao"", ""learning"", ""machine"", ""maquina"", ""means"", ""supervisionado""]","[""agrupamento"", ""exemplo"", ""learning"", ""machine"", ""maquina"", ""means"", ""supervisionado""]","[""agrupamento"", ""exemplo"", ""introducao"", ""learning"", ""machine"", ""maquina"", ""means"", ""supervisionado""]","[""agrupamento"", ""aprendizado"", ""exemplo"", ""introducao"", ""learning"", ""machine"", ""maquina"", ""means"", ""supervisionado""]",Introdução a ML
IA,algoritmo-de-classificacao-k-nn,errado_unidade_certa,rotulo_ausente,rotulo_ausente,outros,pdf,introducao-ao-aprendizado-de-maquina,"[""modelos-preditivos""]","[""modelos-preditivos""]",unidade-de-aprendizagem-05-aprendizado-de-maquina,"[""unidade-de-aprendizagem-05-aprendizado-de-maquina""]",markdown,15011,3,2,2,[],[],[],"[""aprendizado"", ""exemplo"", ""learning"", ""machine"", ""maquina"", ""supervisionado""]",Algoritmo de Classificação k-NN
IA,analise-exploratoria-dos-dados-exemplo-2,acerto,rotulo_presente,rotulo_presente,codigo-professor,code,introducao-ao-aprendizado-de-maquina,"[""introducao-ao-aprendizado-de-maquina""]","[""introducao-ao-aprendizado-de-maquina""]",unidade-de-aprendizagem-05-aprendizado-de-maquina,"[""unidade-de-aprendizagem-05-aprendizado-de-maquina""]",markdown,8069,11,9,10,"[""aula"", ""exemplo""]","[""aula"", ""exemplo""]","[""aula"", ""exemplo""]","[""aula"", ""exemplo""]",Analise Exploratória dos Dados - Exemplo 2
IA,artigo-usando-k-nn-em-texto,errado_unidade_certa,rotulo_generico,rotulo_generico,bibliografia,pdf,introducao-ao-aprendizado-de-maquina,"[""modelos-preditivos""]","[""modelos-preditivos""]",unidade-de-aprendizagem-05-aprendizado-de-maquina,"[""unidade-de-aprendizagem-05-aprendizado-de-maquina""]",markdown,35888,3,2,2,"[""modelos""]",[],[],"[""exemplo"", ""hierarquico"", ""introducao"", ""learning"", ""machine"", ""maquina""]",Artigo usando k-NN em texto
IA,exemplo-de-programa-com-k-nn-em-java,errado_unidade_certa,rotulo_ausente,rotulo_ausente,codigo-professor,zip,introducao-ao-aprendizado-de-maquina,"[""modelos-preditivos""]","[""modelos-preditivos""]",unidade-de-aprendizagem-05-aprendizado-de-maquina,"[""unidade-de-aprendizagem-05-aprendizado-de-maquina""]",resumo_codigo,937,3,2,2,[],[],[],"[""exemplo""]",Exemplo de programa com k-NN (em java)
IA,introducao-a-redes-neurais,errado_unidade_certa,rotulo_ausente,rotulo_ausente,outros,pdf,introducao-ao-aprendizado-de-maquina,"[""modelos-preditivos""]","[""modelos-preditivos""]",unidade-de-aprendizagem-05-aprendizado-de-maquina,"[""unidade-de-aprendizagem-05-aprendizado-de-maquina""]",markdown,12497,3,2,2,[],[],[],"[""agrupamento"", ""aprendizado"", ""introducao""]",Introducao a redes neurais
IA,rede-perceptron-e-equacao-de-reta,errado_unidade_certa,rotulo_ausente,rotulo_ausente,outros,pdf,introducao-ao-aprendizado-de-maquina,"[""modelos-preditivos""]","[""modelos-preditivos""]",unidade-de-aprendizagem-05-aprendizado-de-maquina,"[""unidade-de-aprendizagem-05-aprendizado-de-maquina""]",markdown,3423,3,2,2,[],[],[],"[""exemplo""]",Rede Perceptron e Equação de Reta
IA,como-analisar-resultados-acc-pr-re-e-f1,errado_unidade_certa,rotulo_presente,rotulo_presente,outros,pdf,introducao-ao-aprendizado-de-maquina,"[""metricas-de-avaliacao""]","[""metricas-de-avaliacao""]",unidade-de-aprendizagem-05-aprendizado-de-maquina,"[""unidade-de-aprendizagem-05-aprendizado-de-maquina""]",markdown,73122,4,4,4,"[""avaliacao"", ""medidas""]","[""avaliacao"", ""medidas""]","[""avaliacao"", ""medidas""]","[""agrupamento"", ""aula"", ""exemplo"", ""maquina""]","Como analisar resultados Acc, Pr, Re e F1"
IA,agrupamento-usando-k-means-exemplo-1-ipynb,errado_unidade_certa,rotulo_ausente,rotulo_ausente,codigo-professor,code,introducao-ao-aprendizado-de-maquina,"[""modelos-descritivos""]","[""modelos-descritivos""]",unidade-de-aprendizagem-05-aprendizado-de-maquina,"[""unidade-de-aprendizagem-05-aprendizado-de-maquina""]",markdown,7647,3,2,2,[],[],[],"[""agrupamento"", ""aprendizado"", ""exemplo"", ""means"", ""supervisionado""]",agrupamento usando k-Means exemplo 1 (.ipynb)
IA,agrupamento-usando-k-means-exemplo-2-ipynb,errado_unidade_certa,rotulo_ausente,rotulo_ausente,codigo-professor,code,introducao-ao-aprendizado-de-maquina,"[""modelos-descritivos""]","[""modelos-descritivos""]",unidade-de-aprendizagem-05-aprendizado-de-maquina,"[""unidade-de-aprendizagem-05-aprendizado-de-maquina""]",markdown,9176,3,2,2,[],[],[],"[""agrupamento"", ""aprendizado"", ""aula"", ""exemplo"", ""means"", ""supervisionado""]",agrupamento usando k-Means exemplo 2 (.ipynb)
IA,artigo-usando-agrupamento,errado_unidade_certa,rotulo_ausente,rotulo_ausente,bibliografia,pdf,introducao-ao-aprendizado-de-maquina,"[""modelos-descritivos""]","[""modelos-descritivos""]",unidade-de-aprendizagem-05-aprendizado-de-maquina,"[""unidade-de-aprendizagem-05-aprendizado-de-maquina""]",markdown,23843,3,2,2,[],[],[],"[""agrupamento"", ""exemplo"", ""introducao"", ""learning"", ""maquina"", ""supervisionado""]",Artigo usando agrupamento
IA,survey-on-clustering,errado_unidade_certa,rotulo_ausente,rotulo_ausente,outros,pdf,introducao-ao-aprendizado-de-maquina,"[""modelos-descritivos""]","[""modelos-descritivos""]",unidade-de-aprendizagem-05-aprendizado-de-maquina,"[""unidade-de-aprendizagem-05-aprendizado-de-maquina""]",markdown,74831,3,2,2,[],[],[],"[""learning"", ""machine"", ""means""]",Survey on Clustering
IA,analise-exploratoria-de-dados-exemplo-1,acerto,rotulo_presente,rotulo_presente,codigo-professor,code,introducao-ao-aprendizado-de-maquina,"[""introducao-ao-aprendizado-de-maquina""]","[""introducao-ao-aprendizado-de-maquina""]",unidade-de-aprendizagem-05-aprendizado-de-maquina,"[""unidade-de-aprendizagem-05-aprendizado-de-maquina""]",markdown,11076,11,9,10,"[""exemplo""]","[""exemplo""]","[""exemplo""]","[""exemplo""]",Análise Exploratória de Dados - Exemplo 1
IA,exemplo-2-k-nn-com-iriscsv-mais-completo,errado_unidade_certa,rotulo_ausente,rotulo_ausente,codigo-professor,code,introducao-ao-aprendizado-de-maquina,"[""modelos-preditivos""]","[""modelos-preditivos""]",unidade-de-aprendizagem-05-aprendizado-de-maquina,"[""unidade-de-aprendizagem-05-aprendizado-de-maquina""]",markdown,8047,3,2,2,[],[],[],"[""exemplo""]",Exemplo 2 k-NN (com IRIS.csv) - mais completo
IA,exemplo-com-k-nn,errado_unidade_certa,rotulo_ausente,rotulo_ausente,codigo-professor,code,introducao-ao-aprendizado-de-maquina,"[""modelos-preditivos""]","[""modelos-preditivos""]",unidade-de-aprendizagem-05-aprendizado-de-maquina,"[""unidade-de-aprendizagem-05-aprendizado-de-maquina""]",markdown,5993,3,2,2,[],[],[],"[""exemplo""]",Exemplo com k-NN
IA,exercicio-2-solucao-com-rede-perceptron-atualizado,errado_unidade_certa,rotulo_ausente,rotulo_ausente,codigo-professor,code,introducao-ao-aprendizado-de-maquina,"[""modelos-preditivos""]","[""modelos-preditivos""]",unidade-de-aprendizagem-05-aprendizado-de-maquina,"[""unidade-de-aprendizagem-05-aprendizado-de-maquina""]",markdown,9906,3,2,2,[],[],[],[],Exercicio 2 - Solução com rede Perceptron (atualizado)
IA,k-nn-para-classificacao-exemplo-cardio,errado_unidade_certa,rotulo_ausente,rotulo_ausente,codigo-professor,code,introducao-ao-aprendizado-de-maquina,"[""modelos-preditivos""]","[""modelos-preditivos""]",unidade-de-aprendizagem-05-aprendizado-de-maquina,"[""unidade-de-aprendizagem-05-aprendizado-de-maquina""]",markdown,7571,3,2,2,[],[],[],"[""exemplo""]",K-NN para Classificação Exemplo Cardio
IA,k-nn-para-regressao-exemplo-imc,errado_unidade_certa,rotulo_ausente,rotulo_ausente,codigo-professor,code,introducao-ao-aprendizado-de-maquina,"[""modelos-preditivos""]","[""modelos-preditivos""]",unidade-de-aprendizagem-05-aprendizado-de-maquina,"[""unidade-de-aprendizagem-05-aprendizado-de-maquina""]",markdown,4980,3,2,2,[],[],[],"[""exemplo""]",K-NN para Regressão exemplo IMC
IA,rede-perceptron-classificacao-planta-iris,errado_unidade_certa,rotulo_ausente,rotulo_ausente,codigo-professor,code,introducao-ao-aprendizado-de-maquina,"[""modelos-preditivos""]","[""modelos-preditivos""]",unidade-de-aprendizagem-05-aprendizado-de-maquina,"[""unidade-de-aprendizagem-05-aprendizado-de-maquina""]",markdown,9891,3,2,2,[],[],[],"[""exemplo""]",Rede Perceptron - Classificacao - Planta Iris
IA,rede-perceptron-classificacao-de-cliente,errado_unidade_certa,rotulo_ausente,rotulo_ausente,codigo-professor,code,introducao-ao-aprendizado-de-maquina,"[""modelos-preditivos""]","[""modelos-preditivos""]",unidade-de-aprendizagem-05-aprendizado-de-maquina,"[""unidade-de-aprendizagem-05-aprendizado-de-maquina""]",markdown,8699,3,2,2,[],[],[],[],Rede Perceptron - Classificacao de Cliente
IA,rede-perceptron-exemplo-atualizado,errado_unidade_certa,rotulo_ausente,rotulo_ausente,codigo-professor,code,introducao-ao-aprendizado-de-maquina,"[""modelos-preditivos""]","[""modelos-preditivos""]",unidade-de-aprendizagem-05-aprendizado-de-maquina,"[""unidade-de-aprendizagem-05-aprendizado-de-maquina""]",markdown,4841,3,2,2,[],[],[],"[""aprendizado"", ""exemplo"", ""learning""]",Rede Perceptron - Exemplo Atualizado
IA,rede-perceptron-or-em-python,errado_unidade_certa,rotulo_ausente,rotulo_ausente,codigo-professor,code,introducao-ao-aprendizado-de-maquina,"[""modelos-preditivos""]","[""modelos-preditivos""]",unidade-de-aprendizagem-05-aprendizado-de-maquina,"[""unidade-de-aprendizagem-05-aprendizado-de-maquina""]",markdown,3099,3,2,2,[],[],[],[],Rede Perceptron - OR em Python
IA,rede-perceptron-reconhecendo-letras,errado_unidade_certa,rotulo_ausente,rotulo_ausente,codigo-professor,code,introducao-ao-aprendizado-de-maquina,"[""modelos-preditivos""]","[""modelos-preditivos""]",unidade-de-aprendizagem-05-aprendizado-de-maquina,"[""unidade-de-aprendizagem-05-aprendizado-de-maquina""]",markdown,6768,3,2,2,[],[],[],[],Rede Perceptron - Reconhecendo Letras
IA,mlp-xoripynb,errado_unidade_certa,rotulo_ausente,rotulo_ausente,codigo-professor,code,introducao-ao-aprendizado-de-maquina,"[""modelos-preditivos""]","[""modelos-preditivos""]",unidade-de-aprendizagem-05-aprendizado-de-maquina,"[""unidade-de-aprendizagem-05-aprendizado-de-maquina""]",markdown,3755,3,2,2,[],[],[],"[""learning""]",MLP - XOR.ipynb
IA,mlp-classificacao-inadimplencia-normalizacao-e-gridsearchcv,errado_unidade_certa,rotulo_ausente,rotulo_ausente,codigo-professor,code,introducao-ao-aprendizado-de-maquina,"[""modelos-preditivos""]","[""metricas-de-avaliacao"", ""modelos-preditivos""]",unidade-de-aprendizagem-05-aprendizado-de-maquina,"[""unidade-de-aprendizagem-05-aprendizado-de-maquina""]",markdown,11420,3,2,2,[],[],[],"[""exemplo"", ""learning""]",MLP Classificação - Inadimplência (normalização e GridSearchCV)
IA,mlp-classificacao-iris-atualizado,errado_unidade_certa,rotulo_ausente,rotulo_ausente,codigo-professor,code,introducao-ao-aprendizado-de-maquina,"[""modelos-preditivos""]","[""modelos-preditivos""]",unidade-de-aprendizagem-05-aprendizado-de-maquina,"[""unidade-de-aprendizagem-05-aprendizado-de-maquina""]",markdown,10250,3,2,2,[],[],[],"[""aula"", ""exemplo"", ""learning""]",MLP Classificação - IRIS atualizado
IA,mlp-regressao-cardio,errado_unidade_certa,rotulo_ausente,rotulo_ausente,codigo-professor,code,introducao-ao-aprendizado-de-maquina,"[""modelos-preditivos""]","[""modelos-preditivos""]",unidade-de-aprendizagem-05-aprendizado-de-maquina,"[""unidade-de-aprendizagem-05-aprendizado-de-maquina""]",markdown,9759,3,2,2,[],[],[],"[""exemplo"", ""learning""]",MLP Regressão - Cardio
IA,xor-backpropagation-em-python,errado_unidade_certa,rotulo_ausente,rotulo_ausente,codigo-professor,code,introducao-ao-aprendizado-de-maquina,"[""modelos-preditivos""]","[""modelos-preditivos""]",unidade-de-aprendizagem-05-aprendizado-de-maquina,"[""unidade-de-aprendizagem-05-aprendizado-de-maquina""]",markdown,7555,3,2,2,[],[],[],"[""aprendizado""]",XOR - Backpropagation em python
IA,exemplo-1-arvores-de-decisao-classificacao-planta-iris,errado_unidade_certa,rotulo_ausente,rotulo_ausente,codigo-professor,code,introducao-ao-aprendizado-de-maquina,"[""modelos-preditivos""]","[""modelos-preditivos""]",unidade-de-aprendizagem-05-aprendizado-de-maquina,"[""unidade-de-aprendizagem-05-aprendizado-de-maquina""]",markdown,3948,3,2,2,[],[],[],"[""aprendizado"", ""exemplo"", ""learning"", ""machine"", ""supervisionado""]",Exemplo 1 - Árvores de Decisão Classificação - Planta Iris
IA,exemplo-2-arvores-de-decisao-regressao-diabetes,errado_unidade_certa,rotulo_ausente,rotulo_ausente,codigo-professor,code,introducao-ao-aprendizado-de-maquina,"[""modelos-preditivos""]","[""modelos-preditivos""]",unidade-de-aprendizagem-05-aprendizado-de-maquina,"[""unidade-de-aprendizagem-05-aprendizado-de-maquina""]",markdown,3677,3,2,2,[],[],[],"[""aprendizado"", ""exemplo"", ""learning"", ""machine"", ""supervisionado""]",Exemplo 2 - Arvores de Decisão - Regressão - Diabetes
IA,exemplo-complementar-classificacao-com-arvores-de-decisao,aceito_nao_primario,rotulo_ausente,rotulo_ausente,codigo-professor,code,metricas-de-avaliacao,"[""modelos-preditivos""]","[""metricas-de-avaliacao"", ""modelos-preditivos""]",unidade-de-aprendizagem-05-aprendizado-de-maquina,"[""unidade-de-aprendizagem-05-aprendizado-de-maquina""]",markdown,3580,3,2,2,[],[],[],"[""avaliacao"", ""metricas""]",Exemplo Complementar - Classificação com Árvores de Decisão
IA,agrupamento-hierarquico-exemplo-1,errado_unidade_certa,rotulo_ausente,rotulo_ausente,codigo-professor,code,introducao-ao-aprendizado-de-maquina,"[""modelos-descritivos""]","[""modelos-descritivos""]",unidade-de-aprendizagem-05-aprendizado-de-maquina,"[""unidade-de-aprendizagem-05-aprendizado-de-maquina""]",markdown,5057,3,2,2,[],[],[],"[""agrupamento"", ""aprendizado"", ""exemplo"", ""hierarquico"", ""supervisionado""]",agrupamento hierarquico - exemplo 1
IA,agrupamento-hierarquico-exemplo-2-use-o-dataset-da-planta-iris,errado_unidade_certa,rotulo_ausente,rotulo_ausente,codigo-professor,code,introducao-ao-aprendizado-de-maquina,"[""modelos-descritivos""]","[""modelos-descritivos""]",unidade-de-aprendizagem-05-aprendizado-de-maquina,"[""unidade-de-aprendizagem-05-aprendizado-de-maquina""]",markdown,7492,3,2,2,[],[],[],"[""agrupamento"", ""aprendizado"", ""exemplo"", ""hierarquico"", ""supervisionado""]",agrupamento hierarquico - exemplo 2 (use o dataset da planta IRIS)
ES2,revisaoarquiteturapadroes,aceito_nao_primario,rotulo_generico,rotulo_presente,outros,pdf,estilos-e-padroes-arquiteturais,"[""conceito-de-arquitetura-de-software""]","[""conceito-de-arquitetura-de-software"", ""estilos-e-padroes-arquiteturais""]",unidade-01-arquitetura-de-software,"[""unidade-01-arquitetura-de-software""]",markdown,47331,3,0,2,"[""arquitetura"", ""conceito"", ""software""]",[],"[""conceito"", ""software""]","[""arquiteturais"", ""estilos"", ""padroes""]",RevisaoArquiteturaPadroes
ES2,microsservicos2,errado_unidade_certa,rotulo_generico,rotulo_generico,outros,pdf,estilos-e-padroes-arquiteturais,"[""estudo-de-caso-arquitetura-orientada-a-microsservicos""]","[""estudo-de-caso-arquitetura-orientada-a-microsservicos""]",unidade-01-arquitetura-de-software,"[""unidade-01-arquitetura-de-software""]",markdown,5110,5,0,2,"[""arquitetura"", ""microsservicos""]",[],[],"[""arquiteturais"", ""padroes""]",microsservicos2
ES2,microsservicos3,errado_unidade_certa,rotulo_generico,rotulo_generico,outros,pdf,estilos-e-padroes-arquiteturais,"[""estudo-de-caso-arquitetura-orientada-a-microsservicos""]","[""estudo-de-caso-arquitetura-orientada-a-microsservicos""]",unidade-01-arquitetura-de-software,"[""unidade-01-arquitetura-de-software""]",markdown,5909,5,0,2,"[""microsservicos""]",[],[],"[""arquiteturais"", ""padroes""]",microsservicos3
ES2,roteiro1-introducao,errado_unidade_certa,rotulo_generico,rotulo_presente,outros,pdf,estilos-e-padroes-arquiteturais,"[""estudo-de-caso-arquitetura-orientada-a-microsservicos""]","[""estudo-de-caso-arquitetura-orientada-a-microsservicos"", ""orientada-a-microsservicos""]",unidade-01-arquitetura-de-software,"[""unidade-01-arquitetura-de-software""]",markdown,21724,5,0,2,"[""arquitetura"", ""caso"", ""microsservicos""]",[],"[""caso""]",[],Roteiro1_introducao
ES2,roteiro2-nameserver,errado_unidade_certa,rotulo_generico,rotulo_presente,outros,pdf,estilos-e-padroes-arquiteturais,"[""estudo-de-caso-arquitetura-orientada-a-microsservicos""]","[""estudo-de-caso-arquitetura-orientada-a-microsservicos""]",unidade-01-arquitetura-de-software,"[""unidade-01-arquitetura-de-software""]",markdown,14068,5,0,2,"[""arquitetura"", ""caso"", ""microsservicos""]",[],"[""caso""]",[],Roteiro2_nameserver
ES2,servicos,acerto,rotulo_presente,rotulo_presente,outros,pdf,orientada-a-servicos,"[""orientada-a-servicos""]","[""orientada-a-servicos""]",unidade-01-arquitetura-de-software,"[""unidade-01-arquitetura-de-software""]",markdown,15841,2,1,1,"[""orientada"", ""servicos""]","[""servicos""]","[""servicos""]","[""orientada"", ""servicos""]",servicos
ES2,web,acerto,rotulo_presente,rotulo_presente,outros,pdf,cliente-servidor,"[""cliente-servidor""]","[""camadas"", ""cliente-servidor""]",unidade-01-arquitetura-de-software,"[""unidade-01-arquitetura-de-software""]",markdown,8749,2,2,2,"[""cliente"", ""servidor""]","[""cliente"", ""servidor""]","[""cliente"", ""servidor""]","[""cliente"", ""servidor""]",web
ES2,microsservicos5,errado_unidade_certa,rotulo_presente,rotulo_presente,outros,pdf,entrega-continua-cd,"[""plataformas-de-devops""]","[""estudo-de-caso-integracao-e-implantacao-de-microsservicos"", ""plataformas-de-devops""]",unidade-02-integracao-de-desenvolvimento-e-operacao-devops,"[""unidade-02-integracao-de-desenvolvimento-e-operacao-devops""]",markdown,10937,2,1,1,"[""plataformas""]","[""plataformas""]","[""plataformas""]","[""cd"", ""continua"", ""entrega""]",microsservicos5
ES2,microsservicos6,errado_unidade_certa,rotulo_ausente,rotulo_ausente,outros,pdf,gerenciamento-da-configuracao,"[""estudo-de-caso-integracao-e-implantacao-de-microsservicos""]","[""estudo-de-caso-integracao-e-implantacao-de-microsservicos""]",unidade-02-integracao-de-desenvolvimento-e-operacao-devops,"[""unidade-02-integracao-de-desenvolvimento-e-operacao-devops""]",markdown,13832,5,1,4,[],[],[],"[""configuracao"", ""gerenciamento""]",microsservicos6
ES2,microsservicos7,errado_unidade_certa,rotulo_generico,rotulo_presente,outros,pdf,gerenciamento-da-configuracao,"[""estudo-de-caso-integracao-e-implantacao-de-microsservicos""]","[""estudo-de-caso-integracao-e-implantacao-de-microsservicos""]",unidade-02-integracao-de-desenvolvimento-e-operacao-devops,"[""unidade-02-integracao-de-desenvolvimento-e-operacao-devops""]",markdown,11277,5,1,4,"[""microsservicos""]",[],"[""microsservicos""]","[""gerenciamento""]",microsservicos7
ES2,roteiro1,vazio,rotulo_ausente,rotulo_ausente,codigo-professor,zip,,"[""estudo-de-caso-arquitetura-orientada-a-microsservicos""]","[""estudo-de-caso-arquitetura-orientada-a-microsservicos""]",unidade-01-arquitetura-de-software,"[""unidade-01-arquitetura-de-software""]",resumo_codigo,1940,5,0,2,[],[],[],[],roteiro1
ES2,roteiro2,vazio,rotulo_ausente,rotulo_ausente,codigo-professor,zip,,"[""estudo-de-caso-arquitetura-orientada-a-microsservicos""]","[""estudo-de-caso-arquitetura-orientada-a-microsservicos""]",unidade-01-arquitetura-de-software,"[""unidade-01-arquitetura-de-software""]",resumo_codigo,2015,5,0,2,[],[],[],[],roteiro2
ES2,roteiro3,vazio,rotulo_ausente,rotulo_ausente,codigo-professor,zip,,"[""estudo-de-caso-arquitetura-orientada-a-microsservicos""]","[""estudo-de-caso-arquitetura-orientada-a-microsservicos""]",unidade-01-arquitetura-de-software,"[""unidade-01-arquitetura-de-software""]",resumo_codigo,2018,5,0,2,[],[],[],[],roteiro3
ES2,roteiro4-circuitbreaker,errado_unidade_errada,rotulo_generico,rotulo_presente,outros,pdf,estilos-e-padroes-arquiteturais,"[""estudo-de-caso-integracao-e-implantacao-de-microsservicos""]","[""estudo-de-caso-integracao-e-implantacao-de-microsservicos""]",unidade-01-arquitetura-de-software,"[""unidade-02-integracao-de-desenvolvimento-e-operacao-devops""]",markdown,16097,5,1,4,"[""caso"", ""integracao"", ""microsservicos""]",[],"[""caso"", ""microsservicos""]",[],Roteiro4_circuitbreaker
ES2,roteiro5,acerto,rotulo_ausente,rotulo_ausente,codigo-professor,zip,estudo-de-caso-integracao-e-implantacao-de-microsservicos,"[""estudo-de-caso-integracao-e-implantacao-de-microsservicos""]","[""estudo-de-caso-integracao-e-implantacao-de-microsservicos""]",unidade-02-integracao-de-desenvolvimento-e-operacao-devops,"[""unidade-02-integracao-de-desenvolvimento-e-operacao-devops""]",resumo_codigo,2018,5,1,4,[],[],[],[],roteiro5
ES2,roteiro5-conteiners,acerto,rotulo_presente,rotulo_presente,outros,pdf,estudo-de-caso-integracao-e-implantacao-de-microsservicos,"[""estudo-de-caso-integracao-e-implantacao-de-microsservicos""]","[""estudo-de-caso-integracao-e-implantacao-de-microsservicos"", ""plataformas-de-devops""]",unidade-02-integracao-de-desenvolvimento-e-operacao-devops,"[""unidade-02-integracao-de-desenvolvimento-e-operacao-devops""]",markdown,19639,5,1,4,"[""caso"", ""implantacao"", ""integracao"", ""microsservicos""]","[""implantacao""]","[""caso"", ""implantacao"", ""microsservicos""]","[""caso"", ""implantacao"", ""integracao"", ""microsservicos""]",Roteiro5_conteiners
ES2,roteiro6,acerto,rotulo_ausente,rotulo_ausente,codigo-professor,zip,estudo-de-caso-integracao-e-implantacao-de-microsservicos,"[""estudo-de-caso-integracao-e-implantacao-de-microsservicos""]","[""estudo-de-caso-integracao-e-implantacao-de-microsservicos""]",unidade-02-integracao-de-desenvolvimento-e-operacao-devops,"[""unidade-02-integracao-de-desenvolvimento-e-operacao-devops""]",resumo_codigo,2018,5,1,4,[],[],[],[],roteiro6
ES2,roteiro6-conteiners-composicao,errado_unidade_certa,rotulo_generico,rotulo_presente,outros,pdf,gerenciamento-da-configuracao,"[""estudo-de-caso-integracao-e-implantacao-de-microsservicos""]","[""estudo-de-caso-integracao-e-implantacao-de-microsservicos"", ""plataformas-de-devops""]",unidade-02-integracao-de-desenvolvimento-e-operacao-devops,"[""unidade-02-integracao-de-desenvolvimento-e-operacao-devops""]",markdown,9929,5,1,4,"[""caso"", ""microsservicos""]",[],"[""caso"", ""microsservicos""]","[""configuracao""]",Roteiro6_conteiners_composicao
ES2,roteiro7,acerto,rotulo_ausente,rotulo_ausente,codigo-professor,zip,estudo-de-caso-integracao-e-implantacao-de-microsservicos,"[""estudo-de-caso-integracao-e-implantacao-de-microsservicos""]","[""estudo-de-caso-integracao-e-implantacao-de-microsservicos""]",unidade-02-integracao-de-desenvolvimento-e-operacao-devops,"[""unidade-02-integracao-de-desenvolvimento-e-operacao-devops""]",resumo_codigo,2016,5,1,4,[],[],[],[],roteiro7
ES2,roteiro7-filas,errado_unidade_certa,rotulo_generico,rotulo_presente,outros,pdf,gerenciamento-da-configuracao,"[""estudo-de-caso-integracao-e-implantacao-de-microsservicos""]","[""estudo-de-caso-integracao-e-implantacao-de-microsservicos""]",unidade-02-integracao-de-desenvolvimento-e-operacao-devops,"[""unidade-02-integracao-de-desenvolvimento-e-operacao-devops""]",markdown,23587,5,1,4,"[""caso"", ""microsservicos""]",[],"[""caso"", ""microsservicos""]","[""configuracao"", ""gerenciamento""]",Roteiro7_filas
ES2,roteiro7-history-service,acerto,rotulo_ausente,rotulo_ausente,codigo-professor,zip,estudo-de-caso-integracao-e-implantacao-de-microsservicos,"[""estudo-de-caso-integracao-e-implantacao-de-microsservicos""]","[""estudo-de-caso-integracao-e-implantacao-de-microsservicos""]",unidade-02-integracao-de-desenvolvimento-e-operacao-devops,"[""unidade-02-integracao-de-desenvolvimento-e-operacao-devops""]",resumo_codigo,842,5,1,4,[],[],[],[],roteiro7_history-service
ES2,roteiro8-autenticacao-autorizacao,errado_unidade_certa,rotulo_generico,rotulo_presente,outros,pdf,gerenciamento-da-configuracao,"[""estudo-de-caso-integracao-e-implantacao-de-microsservicos""]","[""estudo-de-caso-integracao-e-implantacao-de-microsservicos""]",unidade-02-integracao-de-desenvolvimento-e-operacao-devops,"[""unidade-02-integracao-de-desenvolvimento-e-operacao-devops""]",markdown,7869,5,1,4,"[""microsservicos""]",[],"[""microsservicos""]","[""configuracao""]",Roteiro8_autenticacao_autorizacao
ES2,microsservicos,errado_unidade_certa,rotulo_generico,rotulo_generico,outros,pdf,estilos-e-padroes-arquiteturais,"[""orientada-a-microsservicos""]","[""orientada-a-microsservicos""]",unidade-01-arquitetura-de-software,"[""unidade-01-arquitetura-de-software""]",markdown,30990,2,0,0,"[""microsservicos""]",[],[],"[""arquiteturais"", ""estilos"", ""padroes""]",microsservicos
ES2,microsservicos4,errado_unidade_errada,rotulo_generico,rotulo_presente,outros,pdf,estilos-e-padroes-arquiteturais,"[""estudo-de-caso-integracao-e-implantacao-de-microsservicos""]","[""estudo-de-caso-integracao-e-implantacao-de-microsservicos""]",unidade-01-arquitetura-de-software,"[""unidade-02-integracao-de-desenvolvimento-e-operacao-devops""]",markdown,5997,5,1,4,"[""microsservicos""]",[],"[""microsservicos""]","[""arquiteturais"", ""padroes""]",microsservicos4
ES2,roteiro3-gateway,errado_unidade_certa,rotulo_generico,rotulo_presente,outros,pdf,cliente-servidor,"[""estudo-de-caso-arquitetura-orientada-a-microsservicos""]","[""estudo-de-caso-arquitetura-orientada-a-microsservicos""]",unidade-01-arquitetura-de-software,"[""unidade-01-arquitetura-de-software""]",markdown,10429,5,0,2,"[""arquitetura"", ""caso"", ""microsservicos""]",[],"[""caso""]","[""cliente"", ""servidor""]",Roteiro3_gateway
ES2,devops,errado_unidade_certa,rotulo_generico,rotulo_generico,outros,pdf,integracao-continua-ci,"[""conceito-de-devops""]","[""conceito-de-devops"", ""gerenciamento-da-configuracao""]",unidade-02-integracao-de-desenvolvimento-e-operacao-devops,"[""unidade-02-integracao-de-desenvolvimento-e-operacao-devops""]",markdown,20021,2,0,1,"[""devops""]",[],[],"[""ci"", ""continua"", ""integracao""]",devops
ES2,kubernetes,errado_unidade_certa,rotulo_ausente,rotulo_ausente,outros,pdf,estudo-de-caso-integracao-e-implantacao-de-microsservicos,"[""plataformas-de-devops""]","[""plataformas-de-devops""]",unidade-02-integracao-de-desenvolvimento-e-operacao-devops,"[""unidade-02-integracao-de-desenvolvimento-e-operacao-devops""]",markdown,4109,2,1,1,[],[],[],"[""implantacao""]",Kubernetes
ES2,roteiro4,vazio,rotulo_ausente,rotulo_ausente,codigo-professor,zip,,"[""estudo-de-caso-integracao-e-implantacao-de-microsservicos""]","[""estudo-de-caso-integracao-e-implantacao-de-microsservicos""]",unidade-01-arquitetura-de-software,"[""unidade-02-integracao-de-desenvolvimento-e-operacao-devops""]",resumo_codigo,2018,5,1,4,[],[],[],[],roteiro4
TCC,aula-04-funcoes-computaveis-funcoes-recursivas-parciais-pdf,acerto,rotulo_presente,rotulo_presente,material-de-aula,pdf,funcoes-recursivas-primitivas-e-funcoes-recursivas-parciais,"[""funcoes-recursivas-primitivas-e-funcoes-recursivas-parciais""]","[""funcoes-recursivas-primitivas-e-funcoes-recursivas-parciais""]",unidade-01-conjuntos-enumeraveis-e-funcoes-recursivas,"[""unidade-01-conjuntos-enumeraveis-e-funcoes-recursivas""]",markdown,25516,4,4,4,"[""funcoes"", ""parciais"", ""primitivas"", ""recursivas""]","[""funcoes"", ""parciais"", ""primitivas"", ""recursivas""]","[""funcoes"", ""parciais"", ""primitivas"", ""recursivas""]","[""funcoes"", ""parciais"", ""primitivas"", ""recursivas""]",Aula 04 - Funções Computáveis Funções Recursivas Parciais
TCC,t1-enunciado,acerto,rotulo_presente,rotulo_presente,trabalhos,pdf,funcoes-recursivas-primitivas-e-funcoes-recursivas-parciais,"[""funcoes-recursivas-primitivas-e-funcoes-recursivas-parciais""]","[""argumento-diagonal-de-cantor-e-conjuntos-incontaveis"", ""conjuntos-enumeraveis"", ""funcoes-recursivas-primitivas-e-funcoes-recursivas-parciais""]",unidade-01-conjuntos-enumeraveis-e-funcoes-recursivas,"[""unidade-01-conjuntos-enumeraveis-e-funcoes-recursivas""]",markdown,2311,4,4,4,"[""funcoes"", ""parciais"", ""primitivas"", ""recursivas""]","[""funcoes"", ""parciais"", ""primitivas"", ""recursivas""]","[""funcoes"", ""parciais"", ""primitivas"", ""recursivas""]","[""funcoes"", ""parciais"", ""primitivas"", ""recursivas""]",T1 - Enunciado
TCC,aula-07-maquinas-de-turing-e-linguagens-recursivamente-enumeraveis,acerto,rotulo_generico,rotulo_generico,material-de-aula,pdf,maquinas-de-turing,"[""maquinas-de-turing""]","[""linguagens-reconheciveis-e-decidiveis"", ""maquinas-de-turing""]",unidade-02-turing-computabilidade,"[""unidade-02-turing-computabilidade""]",markdown,25269,2,0,0,"[""maquinas"", ""turing""]",[],[],"[""maquinas"", ""turing""]",Aula 07 - Máquinas de Turing e Linguagens Recursivamente Enumeráveis
TCC,aula-08-maquinas-de-turing-como-processadoras-de-funcoes,aceito_nao_primario,rotulo_presente,rotulo_presente,material-de-aula,pdf,maquinas-de-turing,"[""conjectura-de-church-turing""]","[""conjectura-de-church-turing"", ""maquinas-de-turing""]",unidade-02-turing-computabilidade,"[""unidade-02-turing-computabilidade""]",markdown,21712,3,2,2,"[""church"", ""turing""]","[""church""]","[""church""]","[""maquinas"", ""turing""]",Aula 08 - Máquinas de Turing como Processadoras de Funções
TCC,aula-10-linguagens-reconhecıveis-e-linguagens-decidıveis-pdf,acerto,rotulo_presente,rotulo_presente,material-de-aula,pdf,linguagens-reconheciveis-e-decidiveis,"[""linguagens-reconheciveis-e-decidiveis""]","[""linguagens-reconheciveis-e-decidiveis"", ""maquinas-de-turing-universais""]",unidade-02-turing-computabilidade,"[""unidade-02-turing-computabilidade""]",markdown,24488,3,3,3,"[""decidiveis"", ""linguagens"", ""reconheciveis""]","[""decidiveis"", ""linguagens"", ""reconheciveis""]","[""decidiveis"", ""linguagens"", ""reconheciveis""]","[""decidiveis"", ""linguagens"", ""reconheciveis""]",Aula 10 - Linguagens Reconhecı́veis e Linguagens Decidı́veis
TCC,aula-01-apresentacao-da-disciplina-revisao-de-teoria-de-conjuntos-e-enumerabilidade,vazio,rotulo_generico,rotulo_generico,material-de-aula,pdf,,"[""conjuntos-enumeraveis""]","[""conjuntos-enumeraveis""]",unidade-01-conjuntos-enumeraveis-e-funcoes-recursivas,"[""unidade-01-conjuntos-enumeraveis-e-funcoes-recursivas""]",markdown,17482,2,1,1,"[""conjuntos""]",[],[],[],"Aula 01 - Apresentação da Disciplina, Revisão de Teoria de Conjuntos e Enumerabilidade"
TCC,aula-02-conjuntos-enumeraveis-e-nao-enumeraveis-argumento-da-diagonalizacao-de-cantor,aceito_nao_primario,rotulo_presente,rotulo_presente,material-de-aula,pdf,conjuntos-enumeraveis,"[""argumento-diagonal-de-cantor-e-conjuntos-incontaveis""]","[""argumento-diagonal-de-cantor-e-conjuntos-incontaveis"", ""conjuntos-enumeraveis""]",unidade-01-conjuntos-enumeraveis-e-funcoes-recursivas,"[""unidade-01-conjuntos-enumeraveis-e-funcoes-recursivas""]",markdown,19001,5,4,4,"[""argumento"", ""cantor"", ""conjuntos"", ""diagonal""]","[""argumento"", ""cantor"", ""diagonal""]","[""argumento"", ""cantor"", ""diagonal""]","[""conjuntos"", ""enumeraveis""]",Aula 02 - Conjuntos Enumeráveis e Não-Enumeráveis; Argumento da Diagonalização de Cantor
TCC,aula-03-funcoes-recursivas-primitivas-e-composicao-de-funcoes,acerto,rotulo_presente,rotulo_presente,material-de-aula,pdf,funcoes-recursivas-primitivas-e-funcoes-recursivas-parciais,"[""funcoes-recursivas-primitivas-e-funcoes-recursivas-parciais""]","[""funcoes-recursivas-primitivas-e-funcoes-recursivas-parciais""]",unidade-01-conjuntos-enumeraveis-e-funcoes-recursivas,"[""unidade-01-conjuntos-enumeraveis-e-funcoes-recursivas""]",markdown,25947,4,4,4,"[""funcoes"", ""parciais"", ""primitivas"", ""recursivas""]","[""funcoes"", ""parciais"", ""primitivas"", ""recursivas""]","[""funcoes"", ""parciais"", ""primitivas"", ""recursivas""]","[""funcoes"", ""parciais"", ""primitivas"", ""recursivas""]",Aula 03 - Funções Recursivas Primitivas e Composição de Funções
TCC,aula-05-minimizacao-de-funcoes-recursivas-parciais,acerto,rotulo_presente,rotulo_presente,material-de-aula,pdf,funcoes-recursivas-primitivas-e-funcoes-recursivas-parciais,"[""funcoes-recursivas-primitivas-e-funcoes-recursivas-parciais""]","[""funcoes-recursivas-primitivas-e-funcoes-recursivas-parciais""]",unidade-01-conjuntos-enumeraveis-e-funcoes-recursivas,"[""unidade-01-conjuntos-enumeraveis-e-funcoes-recursivas""]",markdown,22094,4,4,4,"[""funcoes"", ""parciais"", ""primitivas"", ""recursivas""]","[""funcoes"", ""parciais"", ""primitivas"", ""recursivas""]","[""funcoes"", ""parciais"", ""primitivas"", ""recursivas""]","[""funcoes"", ""parciais"", ""primitivas"", ""recursivas""]",Aula 05 - Minimização de Funções Recursivas Parciais
TCC,aula-06-revisao-alfabeto-cadeia-linguagem-hierarquia-de-chomsky-lemas-e-propriedades-de-automatos,acerto,rotulo_ausente,rotulo_ausente,material-de-aula,pdf,,"[""""]","[""""]",unidade-01-conjuntos-enumeraveis-e-funcoes-recursivas,[],markdown,34738,0,0,0,[],[],[],[],"Aula 06 - Revisão Alfabeto, Cadeia, Linguagem, Hierarquia de Chomsky, Lemas e Propriedades de Autômatos"
TCC,aula-09-variacoes-de-maquinas-de-turing,errado_unidade_certa,rotulo_presente,rotulo_presente,material-de-aula,pdf,maquinas-de-turing,"[""variacoes-de-maquinas-de-turing""]","[""variacoes-de-maquinas-de-turing""]",unidade-02-turing-computabilidade,"[""unidade-02-turing-computabilidade""]",markdown,21561,3,1,1,"[""maquinas"", ""turing"", ""variacoes""]","[""variacoes""]","[""variacoes""]","[""maquinas"", ""turing""]",Aula 09 - Variações de Máquinas de Turing
CG,intro,acerto,rotulo_presente,rotulo_presente,outros,html,origens,"[""origens""]","[""areas-relacionadas"", ""conceitos"", ""origens""]",unidade-01-introducao-ao-processamento-grafico,"[""unidade-01-introducao-ao-processamento-grafico""]",markdown,776,1,1,1,"[""origens""]","[""origens""]","[""origens""]","[""origens""]",intro
CG,origensdacomputacaografica,acerto,rotulo_presente,rotulo_presente,material-de-aula,pdf,origens,"[""origens""]","[""origens""]",unidade-01-introducao-ao-processamento-grafico,"[""unidade-01-introducao-ao-processamento-grafico""]",markdown,3252,1,1,1,"[""origens""]","[""origens""]","[""origens""]","[""origens""]",OrigensDaComputacaoGrafica
CG,segmentacaopptx,acerto,rotulo_presente,rotulo_presente,material-de-aula,pdf,segmentacao,"[""segmentacao""]","[""segmentacao""]",unidade-03-processamento-de-imagens-e-visao-computacional,"[""unidade-03-processamento-de-imagens-e-visao-computacional""]",markdown,5711,1,1,1,"[""segmentacao""]","[""segmentacao""]","[""segmentacao""]","[""segmentacao""]",Segmentacao.pptx
CG,segmentacaodetexturas,acerto,rotulo_presente,rotulo_presente,outros,pdf,segmentacao,"[""segmentacao""]","[""segmentacao""]",unidade-03-processamento-de-imagens-e-visao-computacional,"[""unidade-03-processamento-de-imagens-e-visao-computacional""]",markdown,10598,1,1,1,"[""segmentacao""]","[""segmentacao""]","[""segmentacao""]","[""segmentacao""]",SegmentacaoDeTexturas
CG,morfologiamatematicapptx,errado_unidade_errada,rotulo_ausente,rotulo_ausente,material-de-aula,pdf,a-matematica-das-projecoes-planares,"[""segmentacao""]","[""filtros"", ""segmentacao""]",unidade-06-processo-de-visualizacao-3d,"[""unidade-03-processamento-de-imagens-e-visao-computacional""]",markdown,2559,1,1,1,[],[],[],"[""matematica""]",MorfologiaMatematica.pptx
CG,csg,acerto,rotulo_presente,rotulo_presente,outros,pdf,geometria-solida-construtiva-csg,"[""geometria-solida-construtiva-csg""]","[""geometria-solida-construtiva-csg"", ""tecnicas-de-modelagem-3d""]",unidade-07-representacao-e-modelagem-de-objetos,"[""unidade-07-representacao-e-modelagem-de-objetos""]",markdown,3942,4,3,4,"[""construtiva"", ""csg"", ""geometria"", ""solida""]","[""construtiva"", ""csg"", ""solida""]","[""construtiva"", ""csg"", ""geometria"", ""solida""]","[""construtiva"", ""csg"", ""geometria"", ""solida""]",CSG
CG,modelagem3d,aceito_nao_primario,rotulo_presente,rotulo_presente,outros,html,representacao-aramada,"[""formas-de-representacao""]","[""formas-de-representacao"", ""representacao-aramada"", ""superficies-limitantes"", ""tecnicas-de-modelagem-3d""]",unidade-07-representacao-e-modelagem-de-objetos,"[""unidade-07-representacao-e-modelagem-de-objetos""]",markdown,9567,2,1,1,"[""formas"", ""representacao""]","[""formas""]","[""formas""]","[""aramada"", ""representacao""]",Modelagem3D
CG,atividade,vazio,rotulo_ausente,rotulo_ausente,outros,html,,"[""conceito-de-camera-sintetica""]","[""conceito-de-camera-sintetica"", ""projecoes""]",unidade-06-processo-de-visualizacao-3d,"[""unidade-06-processo-de-visualizacao-3d""]",markdown,294,3,2,3,[],[],[],[],atividade
CG,basico3d-py,aceito_nao_primario,rotulo_ausente,rotulo_ausente,codigo-professor,zip,pipeline-de-visualizacao-3d,"[""conceito-de-camera-sintetica""]","[""conceito-de-camera-sintetica"", ""pipeline-de-visualizacao-3d"", ""projecoes""]",unidade-06-processo-de-visualizacao-3d,"[""unidade-06-processo-de-visualizacao-3d""]",resumo_codigo,1844,3,2,3,[],[],[],[],Basico3D-PY
CG,opengl3d,vazio,rotulo_presente,rotulo_presente,outros,html,,"[""conceito-de-camera-sintetica""]","[""conceito-de-camera-sintetica"", ""pipeline-de-visualizacao-3d"", ""projecoes""]",unidade-06-processo-de-visualizacao-3d,"[""unidade-06-processo-de-visualizacao-3d""]",markdown,5697,3,2,3,"[""camera"", ""sintetica""]","[""camera"", ""sintetica""]","[""camera"", ""sintetica""]",[],OpenGL3D
CG,opengl3dcpp-vdi,errado_unidade_certa,rotulo_ausente,rotulo_ausente,codigo-professor,zip,algoritmo-z-buffer,"[""conceito-de-camera-sintetica""]","[""conceito-de-camera-sintetica"", ""pipeline-de-visualizacao-3d"", ""projecoes""]",unidade-06-processo-de-visualizacao-3d,"[""unidade-06-processo-de-visualizacao-3d""]",resumo_codigo,1962,3,2,3,[],[],[],"[""buffer""]",OpenGL3DCPP-VDI
CG,opengl3dcpp,errado_unidade_certa,rotulo_ausente,rotulo_ausente,codigo-professor,zip,algoritmo-z-buffer,"[""conceito-de-camera-sintetica""]","[""conceito-de-camera-sintetica"", ""pipeline-de-visualizacao-3d"", ""projecoes""]",unidade-06-processo-de-visualizacao-3d,"[""unidade-06-processo-de-visualizacao-3d""]",resumo_codigo,1961,3,2,3,[],[],[],"[""buffer""]",OpenGL3DCPP
CG,vis3d,vazio,rotulo_generico,rotulo_generico,outros,html,,"[""projecoes""]","[""a-matematica-das-projecoes-planares"", ""conceito-de-camera-sintetica"", ""paralela"", ""perspectiva"", ""projecoes""]",unidade-06-processo-de-visualizacao-3d,"[""unidade-06-processo-de-visualizacao-3d""]",markdown,11790,1,0,0,"[""projecoes""]",[],[],[],Vis3d
CG,basico3d-cpp,errado_unidade_errada,rotulo_ausente,rotulo_ausente,codigo-professor,zip,algoritmos-de-poligonos,"[""tecnicas-de-modelagem-3d""]","[""bezier-e-algoritmo-de-casteljau"", ""tecnicas-de-modelagem-3d"", ""varredura""]",unidade-02-fundamentos-matematicos,"[""unidade-07-representacao-e-modelagem-de-objetos""]",resumo_codigo,1963,2,2,2,[],[],[],"[""poligonos""]",Basico3D-CPP
CG,basico3d-py-zip,errado_unidade_errada,rotulo_ausente,rotulo_ausente,codigo-professor,zip,algoritmos-de-poligonos,"[""tecnicas-de-modelagem-3d""]","[""tecnicas-de-modelagem-3d"", ""varredura""]",unidade-02-fundamentos-matematicos,"[""unidade-07-representacao-e-modelagem-de-objetos""]",resumo_codigo,1874,2,2,2,[],[],[],[],Basico3D-PY
CG,exerciciodemodelagem,aceito_nao_primario,rotulo_ausente,rotulo_ausente,listas,pdf,tecnicas-de-modelagem-3d,"[""varredura""]","[""tecnicas-de-modelagem-3d"", ""varredura""]",unidade-07-representacao-e-modelagem-de-objetos,"[""unidade-07-representacao-e-modelagem-de-objetos""]",markdown,5027,1,1,1,[],[],[],"[""modelagem""]",ExercicioDeModelagem
CG,elemoculto,aceito_nao_primario,rotulo_presente,rotulo_presente,material-de-aula,pdf,algoritmo-z-buffer,"[""algoritmos-de-remocao-de-elementos-ocultos""]","[""algoritmo-do-pintor"", ""algoritmo-z-buffer"", ""algoritmos-de-remocao-de-elementos-ocultos"", ""arvores-bsp"", ""eliminacao-de-faces-traseiras""]",unidade-06-processo-de-visualizacao-3d,"[""unidade-06-processo-de-visualizacao-3d""]",markdown,21437,4,3,4,"[""algoritmos"", ""elementos"", ""ocultos"", ""remocao""]","[""elementos"", ""ocultos"", ""remocao""]","[""algoritmos"", ""elementos"", ""ocultos"", ""remocao""]","[""algoritmo"", ""buffer""]",ElemOculto
CG,exemplozbuffer,acerto,rotulo_presente,rotulo_presente,outros,pdf,algoritmo-z-buffer,"[""algoritmo-z-buffer""]","[""algoritmo-z-buffer""]",unidade-06-processo-de-visualizacao-3d,"[""unidade-06-processo-de-visualizacao-3d""]",markdown,2941,2,1,1,"[""buffer""]","[""buffer""]","[""buffer""]","[""buffer""]",ExemploZbuffer
CG,iluminacao,aceito_nao_primario,rotulo_presente,rotulo_presente,outros,html,modelos-de-reflexao-ambiente-difusa-especular,"[""modelos-de-iluminacao-luz-pontual-direcional-spot""]","[""metodos-de-sombreamento-flat-gouraud-phong"", ""modelos-de-iluminacao-luz-pontual-direcional-spot"", ""modelos-de-reflexao-ambiente-difusa-especular""]",unidade-08-sintese-de-imagens-realisticas,"[""unidade-08-sintese-de-imagens-realisticas""]",markdown,7299,5,4,4,"[""iluminacao"", ""modelos""]","[""iluminacao""]","[""iluminacao""]","[""ambiente"", ""difusa"", ""especular"", ""modelos"", ""reflexao""]",Iluminacao
CG,programabasico3d,acerto,rotulo_presente,rotulo_presente,codigo-professor,code,modelos-de-reflexao-ambiente-difusa-especular,"[""modelos-de-reflexao-ambiente-difusa-especular""]","[""modelos-de-iluminacao-luz-pontual-direcional-spot"", ""modelos-de-reflexao-ambiente-difusa-especular"", ""projecoes""]",unidade-08-sintese-de-imagens-realisticas,"[""unidade-08-sintese-de-imagens-realisticas""]",markdown,8848,5,4,4,"[""ambiente""]","[""ambiente""]","[""ambiente""]","[""ambiente""]",ProgramaBasico3D
CG,exercicios,errado_unidade_errada,rotulo_ausente,rotulo_ausente,listas,html,algoritmos-de-poligonos,"[""aplicacoes""]","[""aplicacoes""]",unidade-02-fundamentos-matematicos,"[""unidade-01-introducao-ao-processamento-grafico""]",markdown,455,1,0,1,[],[],[],[],exercicios
CG,opengl-cpp,errado_unidade_errada,rotulo_generico,rotulo_presente,codigo-professor,zip,algoritmos-de-poligonos,"[""aplicacoes""]","[""aplicacoes""]",unidade-02-fundamentos-matematicos,"[""unidade-01-introducao-ao-processamento-grafico""]",resumo_codigo,1958,1,0,1,"[""aplicacoes""]",[],"[""aplicacoes""]","[""poligonos""]",OpenGL-CPP
CG,opengl-py,errado_unidade_errada,rotulo_ausente,rotulo_ausente,codigo-professor,zip,algoritmos-de-poligonos,"[""aplicacoes""]","[""aplicacoes""]",unidade-02-fundamentos-matematicos,"[""unidade-01-introducao-ao-processamento-grafico""]",resumo_codigo,1960,1,0,1,[],[],[],[],OpenGL-PY
CG,openglbasico,errado_unidade_errada,rotulo_generico,rotulo_presente,outros,pdf,algoritmos-de-poligonos,"[""aplicacoes""]","[""aplicacoes""]",unidade-02-fundamentos-matematicos,"[""unidade-01-introducao-ao-processamento-grafico""]",markdown,19545,1,0,1,"[""aplicacoes""]",[],"[""aplicacoes""]","[""poligonos""]",OpenGLBasico
CG,exercicio-com-animacao,errado_unidade_certa,rotulo_ausente,rotulo_ausente,listas,html,algoritmos-de-poligonos,"[""operacoes-com-vetores""]","[""entidades-geometricas"", ""operacoes-com-vetores""]",unidade-02-fundamentos-matematicos,"[""unidade-02-fundamentos-matematicos""]",markdown,538,2,2,2,[],[],[],"[""poligonos""]",exercicio-com-animacao
CG,exercicio-com-poligonos,acerto,rotulo_generico,rotulo_presente,listas,html,algoritmos-de-poligonos,"[""algoritmos-de-poligonos""]","[""algoritmos-de-poligonos""]",unidade-02-fundamentos-matematicos,"[""unidade-02-fundamentos-matematicos""]",markdown,375,2,0,1,"[""poligonos""]",[],"[""poligonos""]","[""poligonos""]",exercicio-com-poligonos
CG,exercicio-de-animacao-foguete,aceito_nao_primario,rotulo_ausente,rotulo_ausente,listas,html,algoritmos-de-poligonos,"[""operacoes-com-vetores""]","[""algoritmos-de-poligonos"", ""operacoes-com-vetores""]",unidade-02-fundamentos-matematicos,"[""unidade-02-fundamentos-matematicos""]",markdown,554,2,2,2,[],[],[],"[""poligonos""]",exercicio-de-animacao-foguete
CG,fundamentosmatematicos,aceito_nao_primario,rotulo_ausente,rotulo_ausente,material-de-aula,pdf,operacoes-com-vetores,"[""entidades-geometricas""]","[""entidades-geometricas"", ""operacoes-com-vetores""]",unidade-02-fundamentos-matematicos,"[""unidade-02-fundamentos-matematicos""]",markdown,17797,2,1,2,[],[],[],"[""operacoes"", ""vetores""]",FundamentosMatematicos
CG,matematica,errado_unidade_certa,rotulo_ausente,rotulo_ausente,codigo-professor,code,algoritmos-de-poligonos,"[""operacoes-com-vetores""]","[""entidades-geometricas"", ""operacoes-com-vetores""]",unidade-02-fundamentos-matematicos,"[""unidade-02-fundamentos-matematicos""]",markdown,1274,2,2,2,[],[],[],[],Matematica
CG,colisao,acerto,rotulo_presente,rotulo_presente,material-de-aula,pdf,algoritmos-de-deteccao-e-calculo-de-interseccao,"[""algoritmos-de-deteccao-e-calculo-de-interseccao""]","[""algoritmos-de-deteccao-e-calculo-de-interseccao""]",unidade-02-fundamentos-matematicos,"[""unidade-02-fundamentos-matematicos""]",markdown,13056,4,3,3,"[""deteccao"", ""interseccao""]","[""deteccao"", ""interseccao""]","[""deteccao"", ""interseccao""]","[""deteccao"", ""interseccao""]",Colisao
CG,geomcomp,acerto,rotulo_generico,rotulo_presente,outros,html,algoritmos-de-geometria-computacional,"[""algoritmos-de-geometria-computacional""]","[""algoritmos-de-geometria-computacional""]",unidade-02-fundamentos-matematicos,"[""unidade-02-fundamentos-matematicos""]",markdown,753,3,0,2,"[""algoritmos"", ""computacional"", ""geometria""]",[],"[""computacional"", ""geometria""]","[""algoritmos"", ""computacional"", ""geometria""]",GeomComp
CG,animacao-v2,errado_unidade_certa,rotulo_ausente,rotulo_ausente,codigo-professor,zip,desenho-de-linhas,"[""""]","[""""]",unidade-04-processo-de-visualizacao-2d,"[""unidade-04-processo-de-visualizacao-2d""]",resumo_codigo,1954,0,0,0,[],[],[],"[""desenho""]",Animacao-v2
CG,exercicios-teoricos-sobre-processo-de-visualizacao-2d,errado_unidade_certa,rotulo_ausente,rotulo_ausente,listas,html,desenho-de-linhas,"[""sistema-de-coordenadas-cartesianas""]","[""sistema-de-coordenadas-cartesianas""]",unidade-04-processo-de-visualizacao-2d,"[""unidade-04-processo-de-visualizacao-2d""]",markdown,917,3,2,3,[],[],[],"[""desenho"", ""linhas""]",exercicios-teoricos-sobre-processo-de-visualizacao-2d
CG,instanciamento,errado_unidade_certa,rotulo_ausente,rotulo_ausente,outros,pdf,sistema-de-coordenadas-cartesianas,"[""""]","[""""]",unidade-04-processo-de-visualizacao-2d,"[""unidade-04-processo-de-visualizacao-2d""]",markdown,12989,0,0,0,[],[],[],"[""coordenadas"", ""sistema""]",Instanciamento
CG,mapeamento,errado_unidade_certa,rotulo_presente,rotulo_presente,outros,pdf,recorte,"[""sistema-de-coordenadas-cartesianas""]","[""sistema-de-coordenadas-cartesianas""]",unidade-04-processo-de-visualizacao-2d,"[""unidade-04-processo-de-visualizacao-2d""]",markdown,4562,3,2,3,"[""coordenadas"", ""sistema""]","[""sistema""]","[""coordenadas"", ""sistema""]","[""recorte""]",Mapeamento
CG,pagina-com-videos-sobre-instanciamento,errado_unidade_certa,rotulo_ausente,rotulo_ausente,outros,html,desenho-de-linhas,"[""""]","[""""]",unidade-04-processo-de-visualizacao-2d,"[""unidade-04-processo-de-visualizacao-2d""]",markdown,9821,0,0,0,[],[],[],"[""desenho"", ""linhas""]",pagina-com-videos-sobre-instanciamento
CG,recorte,acerto,rotulo_presente,rotulo_presente,outros,pdf,recorte,"[""recorte""]","[""recorte""]",unidade-04-processo-de-visualizacao-2d,"[""unidade-04-processo-de-visualizacao-2d""]",markdown,6983,1,1,1,"[""recorte""]","[""recorte""]","[""recorte""]","[""recorte""]",Recorte
CG,transformacoesgeometricas,errado_unidade_certa,rotulo_ausente,rotulo_ausente,codigo-professor,zip,recorte,"[""""]","[""""]",unidade-04-processo-de-visualizacao-2d,"[""unidade-04-processo-de-visualizacao-2d""]",resumo_codigo,1956,0,0,0,[],[],[],[],TransformacoesGeometricas
CG,transformacoesgl,errado_unidade_certa,rotulo_ausente,rotulo_ausente,outros,html,sistema-de-coordenadas-cartesianas,"[""""]","[""""]",unidade-04-processo-de-visualizacao-2d,"[""unidade-04-processo-de-visualizacao-2d""]",markdown,3615,0,0,0,[],[],[],"[""coordenadas""]",TransformacoesGL
CG,vis2d,aceito_nao_primario,rotulo_presente,rotulo_presente,outros,pdf,recorte,"[""sistema-de-coordenadas-cartesianas""]","[""recorte"", ""sistema-de-coordenadas-cartesianas""]",unidade-04-processo-de-visualizacao-2d,"[""unidade-04-processo-de-visualizacao-2d""]",markdown,4591,3,2,3,"[""coordenadas"", ""sistema""]","[""sistema""]","[""coordenadas"", ""sistema""]","[""recorte""]",Vis2d
CG,bezier-animacao,acerto,rotulo_presente,rotulo_presente,codigo-professor,zip,bezier-e-algoritmo-de-casteljau,"[""bezier-e-algoritmo-de-casteljau""]","[""bezier-e-algoritmo-de-casteljau"", ""representacao-de-curvas-parametricas""]",unidade-07-representacao-e-modelagem-de-objetos,"[""unidade-07-representacao-e-modelagem-de-objetos""]",resumo_codigo,1962,3,2,3,"[""bezier""]","[""bezier""]","[""bezier""]","[""bezier""]",Bezier-Animacao
CG,bezier-cpp,acerto,rotulo_presente,rotulo_presente,codigo-professor,zip,bezier-e-algoritmo-de-casteljau,"[""bezier-e-algoritmo-de-casteljau""]","[""bezier-e-algoritmo-de-casteljau"", ""representacao-de-curvas-parametricas""]",unidade-07-representacao-e-modelagem-de-objetos,"[""unidade-07-representacao-e-modelagem-de-objetos""]",resumo_codigo,1840,3,2,3,"[""bezier""]","[""bezier""]","[""bezier""]","[""bezier""]",Bezier-CPP
CG,bezier-py,acerto,rotulo_presente,rotulo_presente,codigo-professor,zip,bezier-e-algoritmo-de-casteljau,"[""bezier-e-algoritmo-de-casteljau""]","[""bezier-e-algoritmo-de-casteljau"", ""representacao-de-curvas-parametricas""]",unidade-07-representacao-e-modelagem-de-objetos,"[""unidade-07-representacao-e-modelagem-de-objetos""]",resumo_codigo,1842,3,2,3,"[""bezier""]","[""bezier""]","[""bezier""]","[""bezier""]",Bezier-PY
CG,bezier-python,acerto,rotulo_presente,rotulo_presente,codigo-professor,zip,bezier-e-algoritmo-de-casteljau,"[""bezier-e-algoritmo-de-casteljau""]","[""bezier-e-algoritmo-de-casteljau"", ""representacao-de-curvas-parametricas""]",unidade-07-representacao-e-modelagem-de-objetos,"[""unidade-07-representacao-e-modelagem-de-objetos""]",resumo_codigo,1873,3,2,3,"[""bezier""]","[""bezier""]","[""bezier""]","[""bezier""]",Bezier-Python
CG,curvas,aceito_nao_primario,rotulo_presente,rotulo_presente,outros,html,hermite,"[""representacao-de-curvas-parametricas""]","[""b-spline"", ""bezier-e-algoritmo-de-casteljau"", ""catmull-rom"", ""hermite"", ""representacao-de-curvas-parametricas""]",unidade-07-representacao-e-modelagem-de-objetos,"[""unidade-07-representacao-e-modelagem-de-objetos""]",markdown,8645,3,2,2,"[""curvas"", ""parametricas"", ""representacao""]","[""curvas"", ""parametricas""]","[""curvas"", ""parametricas""]","[""hermite""]",Curvas
CG,curvasparametricas,acerto,rotulo_presente,rotulo_presente,material-de-aula,pdf,representacao-de-curvas-parametricas,"[""representacao-de-curvas-parametricas""]","[""b-spline"", ""bezier-e-algoritmo-de-casteljau"", ""catmull-rom"", ""hermite"", ""representacao-de-curvas-parametricas""]",unidade-07-representacao-e-modelagem-de-objetos,"[""unidade-07-representacao-e-modelagem-de-objetos""]",markdown,15204,3,2,2,"[""curvas"", ""parametricas"", ""representacao""]","[""curvas"", ""parametricas""]","[""curvas"", ""parametricas""]","[""curvas"", ""parametricas"", ""representacao""]",CurvasParametricas
CG,exercicios-sobre-curvas,errado_unidade_certa,rotulo_presente,rotulo_presente,listas,html,hermite,"[""catmull-rom""]","[""bezier-e-algoritmo-de-casteljau"", ""catmull-rom"", ""representacao-de-curvas-parametricas""]",unidade-07-representacao-e-modelagem-de-objetos,"[""unidade-07-representacao-e-modelagem-de-objetos""]",markdown,1147,1,1,1,"[""catmull""]","[""catmull""]","[""catmull""]","[""hermite""]",exercicios-sobre-curvas
CG,floodfill,errado_unidade_certa,rotulo_ausente,rotulo_ausente,listas,html,cores-e-tipos-de-imagens,"[""segmentacao""]","[""segmentacao""]",unidade-03-processamento-de-imagens-e-visao-computacional,"[""unidade-03-processamento-de-imagens-e-visao-computacional""]",markdown,1268,1,1,1,[],[],[],"[""imagens""]",FloodFill
CG,img,acerto,rotulo_presente,rotulo_presente,outros,html,cores-e-tipos-de-imagens,"[""cores-e-tipos-de-imagens""]","[""algoritmos-de-quantizacao-e-amostragem"", ""cores-e-tipos-de-imagens"", ""filtros""]",unidade-03-processamento-de-imagens-e-visao-computacional,"[""unidade-03-processamento-de-imagens-e-visao-computacional""]",markdown,8672,3,3,3,"[""cores"", ""imagens"", ""tipos""]","[""cores"", ""imagens"", ""tipos""]","[""cores"", ""imagens"", ""tipos""]","[""cores"", ""imagens"", ""tipos""]",IMG
CG,remocaoderuido,errado_unidade_certa,rotulo_ausente,rotulo_ausente,listas,html,cores-e-tipos-de-imagens,"[""filtros""]","[""filtros""]",unidade-03-processamento-de-imagens-e-visao-computacional,"[""unidade-03-processamento-de-imagens-e-visao-computacional""]",markdown,1777,1,1,1,[],[],[],"[""imagens""]",RemocaoDeRuido
CG,exercicios-de-processamento-de-imagens,aceito_nao_primario,rotulo_ausente,rotulo_ausente,listas,html,cores-e-tipos-de-imagens,"[""algoritmos-de-quantizacao-e-amostragem""]","[""algoritmos-de-quantizacao-e-amostragem"", ""cores-e-tipos-de-imagens"", ""filtros"", ""segmentacao""]",unidade-03-processamento-de-imagens-e-visao-computacional,"[""unidade-03-processamento-de-imagens-e-visao-computacional""]",markdown,465,3,2,3,[],[],[],"[""imagens""]",exercicios-de-processamento-de-imagens
CG,introducaoprocimg,acerto,rotulo_presente,rotulo_presente,material-de-aula,pdf,filtros,"[""filtros""]","[""cores-e-tipos-de-imagens"", ""filtros"", ""introducao-e-exemplos-de-aplicacoes""]",unidade-03-processamento-de-imagens-e-visao-computacional,"[""unidade-03-processamento-de-imagens-e-visao-computacional""]",markdown,4532,1,1,1,"[""filtros""]","[""filtros""]","[""filtros""]","[""filtros""]",IntroducaoProcImg
CG,exercicios-de-geometria-computacional,acerto,rotulo_generico,rotulo_presente,listas,html,algoritmos-de-geometria-computacional,"[""algoritmos-de-geometria-computacional""]","[""algoritmos-de-geometria-computacional""]",unidade-02-fundamentos-matematicos,"[""unidade-02-fundamentos-matematicos""]",markdown,721,3,0,2,"[""computacional"", ""geometria""]",[],"[""computacional"", ""geometria""]","[""computacional"", ""geometria""]",exercicios-de-geometria-computacional
CG,exercicios-sobre-curvas-html,errado_unidade_errada,rotulo_presente,rotulo_presente,listas,html,algoritmos-de-poligonos,"[""catmull-rom""]","[""bezier-e-algoritmo-de-casteljau"", ""catmull-rom"", ""representacao-de-curvas-parametricas""]",unidade-02-fundamentos-matematicos,"[""unidade-07-representacao-e-modelagem-de-objetos""]",markdown,1147,1,1,1,"[""catmull""]","[""catmull""]","[""catmull""]",[],exercicios-sobre-curvas
CG,exercicios-teoricos-sobre-processo-de-visualizacao-2d-html,errado_unidade_certa,rotulo_ausente,rotulo_ausente,listas,html,desenho-de-linhas,"[""sistema-de-coordenadas-cartesianas""]","[""sistema-de-coordenadas-cartesianas""]",unidade-04-processo-de-visualizacao-2d,"[""unidade-04-processo-de-visualizacao-2d""]",markdown,917,3,2,3,[],[],[],"[""desenho"", ""linhas""]",exercicios-teoricos-sobre-processo-de-visualizacao-2d
CG,exerciciosfundamentosmatematicos,aceito_nao_primario,rotulo_ausente,rotulo_ausente,listas,html,operacoes-com-vetores,"[""algoritmos-de-poligonos""]","[""algoritmos-de-poligonos"", ""operacoes-com-vetores""]",unidade-02-fundamentos-matematicos,"[""unidade-02-fundamentos-matematicos""]",markdown,1036,2,0,1,[],[],[],"[""vetores""]",ExerciciosFundamentosMatematicos
CG,domina,acerto,rotulo_generico,rotulo_presente,outros,html,algoritmos-de-geometria-computacional,"[""algoritmos-de-geometria-computacional""]","[""algoritmos-de-geometria-computacional""]",unidade-02-fundamentos-matematicos,"[""unidade-02-fundamentos-matematicos""]",markdown,1729,3,0,2,"[""computacional"", ""geometria""]",[],"[""computacional"", ""geometria""]","[""computacional"", ""geometria""]",Domina
CG,planesweep,acerto,rotulo_generico,rotulo_presente,outros,html,algoritmos-de-geometria-computacional,"[""algoritmos-de-geometria-computacional""]","[""algoritmos-de-geometria-computacional""]",unidade-02-fundamentos-matematicos,"[""unidade-02-fundamentos-matematicos""]",markdown,344,3,0,2,"[""computacional"", ""geometria""]",[],"[""computacional"", ""geometria""]","[""computacional"", ""geometria""]",PlaneSweep
CG,slab,acerto,rotulo_generico,rotulo_presente,outros,html,algoritmos-de-geometria-computacional,"[""algoritmos-de-geometria-computacional""]","[""algoritmos-de-geometria-computacional"", ""algoritmos-de-poligonos""]",unidade-02-fundamentos-matematicos,"[""unidade-02-fundamentos-matematicos""]",markdown,2192,3,0,2,"[""computacional"", ""geometria""]",[],"[""computacional"", ""geometria""]","[""computacional"", ""geometria""]",Slab
CG,exercicioduascores,aceito_nao_primario,rotulo_ausente,rotulo_ausente,listas,html,cores-e-tipos-de-imagens,"[""algoritmos-de-quantizacao-e-amostragem""]","[""algoritmos-de-quantizacao-e-amostragem"", ""cores-e-tipos-de-imagens""]",unidade-03-processamento-de-imagens-e-visao-computacional,"[""unidade-03-processamento-de-imagens-e-visao-computacional""]",markdown,320,3,2,3,[],[],[],"[""imagens""]",ExercicioDuasCores
CG,video-sobre-origens-da-computacao-grafica-806e66,ausente,,,,,,"[""origens""]","[""origens""]",,,,,,,,,,,,
CG,video-com-instrucoes-para-usar-opengl-na-vdi-da-pucrs-3a8758,ausente,,,,,,"[""aplicacoes""]","[""aplicacoes""]",,,,,,,,,,,,
CG,video-sobre-o-algoritmo-de-recorte-por-subdivisao-binaria-db7e2e,ausente,,,,,,"[""recorte""]","[""recorte""]",,,,,,,,,,,,
CG,video-sobre-mapeamento-em-opengl-1dad3c,ausente,,,,,,"[""sistema-de-coordenadas-cartesianas""]","[""sistema-de-coordenadas-cartesianas""]",,,,,,,,,,,,
CG,aula-gravada-975b85,ausente,,,,,,"[""segmentacao""]","[""filtros"", ""segmentacao""]",,,,,,,,,,,,
CG,video-sobre-prechimento-de-areas-duracao-330-defae7,ausente,,,,,,"[""segmentacao""]","[""segmentacao""]",,,,,,,,,,,,
CG,video-sobre-prechimento-de-areas-duracao-1300-d87e5f,ausente,,,,,,"[""segmentacao""]","[""segmentacao""]",,,,,,,,,,,,
CG,pagina-com-videos-sobre-fundamentos-matematicos-para-computacao-grafica-d1d4a9,errado_unidade_certa,rotulo_ausente,rotulo_ausente,outros,html,algoritmos-de-poligonos,"[""entidades-geometricas""]","[""entidades-geometricas"", ""operacoes-com-vetores""]",unidade-02-fundamentos-matematicos,"[""unidade-02-fundamentos-matematicos""]",markdown,1530,2,1,2,[],[],[],"[""poligonos""]",pagina-com-videos-sobre-fundamentos-matematicos-para-computacao-grafica-d1d4a9
CG,videos-sobre-algoritmos-de-detecao-de-colisao-bd7d84,vazio,rotulo_generico,rotulo_generico,outros,html,,"[""algoritmos-de-deteccao-e-calculo-de-interseccao""]","[""algoritmos-de-deteccao-e-calculo-de-interseccao""]",unidade-02-fundamentos-matematicos,"[""unidade-02-fundamentos-matematicos""]",markdown,2287,4,3,3,"[""algoritmos""]",[],[],[],videos-sobre-algoritmos-de-detecao-de-colisao-bd7d84
CG,pagina-com-videos-sobre-geometria-computacional-ebca9a,acerto,rotulo_generico,rotulo_presente,outros,html,algoritmos-de-geometria-computacional,"[""algoritmos-de-geometria-computacional""]","[""algoritmos-de-geometria-computacional""]",unidade-02-fundamentos-matematicos,"[""unidade-02-fundamentos-matematicos""]",markdown,540,3,0,2,"[""computacional"", ""geometria""]",[],"[""computacional"", ""geometria""]","[""computacional"", ""geometria""]",pagina-com-videos-sobre-geometria-computacional-ebca9a
CG,pagina-com-videos-sobre-recorte-e257d3,acerto,rotulo_presente,rotulo_presente,outros,html,recorte,"[""recorte""]","[""recorte""]",unidade-04-processo-de-visualizacao-2d,"[""unidade-04-processo-de-visualizacao-2d""]",markdown,281,1,1,1,"[""recorte""]","[""recorte""]","[""recorte""]","[""recorte""]",pagina-com-videos-sobre-recorte-e257d3
CG,pagina-com-videos-sobre-mapeamento-9f410e,vazio,rotulo_ausente,rotulo_ausente,outros,html,,"[""sistema-de-coordenadas-cartesianas""]","[""sistema-de-coordenadas-cartesianas""]",unidade-04-processo-de-visualizacao-2d,"[""unidade-04-processo-de-visualizacao-2d""]",markdown,197,3,2,3,[],[],[],[],pagina-com-videos-sobre-mapeamento-9f410e
CG,pagina-com-videos-sobre-curvas-parametricas-63d902,errado_unidade_certa,rotulo_presente,rotulo_presente,outros,html,hermite,"[""representacao-de-curvas-parametricas""]","[""representacao-de-curvas-parametricas""]",unidade-07-representacao-e-modelagem-de-objetos,"[""unidade-07-representacao-e-modelagem-de-objetos""]",markdown,1676,3,2,2,"[""curvas"", ""parametricas""]","[""curvas"", ""parametricas""]","[""curvas"", ""parametricas""]","[""hermite""]",pagina-com-videos-sobre-curvas-parametricas-63d902
CG,pagina-com-videos-sobre-manipulacao-de-imagens-61ddde,acerto,rotulo_presente,rotulo_presente,outros,html,cores-e-tipos-de-imagens,"[""cores-e-tipos-de-imagens""]","[""cores-e-tipos-de-imagens"", ""filtros""]",unidade-03-processamento-de-imagens-e-visao-computacional,"[""unidade-03-processamento-de-imagens-e-visao-computacional""]",markdown,1107,3,3,3,"[""cores"", ""imagens""]","[""cores"", ""imagens""]","[""cores"", ""imagens""]","[""cores"", ""imagens""]",pagina-com-videos-sobre-manipulacao-de-imagens-61ddde
CG,pagina-com-videos-sobre-introducao-ao-processamento-de-imagens-61f156,aceito_nao_primario,rotulo_presente,rotulo_presente,outros,html,filtros,"[""introducao-e-exemplos-de-aplicacoes""]","[""filtros"", ""introducao-e-exemplos-de-aplicacoes""]",unidade-03-processamento-de-imagens-e-visao-computacional,"[""unidade-03-processamento-de-imagens-e-visao-computacional""]",markdown,1762,3,2,3,"[""exemplos"", ""introducao""]","[""exemplos"", ""introducao""]","[""exemplos"", ""introducao""]","[""filtros""]",pagina-com-videos-sobre-introducao-ao-processamento-de-imagens-61f156
CG,pagina-com-videos-sobre-segmentacao-de-imagens-d0627f,acerto,rotulo_presente,rotulo_presente,outros,html,segmentacao,"[""segmentacao""]","[""segmentacao""]",unidade-03-processamento-de-imagens-e-visao-computacional,"[""unidade-03-processamento-de-imagens-e-visao-computacional""]",markdown,858,1,1,1,"[""segmentacao""]","[""segmentacao""]","[""segmentacao""]","[""segmentacao""]",pagina-com-videos-sobre-segmentacao-de-imagens-d0627f
CG,pagina-com-videos-sobre-segmentacao-por-texturas-e03566,acerto,rotulo_presente,rotulo_presente,outros,html,segmentacao,"[""segmentacao""]","[""segmentacao""]",unidade-03-processamento-de-imagens-e-visao-computacional,"[""unidade-03-processamento-de-imagens-e-visao-computacional""]",markdown,1338,1,1,1,"[""segmentacao""]","[""segmentacao""]","[""segmentacao""]","[""segmentacao""]",pagina-com-videos-sobre-segmentacao-por-texturas-e03566
CG,pagina-com-videos-sobre-morfologia-matematica-06265a,errado_unidade_errada,rotulo_ausente,rotulo_ausente,outros,html,a-matematica-das-projecoes-planares,"[""segmentacao""]","[""filtros"", ""segmentacao""]",unidade-06-processo-de-visualizacao-3d,"[""unidade-03-processamento-de-imagens-e-visao-computacional""]",markdown,733,1,1,1,[],[],[],"[""matematica""]",pagina-com-videos-sobre-morfologia-matematica-06265a
CG,paginas-com-videos-sobre-modelagem-geometrica-f2614a,errado_unidade_certa,rotulo_presente,rotulo_presente,outros,html,geometria-solida-construtiva-csg,"[""tecnicas-de-modelagem-3d""]","[""formas-de-representacao"", ""tecnicas-de-modelagem-3d""]",unidade-07-representacao-e-modelagem-de-objetos,"[""unidade-07-representacao-e-modelagem-de-objetos""]",markdown,1397,2,2,2,"[""modelagem"", ""tecnicas""]","[""modelagem"", ""tecnicas""]","[""modelagem"", ""tecnicas""]","[""construtiva"", ""csg"", ""geometria"", ""solida""]",paginas-com-videos-sobre-modelagem-geometrica-f2614a
CG,pagina-com-videos-sobre-visualizacao-3d-35a833,vazio,rotulo_generico,rotulo_presente,outros,html,,"[""pipeline-de-visualizacao-3d""]","[""conceito-de-camera-sintetica"", ""pipeline-de-visualizacao-3d"", ""projecoes""]",unidade-06-processo-de-visualizacao-3d,"[""unidade-06-processo-de-visualizacao-3d""]",markdown,1901,2,0,2,"[""visualizacao""]",[],"[""visualizacao""]",[],pagina-com-videos-sobre-visualizacao-3d-35a833
CG,pagina-com-videos-sobre-remocao-de-elementos-ocultos-20c34a,acerto,rotulo_presente,rotulo_presente,outros,html,algoritmos-de-remocao-de-elementos-ocultos,"[""algoritmos-de-remocao-de-elementos-ocultos""]","[""algoritmos-de-remocao-de-elementos-ocultos""]",unidade-06-processo-de-visualizacao-3d,"[""unidade-06-processo-de-visualizacao-3d""]",markdown,871,4,3,4,"[""elementos"", ""ocultos"", ""remocao""]","[""elementos"", ""ocultos"", ""remocao""]","[""elementos"", ""ocultos"", ""remocao""]","[""elementos"", ""ocultos"", ""remocao""]",pagina-com-videos-sobre-remocao-de-elementos-ocultos-20c34a
CG,pagina-com-videos-sobre-sintese-de-imagens-realisticas-a6d9ea,aceito_nao_primario,rotulo_presente,rotulo_presente,outros,html,modelos-de-reflexao-ambiente-difusa-especular,"[""modelos-de-iluminacao-luz-pontual-direcional-spot""]","[""metodos-de-sombreamento-flat-gouraud-phong"", ""modelos-de-iluminacao-luz-pontual-direcional-spot"", ""modelos-de-reflexao-ambiente-difusa-especular""]",unidade-08-sintese-de-imagens-realisticas,"[""unidade-08-sintese-de-imagens-realisticas""]",markdown,1484,5,4,4,"[""iluminacao"", ""modelos""]","[""iluminacao""]","[""iluminacao""]","[""ambiente"", ""difusa"", ""especular"", ""modelos"", ""reflexao""]",pagina-com-videos-sobre-sintese-de-imagens-realisticas-a6d9ea
FR,01-protocolos-de-rede,errado_unidade_certa,rotulo_generico,rotulo_presente,material-de-aula,pdf,modelos-osi-e-tcpip,"[""conceito-de-protocolo-de-redes-pessoais-locais-metropolitanas-e-de-longa-distancia""]","[""conceito-de-protocolo-de-redes-pessoais-locais-metropolitanas-e-de-longa-distancia"", ""conceitos-de-redes-de-computadores-e-internet""]",unidade-01-introducao-a-redes-de-computadores,"[""unidade-01-introducao-a-redes-de-computadores""]",markdown,6329,8,5,7,"[""protocolo"", ""redes""]",[],"[""protocolo""]",[],01 - Protocolos de Rede
FR,02-modelos-de-referencia,acerto,rotulo_presente,rotulo_presente,material-de-aula,pdf,modelos-osi-e-tcpip,"[""modelos-osi-e-tcpip""]","[""modelos-osi-e-tcpip""]",unidade-01-introducao-a-redes-de-computadores,"[""unidade-01-introducao-a-redes-de-computadores""]",markdown,8863,4,3,4,"[""ip"", ""modelos"", ""osi"", ""tcp""]","[""ip"", ""modelos"", ""osi""]","[""ip"", ""modelos"", ""osi"", ""tcp""]","[""ip"", ""modelos"", ""osi"", ""tcp""]",02 - Modelos de Referencia
FR,03-tipos-de-redes,acerto,rotulo_presente,rotulo_presente,material-de-aula,pdf,conceito-de-protocolo-de-redes-pessoais-locais-metropolitanas-e-de-longa-distancia,"[""conceito-de-protocolo-de-redes-pessoais-locais-metropolitanas-e-de-longa-distancia""]","[""classificacao-e-topologias-de-redes-de-computadores"", ""conceito-de-protocolo-de-redes-pessoais-locais-metropolitanas-e-de-longa-distancia""]",unidade-01-introducao-a-redes-de-computadores,"[""unidade-01-introducao-a-redes-de-computadores""]",markdown,7322,8,5,7,"[""distancia"", ""locais"", ""longa"", ""metropolitanas"", ""pessoais"", ""redes""]","[""distancia"", ""longa"", ""metropolitanas"", ""pessoais""]","[""distancia"", ""locais"", ""longa"", ""metropolitanas"", ""pessoais""]","[""distancia"", ""locais"", ""longa"", ""metropolitanas"", ""pessoais"", ""redes""]",03 - Tipos de Redes
FR,unidade1-exercicios,vazio,rotulo_presente,rotulo_presente,listas,pdf,,"[""modelos-osi-e-tcpip""]","[""conceito-de-protocolo-de-redes-pessoais-locais-metropolitanas-e-de-longa-distancia"", ""conceitos-de-redes-de-computadores-e-internet"", ""modelos-osi-e-tcpip""]",unidade-01-introducao-a-redes-de-computadores,"[""unidade-01-introducao-a-redes-de-computadores""]",markdown,7539,4,3,4,"[""ip"", ""modelos"", ""osi"", ""tcp""]","[""ip"", ""modelos"", ""osi""]","[""ip"", ""modelos"", ""osi"", ""tcp""]",[],unidade1-exercicios
FR,04-camada-de-aplicacao,errado_unidade_certa,rotulo_generico,rotulo_presente,material-de-aula,pdf,protocolos-de-aplicacao-para-o-usuario-http-https-smtp-pop3-imap,"[""funcoes-e-caracteristicas-do-nivel-de-aplicacao""]","[""funcoes-e-caracteristicas-do-nivel-de-aplicacao"", ""paradigmas-clienteservidor-e-p2p""]",unidade-02-nivel-de-aplicacao,"[""unidade-02-nivel-de-aplicacao""]",markdown,3889,4,0,3,"[""aplicacao"", ""nivel""]",[],"[""nivel""]","[""aplicacao"", ""http"", ""https"", ""imap"", ""para"", ""pop3"", ""protocolos"", ""smtp""]",04 - Camada de Aplicação
FR,04-protocolo-http,errado_unidade_certa,rotulo_presente,rotulo_presente,material-de-aula,pdf,paradigmas-clienteservidor-e-p2p,"[""protocolos-de-aplicacao-para-o-usuario-http-https-smtp-pop3-imap""]","[""protocolos-de-aplicacao-para-o-usuario-http-https-smtp-pop3-imap""]",unidade-02-nivel-de-aplicacao,"[""unidade-02-nivel-de-aplicacao""]",markdown,23882,9,6,6,"[""aplicacao"", ""http"", ""https"", ""para"", ""usuario""]","[""http"", ""https"", ""usuario""]","[""http"", ""https"", ""usuario""]","[""cliente"", ""servidor""]",04 - Protocolo HTTP
FR,05-protocolo-dns,errado_unidade_certa,rotulo_presente,rotulo_presente,material-de-aula,pdf,protocolos-de-aplicacao-para-o-usuario-http-https-smtp-pop3-imap,"[""protocolos-de-aplicacao-para-infraestrutura-dns-dhcp-snmp-nat""]","[""protocolos-de-aplicacao-para-infraestrutura-dns-dhcp-snmp-nat""]",unidade-02-nivel-de-aplicacao,"[""unidade-02-nivel-de-aplicacao""]",markdown,15840,8,5,5,"[""aplicacao"", ""dns"", ""para"", ""protocolos""]","[""dns""]","[""dns""]","[""aplicacao"", ""http"", ""https"", ""imap"", ""para"", ""protocolos"", ""usuario""]",05 - Protocolo DNS
FR,06-protocolo-dhcp,acerto,rotulo_presente,rotulo_presente,material-de-aula,pdf,protocolos-de-aplicacao-para-infraestrutura-dns-dhcp-snmp-nat,"[""protocolos-de-aplicacao-para-infraestrutura-dns-dhcp-snmp-nat""]","[""protocolos-de-aplicacao-para-infraestrutura-dns-dhcp-snmp-nat""]",unidade-02-nivel-de-aplicacao,"[""unidade-02-nivel-de-aplicacao""]",markdown,8177,8,5,5,"[""aplicacao"", ""dhcp"", ""dns"", ""para""]","[""dhcp"", ""dns""]","[""dhcp"", ""dns""]","[""aplicacao"", ""dhcp"", ""dns"", ""para""]",06 - Protocolo DHCP
FR,07-protocolos-de-e-mail,acerto,rotulo_presente,rotulo_presente,material-de-aula,pdf,protocolos-de-aplicacao-para-o-usuario-http-https-smtp-pop3-imap,"[""protocolos-de-aplicacao-para-o-usuario-http-https-smtp-pop3-imap""]","[""protocolos-de-aplicacao-para-o-usuario-http-https-smtp-pop3-imap""]",unidade-02-nivel-de-aplicacao,"[""unidade-02-nivel-de-aplicacao""]",markdown,12894,9,6,6,"[""aplicacao"", ""http"", ""https"", ""imap"", ""para"", ""pop3"", ""protocolos"", ""smtp"", ""usuario""]","[""http"", ""https"", ""imap"", ""pop3"", ""smtp"", ""usuario""]","[""http"", ""https"", ""imap"", ""pop3"", ""smtp"", ""usuario""]","[""aplicacao"", ""http"", ""https"", ""imap"", ""para"", ""pop3"", ""protocolos"", ""smtp"", ""usuario""]",07 - Protocolos de E-mail
FR,08-desenvolvimento-de-aplicacoes,vazio,rotulo_presente,rotulo_presente,material-de-aula,pdf,,"[""implementacao-de-sockets""]","[""implementacao-de-sockets"", ""paradigmas-clienteservidor-e-p2p""]",unidade-02-nivel-de-aplicacao,"[""unidade-02-nivel-de-aplicacao""]",markdown,5662,2,2,2,"[""sockets""]","[""sockets""]","[""sockets""]",[],08 - Desenvolvimento de Aplicações
FR,lista-de-exercicios-1-camada-de-aplicacao,aceito_nao_primario,rotulo_generico,rotulo_presente,listas,pdf,paradigmas-clienteservidor-e-p2p,"[""funcoes-e-caracteristicas-do-nivel-de-aplicacao""]","[""funcoes-e-caracteristicas-do-nivel-de-aplicacao"", ""paradigmas-clienteservidor-e-p2p"", ""protocolos-de-aplicacao-para-infraestrutura-dns-dhcp-snmp-nat"", ""protocolos-de-aplicacao-para-o-usuario-http-https-smtp-pop3-imap""]",unidade-02-nivel-de-aplicacao,"[""unidade-02-nivel-de-aplicacao""]",markdown,6918,4,0,3,"[""aplicacao"", ""nivel""]",[],"[""nivel""]","[""cliente"", ""servidor""]",LIsta de exercícios 1 - Camada de Aplicação
FR,unidade2-exercicios-dhcp,acerto,rotulo_presente,rotulo_presente,listas,pdf,protocolos-de-aplicacao-para-infraestrutura-dns-dhcp-snmp-nat,"[""protocolos-de-aplicacao-para-infraestrutura-dns-dhcp-snmp-nat""]","[""protocolos-de-aplicacao-para-infraestrutura-dns-dhcp-snmp-nat""]",unidade-02-nivel-de-aplicacao,"[""unidade-02-nivel-de-aplicacao""]",markdown,6359,8,5,5,"[""dhcp"", ""dns"", ""para""]","[""dhcp"", ""dns""]","[""dhcp"", ""dns""]","[""dhcp"", ""dns"", ""para""]",unidade2-exercicios-dhcp
FR,unidade2-exercicios-dns,acerto,rotulo_presente,rotulo_presente,listas,pdf,protocolos-de-aplicacao-para-infraestrutura-dns-dhcp-snmp-nat,"[""protocolos-de-aplicacao-para-infraestrutura-dns-dhcp-snmp-nat""]","[""protocolos-de-aplicacao-para-infraestrutura-dns-dhcp-snmp-nat""]",unidade-02-nivel-de-aplicacao,"[""unidade-02-nivel-de-aplicacao""]",markdown,6081,8,5,5,"[""dns"", ""para""]","[""dns""]","[""dns""]","[""dns"", ""para""]",unidade2-exercicios-dns
FR,unidade2-exercicios-http,errado_unidade_certa,rotulo_presente,rotulo_presente,listas,pdf,paradigmas-clienteservidor-e-p2p,"[""protocolos-de-aplicacao-para-o-usuario-http-https-smtp-pop3-imap""]","[""protocolos-de-aplicacao-para-o-usuario-http-https-smtp-pop3-imap""]",unidade-02-nivel-de-aplicacao,"[""unidade-02-nivel-de-aplicacao""]",markdown,7582,9,6,6,"[""aplicacao"", ""http"", ""https"", ""para"", ""usuario""]","[""http"", ""https"", ""usuario""]","[""http"", ""https"", ""usuario""]","[""cliente"", ""servidor""]",unidade2-exercicios-http
FR,tcp-chat-c,errado_unidade_certa,rotulo_ausente,rotulo_ausente,codigo-professor,zip,paradigmas-clienteservidor-e-p2p,"[""implementacao-de-sockets""]","[""implementacao-de-sockets"", ""protocolo-tcp""]",unidade-02-nivel-de-aplicacao,"[""unidade-02-nivel-de-aplicacao""]",resumo_codigo,511,2,2,2,[],[],[],"[""cliente"", ""servidor""]",tcp_chat_c
FR,tcp-example,errado_unidade_certa,rotulo_ausente,rotulo_ausente,codigo-professor,zip,paradigmas-clienteservidor-e-p2p,"[""implementacao-de-sockets""]","[""implementacao-de-sockets"", ""protocolo-tcp""]",unidade-02-nivel-de-aplicacao,"[""unidade-02-nivel-de-aplicacao""]",resumo_codigo,507,2,2,2,[],[],[],"[""cliente"", ""servidor""]",tcp_example
FR,udp-example-c,errado_unidade_certa,rotulo_ausente,rotulo_ausente,codigo-professor,zip,paradigmas-clienteservidor-e-p2p,"[""implementacao-de-sockets""]","[""implementacao-de-sockets"", ""protocolo-udp""]",unidade-02-nivel-de-aplicacao,"[""unidade-02-nivel-de-aplicacao""]",resumo_codigo,950,2,2,2,[],[],[],"[""cliente"", ""servidor""]",udp_example_c
FR,udp-example-java,errado_unidade_certa,rotulo_ausente,rotulo_ausente,codigo-professor,zip,paradigmas-clienteservidor-e-p2p,"[""implementacao-de-sockets""]","[""implementacao-de-sockets"", ""protocolo-udp""]",unidade-02-nivel-de-aplicacao,"[""unidade-02-nivel-de-aplicacao""]",resumo_codigo,1090,2,2,2,[],[],[],"[""cliente"", ""servidor""]",udp_example_java
