curso,regime,entry_id,fora_do_escopo,confiante,aceito,primario,vazio,rota,passada,pred,win_slug,s1,s2,margem,razao,share_score,n_pos,n_cand,frase,exact_hits,max_tok_frase,tok_frase_doador,origem,doador,peso_doador,n_topic_tokens,n_overlap,cobertura,n_alias,pred_frase,pred_exact_hits,pred_max_tok_frase,pred_tok_frase_doador,pred_origem,pred_doador,pred_peso_doador,pred_n_topic_tokens,pred_n_overlap,pred_cobertura,pred_n_alias,pred_score,unidade,n_mat_unid,n_iguais,share_unid,reasons
MF,cru,archive-of-formal-proofs-355fb8,0,1,0,0,0,2a-propagado,2a,abordagens-para-verificacao-formal,abordagens-para-verificacao-formal,16.491999999999997,11.9424,4.549599999999998,0.72413291292748,0.578598946633884,6,8,1,6,15,15,alias,markdown_headings_text,4.4,17,11,0.6470588235294118,8,1,6,15,15,alias,markdown_headings_text,4.4,17,11,0.6470588235294118,8,16.491999999999997,unidade-01-metodos-formais,35,7,0.2,winner_score=16.49|propagado-headings
MF,cru,exerciciosformalizacaoalgoritmosrecursao3,0,1,1,1,0,1a,1a,especificacao-de-funcoes-recursivas,especificacao-de-funcoes-recursivas,9.086,1.2528000000000001,7.8332,0.13788245652652434,0.8640621185611757,4,8,1,3,8,8,alias,markdown_headings_text,4.4,15,7,0.4666666666666667,9,1,3,8,8,alias,markdown_headings_text,4.4,15,7,0.4666666666666667,9,9.086,unidade-01-metodos-formais,35,17,0.4857142857142857,winner_score=9.09
MF,cru,formalizacaoalgoritmos-recursao2,0,1,1,0,0,1a,1a,especificacao-de-conjuntos-indutivos,especificacao-de-conjuntos-indutivos,8.645999999999999,1.584,7.061999999999999,0.18320610687022904,0.8116609532344502,5,8,1,3,4,4,alias,markdown_headings_text,4.4,8,5,0.625,4,1,3,4,4,alias,markdown_headings_text,4.4,8,5,0.625,4,8.645999999999999,unidade-01-metodos-formais,35,4,0.11428571428571428,winner_score=8.65
MF,cru,exerciciosconjuntosindutivos,0,1,1,1,0,1a,1a,especificacao-de-conjuntos-indutivos,especificacao-de-conjuntos-indutivos,1.2528000000000001,0.15941376,1.09338624,0.12724597701149423,0.7884891460390655,4,8,0,0,0,0,,,0.0,8,4,0.5,4,0,0,0,0,,,0.0,8,4,0.5,4,1.2528000000000001,unidade-01-metodos-formais,35,4,0.11428571428571428,winner_score=1.25
MF,cru,conjuntosindutivos,0,1,1,1,0,2a-titulo,2a,especificacao-de-conjuntos-indutivos,exemplos-de-aplicacoes,7.056,1.584,5.4719999999999995,0.22448979591836735,0.6737417803502797,6,8,1,3,1,1,alias,markdown_headings_text,4.4,2,1,0.5,2,0,0,0,0,,,0.0,8,7,0.875,4,1.584,unidade-01-metodos-formais,35,4,0.11428571428571428,winner_score=7.06|titulo-nomeia-subtopico
MF,cru,logicapredicados-semantica,0,1,0,0,0,1a,1a,especificacao-de-funcoes-recursivas,especificacao-de-funcoes-recursivas,1.1952,0.12494592,1.07025408,0.10453975903614458,0.8823179235976459,4,8,0,0,0,0,,,0.0,15,4,0.26666666666666666,9,0,0,0,0,,,0.0,15,4,0.26666666666666666,9,1.1952,unidade-01-metodos-formais,35,17,0.4857142857142857,winner_score=1.20
MF,cru,logicapredicados-sintaxe,0,1,1,1,0,1a,1a,fundamentos-de-logica-de-primeira-ordem,fundamentos-de-logica-de-primeira-ordem,1.3536,1.0655999999999999,0.28800000000000003,0.7872340425531914,0.4013718377023085,4,8,0,0,0,0,,,0.0,2,2,1.0,2,0,0,0,0,,,0.0,2,2,1.0,2,1.3536,unidade-01-metodos-formais,35,1,0.02857142857142857,winner_score=1.35
MF,cru,logicaproposicional-sintaxe,0,1,0,0,0,1a,1a,especificacao-de-funcoes-recursivas,especificacao-de-funcoes-recursivas,0.12494592,0.01723392,0.107712,0.13793103448275862,0.7073170731707316,4,8,0,0,0,0,,,0.0,15,1,0.06666666666666667,9,0,0,0,0,,,0.0,15,1,0.06666666666666667,9,0.12494592,unidade-01-metodos-formais,35,17,0.4857142857142857,winner_score=0.12
MF,cru,revisao,0,1,0,0,0,1a,1a,especificacao-de-conjuntos-indutivos,especificacao-de-conjuntos-indutivos,8.286,1.3536,6.9323999999999995,0.16335988414192615,0.7546037714932573,5,8,1,3,3,3,alias,markdown_headings_text,4.4,8,3,0.375,4,1,3,3,3,alias,markdown_headings_text,4.4,8,3,0.375,4,8.286,unidade-01-metodos-formais,35,4,0.11428571428571428,winner_score=8.29
MF,cru,introducao,0,1,1,0,0,1a,1a,exemplos-de-aplicacoes,exemplos-de-aplicacoes,7.056,5.16,1.896,0.7312925170068028,0.3302289020947835,7,8,1,3,1,1,alias,markdown_headings_text,4.4,2,1,0.5,2,1,3,1,1,alias,markdown_headings_text,4.4,2,1,0.5,2,7.056,unidade-01-metodos-formais,35,2,0.05714285714285714,winner_score=7.06
MF,cru,provasindutivas-especificacoesrecursivas,0,1,1,1,0,1a,1a,especificacao-de-funcoes-recursivas,especificacao-de-funcoes-recursivas,9.006,1.3247999999999998,7.6812000000000005,0.1471019320453031,0.7819562872994711,5,8,1,3,6,6,alias,markdown_headings_text,4.4,15,7,0.4666666666666667,9,1,3,6,6,alias,markdown_headings_text,4.4,15,7,0.4666666666666667,9,9.006,unidade-01-metodos-formais,35,17,0.4857142857142857,winner_score=9.01
MF,cru,provasindutivas-especificacoesrecursivas-arvores,0,1,1,1,0,1a,1a,especificacao-de-funcoes-recursivas,especificacao-de-funcoes-recursivas,1.4544,1.0655999999999999,0.38880000000000003,0.7326732673267327,0.5463192148581518,4,8,0,0,0,0,,,0.0,16,6,0.375,11,0,0,0,0,,,0.0,16,6,0.375,11,1.4544,unidade-01-metodos-formais,35,17,0.4857142857142857,winner_score=1.45
MF,cru,provasindutivas-especificacoesrecursivas-listas,0,1,1,1,0,1a,1a,especificacao-de-funcoes-recursivas,especificacao-de-funcoes-recursivas,1.3247999999999998,1.0655999999999999,0.2591999999999999,0.8043478260869565,0.5231029557591361,4,8,0,0,0,0,,,0.0,16,5,0.3125,11,0,0,0,0,,,0.0,16,5,0.3125,11,1.3247999999999998,unidade-01-metodos-formais,35,17,0.4857142857142857,winner_score=1.32
MF,cru,exercicioscorrecaoinducaomatematica,0,1,1,1,0,1a,1a,especificacao-de-funcoes-recursivas,especificacao-de-funcoes-recursivas,8.905999999999999,0.15941376,8.74658624,0.017899591286772962,0.9786940524588802,4,8,1,3,7,7,alias,markdown_headings_text,4.4,15,6,0.4,9,1,3,7,7,alias,markdown_headings_text,4.4,15,6,0.4,9,8.905999999999999,unidade-01-metodos-formais,35,17,0.4857142857142857,winner_score=8.91
MF,cru,exerciciosespecificacao-respostas,0,1,0,0,0,1a,1a,especificacao-de-funcoes-recursivas,especificacao-de-funcoes-recursivas,1.1232,0.42223104,0.70096896,0.3759179487179487,0.5969728882466753,5,8,0,0,0,0,,,0.0,16,3,0.1875,11,0,0,0,0,,,0.0,16,3,0.1875,11,1.1232,unidade-01-metodos-formais,35,17,0.4857142857142857,winner_score=1.12
MF,cru,exerciciosespecificacao,0,0,0,0,1,vazio-empate-exato,1a,,especificacao-de-conjuntos-indutivos,0.9936,0.9936,0.0,1.0,0.3842110421139848,5,8,0,0,0,0,,,0.0,8,2,0.25,5,0,0,0,0,,,0.0,0,0,0.0,0,0.0,unidade-01-metodos-formais,35,4,0.11428571428571428,empate-exato 2x score=0.99
MF,cru,exerciciosformalizacaoalgoritmosrecursao2,0,1,1,1,0,1a,1a,especificacao-de-funcoes-recursivas,especificacao-de-funcoes-recursivas,8.725999999999999,1.1232,7.602799999999999,0.1287187714875086,0.8703503462761564,4,8,1,3,8,8,alias,markdown_headings_text,4.4,15,5,0.3333333333333333,9,1,3,8,8,alias,markdown_headings_text,4.4,15,5,0.3333333333333333,9,8.725999999999999,unidade-01-metodos-formais,35,17,0.4857142857142857,winner_score=8.73
MF,cru,exerciciosisabelle2,0,1,1,0,0,1a,1a,especificacao-de-funcoes-recursivas,especificacao-de-funcoes-recursivas,1.7711999999999999,1.1232,0.6479999999999999,0.6341463414634146,0.551221470927773,5,8,0,0,0,0,,,0.0,16,8,0.5,11,0,0,0,0,,,0.0,16,8,0.5,11,1.7711999999999999,unidade-01-metodos-formais,35,17,0.4857142857142857,winner_score=1.77
MF,cru,logicaproposicional-semantica,0,0,0,0,1,vazio-empate-exato,1a,,especificacao-de-conjuntos-indutivos,0.12494592,0.12494592,0.0,1.0,0.31868131868131866,4,8,0,0,0,0,,,0.0,8,1,0.125,5,0,0,0,0,,,0.0,0,0,0.0,0,0.0,unidade-01-metodos-formais,35,4,0.11428571428571428,empate-exato 3x score=0.12
MF,cru,exerciciosformalizacaoalgoritmosrecursao-respostas,0,0,1,1,0,1a,1a,especificacao-de-funcoes-recursivas,especificacao-de-funcoes-recursivas,1.1232,0.01723392,1.10596608,0.015343589743589743,0.9559948229203435,4,8,0,0,0,0,,,0.0,15,3,0.2,9,0,0,0,0,,,0.0,15,3,0.2,9,1.1232,unidade-01-metodos-formais,35,17,0.4857142857142857,winner_score=1.12
MF,cru,formalizacaoalgoritmos-recursao,0,1,1,1,0,1a,1a,especificacao-de-funcoes-recursivas,especificacao-de-funcoes-recursivas,9.725999999999999,0.9359999999999999,8.79,0.09623689080814313,0.9002071553818193,4,8,1,3,8,8,alias,markdown_headings_text,4.4,15,11,0.7333333333333333,9,1,3,8,8,alias,markdown_headings_text,4.4,15,11,0.7333333333333333,9,9.725999999999999,unidade-01-metodos-formais,35,17,0.4857142857142857,winner_score=9.73
MF,cru,formalizacaoalgoritmos-recursao3,0,1,1,1,0,2a-rotulo,2a,especificacao-de-funcoes-recursivas,especificacao-de-funcoes-recursivas,16.172399999999996,8.645999999999999,7.526399999999997,0.5346145284558879,0.5714453737401715,5,8,1,7,4,4,alias,markdown_headings_text,4.4,16,8,0.5,11,1,7,4,4,alias,markdown_headings_text,4.4,16,8,0.5,11,16.172399999999996,unidade-01-metodos-formais,35,17,0.4857142857142857,winner_score=16.17|rotulo-decomposto
MF,cru,exerciciosisabelle,0,1,1,0,0,1a,1a,especificacao-de-funcoes-recursivas,especificacao-de-funcoes-recursivas,1.3823999999999999,0.9936,0.3887999999999998,0.7187500000000001,0.39172417395164816,5,8,0,0,0,0,,,0.0,16,5,0.3125,11,0,0,0,0,,,0.0,16,5,0.3125,11,1.3823999999999999,unidade-01-metodos-formais,35,17,0.4857142857142857,winner_score=1.38
MF,cru,exerciciosformalizacaoalgoritmosrecursao,0,1,1,1,0,1a,1a,especificacao-de-funcoes-recursivas,especificacao-de-funcoes-recursivas,8.905999999999999,0.9936,7.912399999999999,0.11156523691893108,0.8965108899437512,4,8,1,3,8,8,alias,markdown_headings_text,4.4,15,6,0.4,9,1,3,8,8,alias,markdown_headings_text,4.4,15,6,0.4,9,8.905999999999999,unidade-01-metodos-formais,35,17,0.4857142857142857,winner_score=8.91
MF,cru,arvores,0,1,0,0,0,1a,1a,abordagens-para-verificacao-formal,abordagens-para-verificacao-formal,0.9072,0.12494592,0.78225408,0.13772698412698411,0.7613550669992458,5,8,0,0,0,0,,,0.0,11,2,0.18181818181818182,2,0,0,0,0,,,0.0,11,2,0.18181818181818182,2,0.9072,unidade-01-metodos-formais,35,7,0.2,winner_score=0.91
MF,cru,exemplos,0,1,0,0,0,1a,1a,exemplos-de-aplicacoes,exemplos-de-aplicacoes,11.090399999999999,0.12494592,10.965454079999999,0.0112661328716728,0.9658547662100568,6,8,1,6,1,1,alias,markdown_headings_text,4.4,2,1,0.5,2,1,6,1,1,alias,markdown_headings_text,4.4,2,1,0.5,2,11.090399999999999,unidade-01-metodos-formais,35,2,0.05714285714285714,winner_score=11.09
MF,cru,intro,0,1,0,0,0,2a-propagado,2a,abordagens-para-verificacao-formal,abordagens-para-verificacao-formal,2.9000000000000004,0.9359999999999999,1.9640000000000004,0.3227586206896551,0.6033536677112148,5,8,1,2,1,1,alias,markdown_text,1.1,17,2,0.11764705882352941,8,1,2,1,1,alias,markdown_text,1.1,17,2,0.11764705882352941,8,2.9000000000000004,unidade-01-metodos-formais,35,7,0.2,winner_score=2.90|propagado-headings
MF,cru,listas,0,1,0,0,0,1a,1a,abordagens-para-verificacao-formal,abordagens-para-verificacao-formal,0.9072,0.12494592,0.78225408,0.13772698412698411,0.8370179839292546,5,8,0,0,0,0,,,0.0,11,2,0.18181818181818182,2,0,0,0,0,,,0.0,11,2,0.18181818181818182,2,0.9072,unidade-01-metodos-formais,35,7,0.2,winner_score=0.91
MF,cru,provas,0,1,0,0,0,1a,1a,abordagens-para-verificacao-formal,abordagens-para-verificacao-formal,0.9072,0.12494592,0.78225408,0.13772698412698411,0.8370179839292546,5,8,0,0,0,0,,,0.0,11,2,0.18181818181818182,2,0,0,0,0,,,0.0,11,2,0.18181818181818182,2,0.9072,unidade-01-metodos-formais,35,7,0.2,winner_score=0.91
MF,cru,correcaoterminacao,0,1,1,1,0,2a-rotulo,2a,correcao-parcial-e-total,correcao-parcial-e-total,26.615199999999998,7.388,19.227199999999996,0.2775857404791247,0.5914500833551906,7,7,1,14,4,1,alias,markdown_headings_text,4.4,4,4,1.0,5,1,14,4,1,alias,markdown_headings_text,4.4,4,4,1.0,5,26.615199999999998,unidade-02-verificacao-de-programas,26,3,0.11538461538461539,winner_score=26.62|rotulo-decomposto
MF,cru,exercicioscorrecaoterminacao,0,1,1,1,0,1a,1a,correcao-parcial-e-total,correcao-parcial-e-total,18.288399999999996,0.9936,17.294799999999995,0.05432952035169836,0.9255150147640303,6,7,1,8,3,1,alias,markdown_headings_text,4.4,4,2,0.5,3,1,8,3,1,alias,markdown_headings_text,4.4,4,2,0.5,3,18.288399999999996,unidade-02-verificacao-de-programas,26,3,0.11538461538461539,winner_score=18.29
MF,cru,exerciciosformalizacaoalgoritmosinvariantes,0,1,1,1,0,1a,1a,invariante-e-variante-de-laco,invariante-e-variante-de-laco,15.121999999999995,7.468,7.653999999999995,0.49385001983864585,0.5563710791799357,6,7,1,7,7,7,alias,markdown_headings_text,4.4,6,5,0.8333333333333334,4,1,7,7,7,alias,markdown_headings_text,4.4,6,5,0.8333333333333334,4,15.121999999999995,unidade-02-verificacao-de-programas,26,3,0.11538461538461539,winner_score=8.73
MF,cru,formalizacaoalgoritmos-invarianteslaco,0,1,1,1,0,2a-rotulo,2a,invariante-e-variante-de-laco,invariante-e-variante-de-laco,15.451999999999998,7.096,8.355999999999998,0.45922857882474766,0.46950944641824494,6,7,1,6,3,1,alias,markdown_headings_text,4.4,6,5,0.8333333333333334,4,1,6,3,1,alias,markdown_headings_text,4.4,6,5,0.8333333333333334,4,15.451999999999998,unidade-02-verificacao-de-programas,26,3,0.11538461538461539,winner_score=15.45|rotulo-decomposto
MF,cru,logicadehoare,0,1,1,1,0,1a,1a,logica-de-hoare,logica-de-hoare,5.460399999999999,1.3900000000000001,4.070399999999999,0.2545601054867776,0.5511516538086416,7,7,1,3,4,3,label,title_text,3.8,3,2,0.6666666666666666,3,1,3,4,3,label,title_text,3.8,3,2,0.6666666666666666,3,5.460399999999999,unidade-02-verificacao-de-programas,26,3,0.11538461538461539,winner_score=5.46
MF,cru,logicadehoare2,0,1,1,1,0,1a,1a,logica-de-hoare,logica-de-hoare,5.06,0.9359999999999999,4.124,0.1849802371541502,0.7245441134072713,6,7,1,1,3,3,label,title_text,3.8,3,2,0.6666666666666666,3,1,1,3,3,label,title_text,3.8,3,2,0.6666666666666666,3,5.06,unidade-02-verificacao-de-programas,26,3,0.11538461538461539,winner_score=5.06
MF,cru,exerciciosdafny1,0,1,1,0,0,1a,1a,verificacao-de-programas,verificacao-de-programas,8.186,3.568,4.618,0.43586611287564136,0.6851423770386207,6,7,1,3,5,5,alias,markdown_headings_text,4.4,10,2,0.2,8,1,3,5,5,alias,markdown_headings_text,4.4,10,2,0.2,8,8.186,unidade-02-verificacao-de-programas,26,14,0.5384615384615384,winner_score=8.19
MF,cru,exerciciosdafny2,0,1,1,0,0,1a,1a,verificacao-de-programas,verificacao-de-programas,15.171999999999997,7.776,7.395999999999997,0.5125230688109677,0.4218565289012184,6,7,1,6,6,5,alias,markdown_headings_text,4.4,10,3,0.3,8,1,6,6,5,alias,markdown_headings_text,4.4,10,3,0.3,8,15.171999999999997,unidade-02-verificacao-de-programas,26,14,0.5384615384615384,winner_score=15.17
MF,cru,exerciciosdafny3,0,1,1,0,0,1a,1a,verificacao-de-programas,verificacao-de-programas,15.351999999999999,0.14217984000000003,15.209820159999998,0.009261323606044819,0.9864348806170139,6,7,1,6,6,5,alias,markdown_headings_text,4.4,8,4,0.5,6,1,6,6,5,alias,markdown_headings_text,4.4,8,4,0.5,6,15.351999999999999,unidade-02-verificacao-de-programas,26,14,0.5384615384615384,winner_score=15.35
MF,cru,exerciciosdafny4,0,1,1,0,0,1a,1a,verificacao-de-programas,verificacao-de-programas,15.531999999999998,3.568,11.963999999999999,0.22971928920937423,0.7991330984391044,6,7,1,6,7,5,alias,markdown_headings_text,4.4,8,5,0.625,6,1,6,7,5,alias,markdown_headings_text,4.4,8,5,0.625,6,15.531999999999998,unidade-02-verificacao-de-programas,26,14,0.5384615384615384,winner_score=15.53
MF,cru,exerciciosdafny5,0,1,1,0,0,1a,1a,verificacao-de-programas,verificacao-de-programas,15.351999999999999,4.578,10.773999999999997,0.29820218863991665,0.7628746931208341,6,7,1,6,6,5,alias,markdown_headings_text,4.4,8,4,0.5,6,1,6,6,5,alias,markdown_headings_text,4.4,8,4,0.5,6,15.351999999999999,unidade-02-verificacao-de-programas,26,14,0.5384615384615384,winner_score=15.35
MF,cru,verificacaomodelos,0,1,1,0,0,2a-rotulo,2a,especificacao-de-propriedades-para-sistemas-sequenciais-e-concorrentes,especificacao-de-propriedades-para-sistemas-sequenciais-e-concorrentes,8.866,6.680000000000001,2.185999999999999,0.753440108278818,0.42158166408677333,8,8,1,3,1,1,alias,markdown_headings_text,4.4,3,3,1.0,4,1,3,1,1,alias,markdown_headings_text,4.4,3,3,1.0,4,8.866,unidade-03-verificacao-de-modelos,5,1,0.2,winner_score=8.87|rotulo-decomposto
MF,cru,exercicioslogicatemporal,0,1,1,0,0,1a,1a,logica-temporal-linear,logica-temporal-linear,8.366399999999999,0.9936,7.372799999999999,0.11876075731497421,0.8055910514779614,7,8,1,4,6,6,alias,markdown_headings_text,4.4,3,2,0.6666666666666666,3,1,4,6,6,alias,markdown_headings_text,4.4,3,2,0.6666666666666666,3,8.366399999999999,unidade-03-verificacao-de-modelos,5,1,0.2,winner_score=8.37
MF,cru,exerciciosnusmv,0,1,1,0,0,1a,1a,verificacao-de-modelos-model-checking,verificacao-de-modelos-model-checking,8.725999999999999,0.9936,7.732399999999999,0.11386660554664224,0.7365149066700734,8,8,1,3,6,6,alias,markdown_headings_text,4.4,7,5,0.7142857142857143,3,1,3,6,6,alias,markdown_headings_text,4.4,7,5,0.7142857142857143,3,8.725999999999999,unidade-03-verificacao-de-modelos,5,2,0.4,winner_score=8.73
MF,cru,classes-parte1,0,0,1,0,0,1a,1a,verificacao-de-programas,verificacao-de-programas,0.9359999999999999,0.12494592,0.8110540799999999,0.13348923076923078,0.8412366437505177,5,7,0,0,0,0,,,0.0,8,2,0.25,6,0,0,0,0,,,0.0,8,2,0.25,6,0.9359999999999999,unidade-02-verificacao-de-programas,26,14,0.5384615384615384,winner_score=0.94
MF,cru,colecoes-arrays,0,0,1,0,0,1a,1a,verificacao-de-programas,verificacao-de-programas,0.9359999999999999,0.01723392,0.9187660799999999,0.018412307692307693,0.931402893367265,5,7,0,0,0,0,,,0.0,8,2,0.25,6,0,0,0,0,,,0.0,8,2,0.25,6,0.9359999999999999,unidade-02-verificacao-de-programas,26,14,0.5384615384615384,winner_score=0.94
MF,cru,colecoes-conjuntos,0,0,1,0,0,1a,1a,verificacao-de-programas,verificacao-de-programas,0.12494592,0.01723392,0.107712,0.13793103448275862,0.6444444444444443,5,7,0,0,0,0,,,0.0,8,1,0.125,6,0,0,0,0,,,0.0,8,1,0.125,6,0.12494592,unidade-02-verificacao-de-programas,26,14,0.5384615384615384,winner_score=0.12
MF,cru,colecoes-sequences,0,1,1,0,0,1a,1a,verificacao-de-programas,verificacao-de-programas,0.9359999999999999,0.01723392,0.9187660799999999,0.018412307692307693,0.931402893367265,5,7,0,0,0,0,,,0.0,8,2,0.25,6,0,0,0,0,,,0.0,8,2,0.25,6,0.9359999999999999,unidade-02-verificacao-de-programas,26,14,0.5384615384615384,winner_score=0.94
MF,cru,exercicios-conjuntos,0,0,1,0,0,1a,1a,verificacao-de-programas,verificacao-de-programas,0.12494592,0.107712,0.01723392,0.8620689655172414,0.4142857142857142,6,7,0,0,0,0,,,0.0,10,1,0.1,8,0,0,0,0,,,0.0,10,1,0.1,8,0.12494592,unidade-02-verificacao-de-programas,26,14,0.5384615384615384,winner_score=0.12
MF,cru,hoare,0,1,0,0,0,1a,1a,correcao-parcial-e-total,correcao-parcial-e-total,3.488,0.12494592,3.36305408,0.03582165137614679,0.9246202101280016,6,7,1,2,1,1,alias,markdown_lead_text,2.8,4,1,0.25,3,1,2,1,1,alias,markdown_lead_text,2.8,4,1,0.25,3,3.488,unidade-02-verificacao-de-programas,26,3,0.11538461538461539,winner_score=3.49
MF,cru,introducao-zip,0,0,1,0,0,1a,1a,verificacao-de-programas,verificacao-de-programas,0.12494592,0.01723392,0.107712,0.13793103448275862,0.6444444444444443,5,7,0,0,0,0,,,0.0,8,1,0.125,6,0,0,0,0,,,0.0,8,1,0.125,6,0.12494592,unidade-02-verificacao-de-programas,26,14,0.5384615384615384,winner_score=0.12
MF,cru,invariantes,0,1,1,1,0,1a,1a,invariante-e-variante-de-laco,invariante-e-variante-de-laco,0.9359999999999999,0.12494592,0.8110540799999999,0.13348923076923078,0.7669869919006173,5,7,0,0,0,0,,,0.0,6,2,0.3333333333333333,2,0,0,0,0,,,0.0,6,2,0.3333333333333333,2,0.9359999999999999,unidade-02-verificacao-de-programas,26,3,0.11538461538461539,winner_score=0.94
MF,cru,terminacao,0,0,0,0,1,vazio-empate-exato,1a,,correcao-parcial-e-total,0.12494592,0.12494592,0.0,1.0,0.41428571428571426,5,7,0,0,0,0,,,0.0,4,1,0.25,5,0,0,0,0,,,0.0,0,0,0.0,0,0.0,unidade-02-verificacao-de-programas,26,2,0.07692307692307693,empate-exato 2x score=0.12
MF,cru,tiposindutivos,0,1,0,0,0,1a,1a,verificacao-de-programas,verificacao-de-programas,0.12494592,0.01723392,0.107712,0.13793103448275862,0.6444444444444443,5,7,0,0,0,0,,,0.0,8,1,0.125,6,0,0,0,0,,,0.0,8,1,0.125,6,0.12494592,unidade-02-verificacao-de-programas,26,14,0.5384615384615384,winner_score=0.12
MF,cru,exemplos-zip,0,1,1,0,0,1a,1a,verificacao-de-modelos-model-checking,verificacao-de-modelos-model-checking,0.12494592,0.107712,0.01723392,0.8620689655172414,0.43939393939393934,5,8,0,0,0,0,,,0.0,7,1,0.14285714285714285,5,0,0,0,0,,,0.0,7,1,0.14285714285714285,5,0.12494592,unidade-03-verificacao-de-modelos,5,2,0.4,winner_score=0.12
MF,cru,exerciciosformalizacaoalgoritmosrecursao3-respostas,0,1,1,1,0,1a,1a,especificacao-de-funcoes-recursivas,especificacao-de-funcoes-recursivas,8.546,0.15941376,8.38658624,0.01865361104610344,0.9778164500535109,4,8,1,3,3,3,alias,markdown_headings_text,4.4,15,4,0.26666666666666666,9,1,3,3,3,alias,markdown_headings_text,4.4,15,4,0.26666666666666666,9,8.546,unidade-01-metodos-formais,35,17,0.4857142857142857,winner_score=8.55
MF,cru,classes-parte2,0,0,1,1,0,1a,1a,verificacao-de-programas,verificacao-de-programas,0.9359999999999999,0.12494592,0.8110540799999999,0.13348923076923078,0.8412366437505177,5,7,0,0,0,0,,,0.0,8,2,0.25,6,0,0,0,0,,,0.0,8,2,0.25,6,0.9359999999999999,unidade-02-verificacao-de-programas,26,14,0.5384615384615384,winner_score=0.94
MF,cru,exercicios-arrays,0,1,1,0,0,1a,1a,verificacao-de-programas,verificacao-de-programas,0.9359999999999999,0.12494592,0.8110540799999999,0.13348923076923078,0.7669869919006173,6,7,0,0,0,0,,,0.0,8,2,0.25,6,0,0,0,0,,,0.0,8,2,0.25,6,0.9359999999999999,unidade-02-verificacao-de-programas,26,14,0.5384615384615384,winner_score=0.94
MF,cru,logicadehoare-exercicios-respostas,0,1,1,1,0,1a,1a,logica-de-hoare,logica-de-hoare,23.7624,0.15941376,23.60298624,0.006708655691344308,0.9904817712939278,6,7,1,10,4,3,label,markdown_headings_text,4.4,3,2,0.6666666666666666,3,1,10,4,3,label,markdown_headings_text,4.4,3,2,0.6666666666666666,3,23.7624,unidade-02-verificacao-de-programas,26,3,0.11538461538461539,winner_score=23.76
MF,produto,archive-of-formal-proofs-355fb8,0,1,0,0,0,1a,1a,abordagens-para-verificacao-formal,abordagens-para-verificacao-formal,16.311999999999998,15.232,1.0799999999999983,0.9337910740559099,0.32471706553261126,7,8,1,6,15,2,alias,markdown_headings_text,4.4,12,10,0.8333333333333334,5,1,6,15,2,alias,markdown_headings_text,4.4,12,10,0.8333333333333334,5,16.311999999999998,unidade-01-metodos-formais,35,1,0.02857142857142857,winner_score=16.31
MF,produto,exerciciosformalizacaoalgoritmosrecursao3,0,1,1,1,0,1a,1a,especificacao-de-funcoes-recursivas,especificacao-de-funcoes-recursivas,16.431999999999995,1.3823999999999999,15.049599999999995,0.08412852969814996,0.9061817584253198,5,8,1,6,8,8,alias,markdown_headings_text,4.4,22,10,0.45454545454545453,19,1,6,8,8,alias,markdown_headings_text,4.4,22,10,0.45454545454545453,19,16.431999999999995,unidade-01-metodos-formais,35,12,0.34285714285714286,winner_score=16.43
MF,produto,formalizacaoalgoritmos-recursao2,0,1,1,1,0,2a-rotulo,2a,especificacao-de-funcoes-recursivas,especificacao-de-funcoes-recursivas,30.5048,8.825999999999999,21.678800000000003,0.28933151504025595,0.7554399242616151,6,8,1,14,4,4,alias,markdown_headings_text,4.4,23,11,0.4782608695652174,21,1,14,4,4,alias,markdown_headings_text,4.4,23,11,0.4782608695652174,21,30.5048,unidade-01-metodos-formais,35,12,0.34285714285714286,winner_score=30.50|rotulo-decomposto
MF,produto,exerciciosconjuntosindutivos,0,1,1,1,0,1a,1a,especificacao-de-conjuntos-indutivos,especificacao-de-conjuntos-indutivos,18.778399999999994,1.1232,17.655199999999994,0.059813402632812186,0.9222001715206671,6,8,1,9,3,2,alias,markdown_headings_text,4.4,17,7,0.4117647058823529,12,1,9,3,2,alias,markdown_headings_text,4.4,17,7,0.4117647058823529,12,18.778399999999994,unidade-01-metodos-formais,35,4,0.11428571428571428,winner_score=18.78
MF,produto,conjuntosindutivos,0,1,1,1,0,1a,1a,especificacao-de-conjuntos-indutivos,especificacao-de-conjuntos-indutivos,52.38040000000001,7.056,45.32440000000001,0.13470687509068274,0.8031107120979826,7,8,1,22,3,1,alias,markdown_headings_text,4.4,17,16,0.9411764705882353,12,1,22,3,1,alias,markdown_headings_text,4.4,17,16,0.9411764705882353,12,52.38040000000001,unidade-01-metodos-formais,35,4,0.11428571428571428,winner_score=52.38
MF,produto,logicapredicados-semantica,0,1,1,1,0,1a,1a,fundamentos-de-logica-de-primeira-ordem,fundamentos-de-logica-de-primeira-ordem,22.126,1.4544,20.6716,0.06573262225436138,0.8530556699303181,6,8,1,10,3,3,alias,markdown_headings_text,4.4,12,7,0.5833333333333334,9,1,10,3,3,alias,markdown_headings_text,4.4,12,7,0.5833333333333334,9,22.126,unidade-01-metodos-formais,35,2,0.05714285714285714,winner_score=22.13
MF,produto,logicapredicados-sintaxe,0,1,1,1,0,1a,1a,fundamentos-de-logica-de-primeira-ordem,fundamentos-de-logica-de-primeira-ordem,24.782000000000004,5.037999999999999,19.744000000000003,0.2032927124525865,0.675125781855698,6,8,1,11,3,1,alias,markdown_headings_text,4.4,12,9,0.75,9,1,11,3,1,alias,markdown_headings_text,4.4,12,9,0.75,9,24.782000000000004,unidade-01-metodos-formais,35,2,0.05714285714285714,winner_score=24.78
MF,produto,logicaproposicional-sintaxe,0,1,1,1,0,1a,1a,linguagens-de-especificacao-e-logicas,linguagens-de-especificacao-e-logicas,34.894400000000005,11.433999999999997,23.460400000000007,0.3276743546242376,0.59233628261341,6,8,1,15,3,3,alias,markdown_headings_text,4.4,14,7,0.5,14,1,15,3,3,alias,markdown_headings_text,4.4,14,7,0.5,14,34.894400000000005,unidade-01-metodos-formais,35,4,0.11428571428571428,winner_score=34.89
MF,produto,revisao,0,1,1,1,0,1a,1a,sistemas-formais,sistemas-formais,24.890000000000004,22.157999999999998,2.7320000000000064,0.8902370429891521,0.49677035481581294,6,8,1,10,4,3,alias,markdown_headings_text,4.4,10,8,0.8,8,1,10,4,3,alias,markdown_headings_text,4.4,10,8,0.8,8,24.890000000000004,unidade-01-metodos-formais,35,1,0.02857142857142857,winner_score=24.89
MF,produto,introducao,0,1,1,0,0,1a,1a,exemplos-de-aplicacoes,exemplos-de-aplicacoes,29.024000000000004,18.952,10.072000000000003,0.6529768467475192,0.3094427812321418,8,8,1,12,2,2,alias,markdown_headings_text,4.4,18,5,0.2777777777777778,14,1,12,2,2,alias,markdown_headings_text,4.4,18,5,0.2777777777777778,14,29.024000000000004,unidade-01-metodos-formais,35,4,0.11428571428571428,winner_score=29.02
MF,produto,provasindutivas-especificacoesrecursivas,0,1,1,1,0,1a,1a,especificacao-de-funcoes-recursivas,especificacao-de-funcoes-recursivas,16.711999999999996,1.584,15.127999999999997,0.09478219243657254,0.8530804789181559,6,8,1,6,6,4,alias,markdown_headings_text,4.4,22,12,0.5454545454545454,19,1,6,6,4,alias,markdown_headings_text,4.4,22,12,0.5454545454545454,19,16.711999999999996,unidade-01-metodos-formais,35,12,0.34285714285714286,winner_score=16.71
MF,produto,provasindutivas-especificacoesrecursivas-arvores,0,1,1,1,0,1a,1a,especificacao-de-funcoes-recursivas,especificacao-de-funcoes-recursivas,9.186,1.4544,7.7316,0.1583278902677988,0.8435035658328143,5,8,1,3,4,4,alias,markdown_headings_text,4.4,22,8,0.36363636363636365,19,1,3,4,4,alias,markdown_headings_text,4.4,22,8,0.36363636363636365,19,9.186,unidade-01-metodos-formais,35,12,0.34285714285714286,winner_score=9.19
MF,produto,provasindutivas-especificacoesrecursivas-listas,0,1,1,1,0,1a,1a,especificacao-de-funcoes-recursivas,especificacao-de-funcoes-recursivas,9.366,1.4544,7.9116,0.1552850736707239,0.8460481562155456,5,8,1,3,4,4,alias,markdown_headings_text,4.4,22,9,0.4090909090909091,19,1,3,4,4,alias,markdown_headings_text,4.4,22,9,0.4090909090909091,19,9.366,unidade-01-metodos-formais,35,12,0.34285714285714286,winner_score=9.37
MF,produto,exercicioscorrecaoinducaomatematica,0,1,1,1,0,1a,1a,especificacao-de-funcoes-recursivas,especificacao-de-funcoes-recursivas,19.449999999999996,0.9936,18.456399999999995,0.05108483290488433,0.9497966386266254,4,8,1,8,7,7,alias,markdown_headings_text,4.4,22,9,0.4090909090909091,19,1,8,7,7,alias,markdown_headings_text,4.4,22,9,0.4090909090909091,19,19.449999999999996,unidade-01-metodos-formais,35,12,0.34285714285714286,winner_score=19.45
MF,produto,exerciciosespecificacao-respostas,0,0,1,1,0,1a,1a,linguagens-de-especificacao-e-logicas,linguagens-de-especificacao-e-logicas,8.5064,8.3264,0.17999999999999972,0.9788394620521019,0.3529297397046747,6,8,1,4,2,2,alias,markdown_headings_text,4.4,14,3,0.21428571428571427,14,1,4,2,2,alias,markdown_headings_text,4.4,14,3,0.21428571428571427,14,8.5064,unidade-01-metodos-formais,35,4,0.11428571428571428,winner_score=8.51|ambiguous
MF,produto,exerciciosespecificacao,0,0,1,1,0,1a,1a,linguagens-de-especificacao-e-logicas,linguagens-de-especificacao-e-logicas,8.5064,8.3264,0.17999999999999972,0.9788394620521019,0.3411233549788983,6,8,1,4,2,2,alias,markdown_headings_text,4.4,14,3,0.21428571428571427,14,1,4,2,2,alias,markdown_headings_text,4.4,14,3,0.21428571428571427,14,8.5064,unidade-01-metodos-formais,35,4,0.11428571428571428,winner_score=8.51|ambiguous
MF,produto,exerciciosformalizacaoalgoritmosrecursao2,0,1,1,1,0,1a,1a,especificacao-de-funcoes-recursivas,especificacao-de-funcoes-recursivas,16.071999999999996,1.1232,14.948799999999995,0.06988551518168244,0.9176644253668501,5,8,1,6,8,8,alias,markdown_headings_text,4.4,22,8,0.36363636363636365,19,1,6,8,8,alias,markdown_headings_text,4.4,22,8,0.36363636363636365,19,16.071999999999996,unidade-01-metodos-formais,35,12,0.34285714285714286,winner_score=16.07
MF,produto,exerciciosisabelle2,0,1,1,1,0,1a,1a,provadores-de-teoremas,provadores-de-teoremas,14.860399999999997,13.183999999999997,1.6763999999999992,0.8871901160130279,0.48415945872768346,7,8,1,7,1,1,alias,markdown_headings_text,4.4,6,3,0.5,4,1,7,1,1,alias,markdown_headings_text,4.4,6,3,0.5,4,14.860399999999997,unidade-01-metodos-formais,35,5,0.14285714285714285,winner_score=14.86
MF,produto,logicaproposicional-semantica,0,1,1,1,0,1a,1a,linguagens-de-especificacao-e-logicas,linguagens-de-especificacao-e-logicas,39.4864,11.402399999999998,28.084000000000003,0.2887677782730256,0.758264688753653,5,8,1,17,3,2,alias,markdown_headings_text,4.4,14,7,0.5,13,1,17,3,2,alias,markdown_headings_text,4.4,14,7,0.5,13,39.4864,unidade-01-metodos-formais,35,4,0.11428571428571428,winner_score=39.49
MF,produto,exerciciosformalizacaoalgoritmosrecursao-respostas,0,0,1,1,0,1a,1a,especificacao-de-funcoes-recursivas,especificacao-de-funcoes-recursivas,1.2528000000000001,0.01723392,1.2355660800000001,0.013756321839080458,0.960366661368092,4,8,0,0,0,0,,,0.0,22,4,0.18181818181818182,19,0,0,0,0,,,0.0,22,4,0.18181818181818182,19,1.2528000000000001,unidade-01-metodos-formais,35,12,0.34285714285714286,winner_score=1.25
MF,produto,formalizacaoalgoritmos-recursao,0,1,1,1,0,1a,1a,especificacao-de-funcoes-recursivas,especificacao-de-funcoes-recursivas,30.684000000000005,8.968,21.716000000000005,0.29226958675531217,0.6053151986633909,6,8,1,12,8,8,alias,markdown_headings_text,4.4,22,14,0.6363636363636364,19,1,12,8,8,alias,markdown_headings_text,4.4,22,14,0.6363636363636364,19,30.684000000000005,unidade-01-metodos-formais,35,12,0.34285714285714286,winner_score=30.68
MF,produto,formalizacaoalgoritmos-recursao3,0,1,1,1,0,2a-rotulo,2a,especificacao-de-funcoes-recursivas,especificacao-de-funcoes-recursivas,37.1308,12.203999999999997,24.926800000000004,0.3286759240307237,0.7015741926071936,6,8,1,17,4,4,alias,markdown_headings_text,4.4,23,10,0.43478260869565216,21,1,17,4,4,alias,markdown_headings_text,4.4,23,10,0.43478260869565216,21,37.1308,unidade-01-metodos-formais,35,12,0.34285714285714286,winner_score=37.13|rotulo-decomposto
MF,produto,exerciciosisabelle,0,1,1,1,0,1a,1a,provadores-de-teoremas,provadores-de-teoremas,15.040399999999996,9.266,5.774399999999996,0.6160740405840271,0.4817334703551873,7,8,1,7,1,1,alias,markdown_headings_text,4.4,6,4,0.6666666666666666,4,1,7,1,1,alias,markdown_headings_text,4.4,6,4,0.6666666666666666,4,15.040399999999996,unidade-01-metodos-formais,35,5,0.14285714285714285,winner_score=15.04
MF,produto,exerciciosformalizacaoalgoritmosrecursao,0,1,1,1,0,1a,1a,especificacao-de-funcoes-recursivas,especificacao-de-funcoes-recursivas,16.071999999999996,1.1232,14.948799999999995,0.06988551518168244,0.9328096251912423,4,8,1,6,8,8,alias,markdown_headings_text,4.4,22,8,0.36363636363636365,19,1,6,8,8,alias,markdown_headings_text,4.4,22,8,0.36363636363636365,19,16.071999999999996,unidade-01-metodos-formais,35,12,0.34285714285714286,winner_score=16.07
MF,produto,arvores,0,1,1,1,0,1a,1a,provadores-de-teoremas,provadores-de-teoremas,3.488,0.9072,2.5808,0.2600917431192661,0.7150838340669612,7,8,1,2,1,1,alias,markdown_lead_text,2.8,6,1,0.16666666666666666,4,1,2,1,1,alias,markdown_lead_text,2.8,6,1,0.16666666666666666,4,3.488,unidade-01-metodos-formais,35,5,0.14285714285714285,winner_score=3.49
MF,produto,exemplos,0,1,0,0,0,2a-propagado,2a,exemplos-de-aplicacoes,exemplos-de-aplicacoes,13.740399999999998,4.498,9.242399999999996,0.3273558266134902,0.7034813280069476,8,8,1,8,1,1,alias,markdown_headings_text,4.4,18,2,0.1111111111111111,14,1,8,1,1,alias,markdown_headings_text,4.4,18,2,0.1111111111111111,14,13.740399999999998,unidade-01-metodos-formais,35,4,0.11428571428571428,winner_score=13.74|propagado-headings
MF,produto,intro,0,1,1,0,0,1a,1a,especificacao-de-conjuntos-indutivos,especificacao-de-conjuntos-indutivos,4.858,3.488,1.3699999999999997,0.7179909427748045,0.4180693418037452,8,8,1,2,1,1,alias,markdown_lead_text,2.8,20,4,0.2,15,1,2,1,1,alias,markdown_lead_text,2.8,20,4,0.2,15,4.858,unidade-01-metodos-formais,35,4,0.11428571428571428,winner_score=4.86
MF,produto,listas,0,1,1,1,0,1a,1a,provadores-de-teoremas,provadores-de-teoremas,3.488,0.9072,2.5808,0.2600917431192661,0.7150838340669612,7,8,1,2,1,1,alias,markdown_lead_text,2.8,6,1,0.16666666666666666,4,1,2,1,1,alias,markdown_lead_text,2.8,6,1,0.16666666666666666,4,3.488,unidade-01-metodos-formais,35,5,0.14285714285714285,winner_score=3.49
MF,produto,provas,0,1,1,1,0,1a,1a,provadores-de-teoremas,provadores-de-teoremas,7.696,0.9072,6.7888,0.11787941787941789,0.8572028995342519,7,8,1,4,1,1,alias,markdown_lead_text,2.8,6,2,0.3333333333333333,4,1,4,1,1,alias,markdown_lead_text,2.8,6,2,0.3333333333333333,4,7.696,unidade-01-metodos-formais,35,5,0.14285714285714285,winner_score=7.70
MF,produto,correcaoterminacao,0,1,1,1,0,1a,1a,correcao-parcial-e-total,correcao-parcial-e-total,50.6288,5.218,45.410799999999995,0.10306386878614544,0.7656701931550483,7,7,1,23,4,1,alias,markdown_headings_text,4.4,7,7,1.0,8,1,23,4,1,alias,markdown_headings_text,4.4,7,7,1.0,8,50.6288,unidade-02-verificacao-de-programas,26,3,0.11538461538461539,winner_score=50.63
MF,produto,exercicioscorrecaoterminacao,0,1,1,1,0,1a,1a,correcao-parcial-e-total,correcao-parcial-e-total,28.210399999999996,0.9936,27.216799999999996,0.035221053228596554,0.9247837448954497,6,7,1,12,3,1,alias,markdown_headings_text,4.4,7,2,0.2857142857142857,8,1,12,3,1,alias,markdown_headings_text,4.4,7,2,0.2857142857142857,8,28.210399999999996,unidade-02-verificacao-de-programas,26,3,0.11538461538461539,winner_score=28.21
MF,produto,exerciciosformalizacaoalgoritmosinvariantes,0,1,1,1,0,1a,1a,invariante-e-variante-de-laco,invariante-e-variante-de-laco,29.0128,8.186,20.8268,0.2821513263111454,0.6808878516239594,6,7,1,14,7,7,alias,markdown_headings_text,4.4,7,5,0.7142857142857143,6,1,14,7,7,alias,markdown_headings_text,4.4,7,5,0.7142857142857143,6,29.0128,unidade-02-verificacao-de-programas,26,3,0.11538461538461539,winner_score=29.01
MF,produto,formalizacaoalgoritmos-invarianteslaco,0,1,1,1,0,1a,1a,invariante-e-variante-de-laco,invariante-e-variante-de-laco,32.7208,7.696,25.0248,0.23520207329894136,0.7452713452411445,6,7,1,15,3,1,alias,markdown_headings_text,4.4,7,6,0.8571428571428571,6,1,15,3,1,alias,markdown_headings_text,4.4,7,6,0.8571428571428571,6,32.7208,unidade-02-verificacao-de-programas,26,3,0.11538461538461539,winner_score=32.72
MF,produto,logicadehoare,0,1,1,1,0,1a,1a,logica-de-hoare,logica-de-hoare,47.556799999999996,17.093999999999998,30.462799999999998,0.3594438650203546,0.7023843902422057,7,7,1,22,4,1,alias,markdown_headings_text,4.4,9,8,0.8888888888888888,9,1,22,4,1,alias,markdown_headings_text,4.4,9,8,0.8888888888888888,9,47.556799999999996,unidade-02-verificacao-de-programas,26,4,0.15384615384615385,winner_score=47.56
MF,produto,logicadehoare2,0,1,1,1,0,1a,1a,logica-de-hoare,logica-de-hoare,33.004,4.498,28.505999999999997,0.13628651072597261,0.7865498574955831,6,7,1,13,4,1,alias,markdown_headings_text,4.4,9,6,0.6666666666666666,9,1,13,4,1,alias,markdown_headings_text,4.4,9,6,0.6666666666666666,9,33.004,unidade-02-verificacao-de-programas,26,4,0.15384615384615385,winner_score=33.00
MF,produto,exerciciosdafny1,0,1,1,0,0,1a,1a,verificacao-de-programas,verificacao-de-programas,8.186,3.568,4.618,0.43586611287564136,0.6851423770386207,6,7,1,3,5,5,alias,markdown_headings_text,4.4,11,2,0.18181818181818182,8,1,3,5,5,alias,markdown_headings_text,4.4,11,2,0.18181818181818182,8,8.186,unidade-02-verificacao-de-programas,26,14,0.5384615384615384,winner_score=8.19
MF,produto,exerciciosdafny2,0,1,1,0,0,1a,1a,verificacao-de-programas,verificacao-de-programas,15.171999999999997,10.973999999999998,4.197999999999999,0.7233060901660955,0.35806636114389284,6,7,1,6,6,5,alias,markdown_headings_text,4.4,11,3,0.2727272727272727,8,1,6,6,5,alias,markdown_headings_text,4.4,11,3,0.2727272727272727,8,15.171999999999997,unidade-02-verificacao-de-programas,26,14,0.5384615384615384,winner_score=15.17
MF,produto,exerciciosdafny3,0,1,1,0,0,1a,1a,verificacao-de-programas,verificacao-de-programas,15.351999999999999,0.14217984000000003,15.209820159999998,0.009261323606044819,0.9864348806170139,6,7,1,6,6,5,alias,markdown_headings_text,4.4,10,4,0.4,7,1,6,6,5,alias,markdown_headings_text,4.4,10,4,0.4,7,15.351999999999999,unidade-02-verificacao-de-programas,26,14,0.5384615384615384,winner_score=15.35
MF,produto,exerciciosdafny4,0,1,1,0,0,1a,1a,verificacao-de-programas,verificacao-de-programas,15.711999999999998,4.578,11.133999999999997,0.2913696537678208,0.7617547366328411,6,7,1,6,7,5,alias,markdown_headings_text,4.4,10,6,0.6,7,1,6,7,5,alias,markdown_headings_text,4.4,10,6,0.6,7,15.711999999999998,unidade-02-verificacao-de-programas,26,14,0.5384615384615384,winner_score=15.71
MF,produto,exerciciosdafny5,0,1,1,0,0,1a,1a,verificacao-de-programas,verificacao-de-programas,15.351999999999999,10.973999999999998,4.378,0.7148254299114122,0.5788864457072087,6,7,1,6,6,5,alias,markdown_headings_text,4.4,11,4,0.36363636363636365,8,1,6,6,5,alias,markdown_headings_text,4.4,11,4,0.36363636363636365,8,15.351999999999999,unidade-02-verificacao-de-programas,26,14,0.5384615384615384,winner_score=15.35
MF,produto,verificacaomodelos,0,1,1,0,0,2a-rotulo,2a,especificacao-de-propriedades-para-sistemas-sequenciais-e-concorrentes,especificacao-de-propriedades-para-sistemas-sequenciais-e-concorrentes,36.31,31.672800000000002,4.6372,0.8722886257229413,0.49803157511956586,8,8,1,15,2,1,alias,markdown_headings_text,4.4,4,4,1.0,8,1,15,2,1,alias,markdown_headings_text,4.4,4,4,1.0,8,36.31,unidade-03-verificacao-de-modelos,5,1,0.2,winner_score=36.31|rotulo-decomposto
MF,produto,exercicioslogicatemporal,0,1,1,0,0,1a,1a,verificacao-de-modelos-model-checking,verificacao-de-modelos-model-checking,18.550799999999995,8.366399999999999,10.184399999999997,0.4509994178148652,0.5818476364497632,7,8,1,10,3,1,alias,markdown_headings_text,4.4,9,2,0.2222222222222222,9,1,10,3,1,alias,markdown_headings_text,4.4,9,2,0.2222222222222222,9,18.550799999999995,unidade-03-verificacao-de-modelos,5,1,0.2,winner_score=18.55
MF,produto,exerciciosnusmv,0,0,1,1,0,1a,1a,softwares-de-suporte-a-verificacao-formal-de-modelos,softwares-de-suporte-a-verificacao-formal-de-modelos,26.2548,26.0768,0.17800000000000082,0.9932202873379343,0.47017211538630155,8,8,1,12,1,1,alias,markdown_headings_text,4.4,4,4,1.0,5,1,12,1,1,alias,markdown_headings_text,4.4,4,4,1.0,5,26.2548,unidade-03-verificacao-de-modelos,5,2,0.4,winner_score=26.25|ambiguous
MF,produto,classes-parte1,0,0,1,0,0,1a,1a,verificacao-de-programas,verificacao-de-programas,0.9359999999999999,0.12494592,0.8110540799999999,0.13348923076923078,0.8412366437505177,5,7,0,0,0,0,,,0.0,10,2,0.2,7,0,0,0,0,,,0.0,10,2,0.2,7,0.9359999999999999,unidade-02-verificacao-de-programas,26,14,0.5384615384615384,winner_score=0.94
MF,produto,colecoes-arrays,0,0,1,0,0,1a,1a,verificacao-de-programas,verificacao-de-programas,0.9359999999999999,0.01723392,0.9187660799999999,0.018412307692307693,0.931402893367265,5,7,0,0,0,0,,,0.0,10,2,0.2,7,0,0,0,0,,,0.0,10,2,0.2,7,0.9359999999999999,unidade-02-verificacao-de-programas,26,14,0.5384615384615384,winner_score=0.94
MF,produto,colecoes-conjuntos,0,0,1,0,0,1a,1a,verificacao-de-programas,verificacao-de-programas,0.12494592,0.01723392,0.107712,0.13793103448275862,0.6444444444444443,5,7,0,0,0,0,,,0.0,10,1,0.1,7,0,0,0,0,,,0.0,10,1,0.1,7,0.12494592,unidade-02-verificacao-de-programas,26,14,0.5384615384615384,winner_score=0.12
MF,produto,colecoes-sequences,0,1,1,0,0,1a,1a,verificacao-de-programas,verificacao-de-programas,0.9359999999999999,0.01723392,0.9187660799999999,0.018412307692307693,0.931402893367265,5,7,0,0,0,0,,,0.0,10,2,0.2,7,0,0,0,0,,,0.0,10,2,0.2,7,0.9359999999999999,unidade-02-verificacao-de-programas,26,14,0.5384615384615384,winner_score=0.94
MF,produto,exercicios-conjuntos,0,0,1,0,0,1a,1a,verificacao-de-programas,verificacao-de-programas,0.12494592,0.107712,0.01723392,0.8620689655172414,0.4142857142857142,6,7,0,0,0,0,,,0.0,11,1,0.09090909090909091,8,0,0,0,0,,,0.0,11,1,0.09090909090909091,8,0.12494592,unidade-02-verificacao-de-programas,26,14,0.5384615384615384,winner_score=0.12
MF,produto,hoare,0,1,1,1,0,1a,1a,logica-de-hoare,logica-de-hoare,8.246,3.488,4.758000000000001,0.4229929662866844,0.692321712600603,6,7,1,3,4,4,alias,markdown_headings_text,4.4,9,3,0.3333333333333333,9,1,3,4,4,alias,markdown_headings_text,4.4,9,3,0.3333333333333333,9,8.246,unidade-02-verificacao-de-programas,26,4,0.15384615384615385,winner_score=8.25
MF,produto,introducao-zip,0,0,1,0,0,1a,1a,verificacao-de-programas,verificacao-de-programas,0.12494592,0.01723392,0.107712,0.13793103448275862,0.6444444444444443,5,7,0,0,0,0,,,0.0,10,1,0.1,7,0,0,0,0,,,0.0,10,1,0.1,7,0.12494592,unidade-02-verificacao-de-programas,26,14,0.5384615384615384,winner_score=0.12
MF,produto,invariantes,0,1,1,1,0,1a,1a,invariante-e-variante-de-laco,invariante-e-variante-de-laco,18.766,0.12494592,18.64105408,0.006658100820633061,0.9850732645064687,5,7,1,8,3,1,alias,markdown_headings_text,4.4,7,2,0.2857142857142857,6,1,8,3,1,alias,markdown_headings_text,4.4,7,2,0.2857142857142857,6,18.766,unidade-02-verificacao-de-programas,26,3,0.11538461538461539,winner_score=18.77
MF,produto,terminacao,0,1,1,1,0,1a,1a,correcao-parcial-e-total,correcao-parcial-e-total,10.949999999999998,0.12494592,10.825054079999997,0.011410586301369865,0.9841239081994549,5,7,1,5,1,1,alias,markdown_headings_text,4.4,7,1,0.14285714285714285,8,1,5,1,1,alias,markdown_headings_text,4.4,7,1,0.14285714285714285,8,10.949999999999998,unidade-02-verificacao-de-programas,26,3,0.11538461538461539,winner_score=10.95
MF,produto,tiposindutivos,0,1,0,0,0,1a,1a,verificacao-de-programas,verificacao-de-programas,0.12494592,0.01723392,0.107712,0.13793103448275862,0.6444444444444443,5,7,0,0,0,0,,,0.0,10,1,0.1,7,0,0,0,0,,,0.0,10,1,0.1,7,0.12494592,unidade-02-verificacao-de-programas,26,14,0.5384615384615384,winner_score=0.12
MF,produto,exemplos-zip,0,1,1,1,0,1a,1a,softwares-de-suporte-a-verificacao-formal-de-modelos,softwares-de-suporte-a-verificacao-formal-de-modelos,7.056,0.12494592,6.93105408,0.017707755102040815,0.9612607975090398,6,8,1,3,1,1,alias,markdown_headings_text,4.4,4,1,0.25,4,1,3,1,1,alias,markdown_headings_text,4.4,4,1,0.25,4,7.056,unidade-03-verificacao-de-modelos,5,2,0.4,winner_score=7.06
MF,produto,exerciciosformalizacaoalgoritmosrecursao3-respostas,0,1,1,1,0,1a,1a,especificacao-de-funcoes-recursivas,especificacao-de-funcoes-recursivas,15.711999999999998,0.15941376,15.552586239999998,0.010145987780040734,0.9878106976478436,4,8,1,6,3,3,alias,markdown_headings_text,4.4,22,6,0.2727272727272727,19,1,6,3,3,alias,markdown_headings_text,4.4,22,6,0.2727272727272727,19,15.711999999999998,unidade-01-metodos-formais,35,12,0.34285714285714286,winner_score=15.71
MF,produto,classes-parte2,0,0,1,1,0,1a,1a,verificacao-de-programas,verificacao-de-programas,0.9359999999999999,0.12494592,0.8110540799999999,0.13348923076923078,0.8412366437505177,5,7,0,0,0,0,,,0.0,10,2,0.2,7,0,0,0,0,,,0.0,10,2,0.2,7,0.9359999999999999,unidade-02-verificacao-de-programas,26,14,0.5384615384615384,winner_score=0.94
MF,produto,exercicios-arrays,0,1,1,0,0,1a,1a,verificacao-de-programas,verificacao-de-programas,0.9359999999999999,0.12494592,0.8110540799999999,0.13348923076923078,0.7669869919006173,6,7,0,0,0,0,,,0.0,10,2,0.2,7,0,0,0,0,,,0.0,10,2,0.2,7,0.9359999999999999,unidade-02-verificacao-de-programas,26,14,0.5384615384615384,winner_score=0.94
MF,produto,logicadehoare-exercicios-respostas,0,1,1,1,0,1a,1a,logica-de-hoare,logica-de-hoare,23.7624,0.15941376,23.60298624,0.006708655691344308,0.9904817712939278,6,7,1,10,4,3,label,markdown_headings_text,4.4,9,2,0.2222222222222222,9,1,10,4,3,label,markdown_headings_text,4.4,9,2,0.2222222222222222,9,23.7624,unidade-02-verificacao-de-programas,26,4,0.15384615384615385,winner_score=23.76
SO,cru,definicao-e-historico,0,1,1,0,0,1a,1a,servicos-dos-sistemas-operacionais,servicos-dos-sistemas-operacionais,15.671999999999999,0.9072,14.7648,0.057886676875957124,0.8962393631622289,3,4,1,6,1,1,alias,markdown_headings_text,4.4,3,3,1.0,3,1,6,1,1,alias,markdown_headings_text,4.4,3,3,1.0,3,15.671999999999999,unidade-01-introducao-ao-estudo-de-sistemas-operacionais,11,1,0.09090909090909091,winner_score=15.67
SO,cru,1203-processos,0,1,1,1,0,1a,1a,chamadas-de-sistema,chamadas-de-sistema,9.74,0.107712,9.632288,0.011058726899383984,0.9783611426293849,3,4,1,3,3,3,label,markdown_headings_text,4.4,5,3,0.6,2,1,3,3,3,label,markdown_headings_text,4.4,5,3,0.6,2,9.74,unidade-01-introducao-ao-estudo-de-sistemas-operacionais,11,7,0.6363636363636364,winner_score=9.74
SO,cru,1703-chamada-de-sistema,0,1,1,1,0,1a,1a,chamadas-de-sistema,chamadas-de-sistema,8.6064,0.0,8.6064,0.0,1.0,1,4,1,4,5,5,alias,markdown_headings_text,4.4,5,4,0.8,2,1,4,5,5,alias,markdown_headings_text,4.4,5,4,0.8,2,8.6064,unidade-01-introducao-ao-estudo-de-sistemas-operacionais,11,7,0.6363636363636364,winner_score=8.61
SO,cru,exemplo-criacao-de-processos-no-unix-linux-filho,0,1,1,1,0,1a,1a,chamadas-de-sistema,chamadas-de-sistema,0.107712,0.0,0.107712,0.0,1.0,1,4,0,0,0,0,,,0.0,5,1,0.2,2,0,0,0,0,,,0.0,5,1,0.2,2,0.107712,unidade-01-introducao-ao-estudo-de-sistemas-operacionais,11,7,0.6363636363636364,winner_score=0.11
SO,cru,exemplo-criacao-de-processos-no-unix-linux-teste01,0,1,1,1,0,1a,1a,chamadas-de-sistema,chamadas-de-sistema,0.107712,0.0,0.107712,0.0,1.0,1,4,0,0,0,0,,,0.0,5,1,0.2,2,0,0,0,0,,,0.0,5,1,0.2,2,0.107712,unidade-01-introducao-ao-estudo-de-sistemas-operacionais,11,7,0.6363636363636364,winner_score=0.11
SO,cru,exemplo-criacao-de-processos-no-unix-linux-teste02,0,1,1,1,0,1a,1a,chamadas-de-sistema,chamadas-de-sistema,0.107712,0.0,0.107712,0.0,1.0,1,4,0,0,0,0,,,0.0,5,1,0.2,2,0,0,0,0,,,0.0,5,1,0.2,2,0.107712,unidade-01-introducao-ao-estudo-de-sistemas-operacionais,11,7,0.6363636363636364,winner_score=0.11
SO,cru,exemplo-criacao-de-processos-no-unix-linux-teste03,0,1,1,1,0,1a,1a,chamadas-de-sistema,chamadas-de-sistema,0.107712,0.0,0.107712,0.0,1.0,1,4,0,0,0,0,,,0.0,5,1,0.2,2,0,0,0,0,,,0.0,5,1,0.2,2,0.107712,unidade-01-introducao-ao-estudo-de-sistemas-operacionais,11,7,0.6363636363636364,winner_score=0.11
SO,cru,1903-estruturas-de-controle,0,1,0,0,0,1a,1a,escalonamento,escalonamento,2.0,0.107712,1.892288,0.053856,0.9488962438891083,2,4,1,1,1,1,label,markdown_text,1.1,1,1,1.0,1,1,1,1,1,label,markdown_text,1.1,1,1,1.0,1,2.0,unidade-02-gerencia-do-processador,11,8,0.7272727272727273,winner_score=2.00
SO,cru,2403-escalonamento-de-processos,0,1,1,1,0,1a,1a,escalonamento,escalonamento,14.120000000000001,0.107712,14.012288000000002,0.007628328611898017,0.9924294222430142,2,4,1,6,1,1,label,markdown_headings_text,4.4,1,1,1.0,1,1,6,1,1,label,markdown_headings_text,4.4,1,1,1.0,1,14.120000000000001,unidade-02-gerencia-do-processador,11,8,0.7272727272727273,winner_score=14.12
SO,cru,2603-algoritmos-de-escalonamento,0,0,1,1,0,2a-propagado,2a,algoritmos-de-escalonamento,algoritmos-de-escalonamento,15.06,13.47,1.5899999999999999,0.8944223107569721,0.5258800004693113,3,4,1,6,3,3,label,markdown_headings_text,4.4,2,2,1.0,1,1,6,3,3,label,markdown_headings_text,4.4,2,2,1.0,1,15.06,unidade-02-gerencia-do-processador,11,2,0.18181818181818182,winner_score=15.06|ambiguous|propagado-headings
SO,cru,3103-threads,0,0,0,0,0,1a,1a,escalonamento,escalonamento,2.0,0.107712,1.892288,0.053856,0.9488962438891083,2,4,1,1,1,1,label,markdown_text,1.1,1,1,1.0,1,1,1,1,1,label,markdown_text,1.1,1,1,1.0,1,2.0,unidade-02-gerencia-do-processador,11,8,0.7272727272727273,winner_score=2.00
SO,cru,exercicios,0,1,0,0,1,vazio-sem-sinal,1a,,conceitos-basicos,0.0,0.0,0.0,1.0,0.0,0,4,0,0,0,0,,,0.0,2,0,0.0,1,0,0,0,0,,,0.0,0,0,0.0,0,0.0,unidade-02-gerencia-do-processador,11,1,0.09090909090909091,sem-sinal (winner_score=0)
SO,cru,exemplo-threads-em-c-exemplo1,0,0,0,0,0,2a-propagado,2a,escalonamento,escalonamento,11.090399999999999,0.0,11.090399999999999,0.0,1.0,1,4,1,6,1,1,alias,markdown_headings_text,4.4,2,1,0.5,2,1,6,1,1,alias,markdown_headings_text,4.4,2,1,0.5,2,11.090399999999999,unidade-02-gerencia-do-processador,11,8,0.7272727272727273,winner_score=11.09|propagado-headings
SO,cru,exemplo-threads-em-c-exemplo2,0,0,0,0,0,2a-propagado,2a,escalonamento,escalonamento,11.090399999999999,0.0,11.090399999999999,0.0,1.0,1,4,1,6,1,1,alias,markdown_headings_text,4.4,2,1,0.5,2,1,6,1,1,alias,markdown_headings_text,4.4,2,1,0.5,2,11.090399999999999,unidade-02-gerencia-do-processador,11,8,0.7272727272727273,winner_score=11.09|propagado-headings
SO,cru,exemplo-threads-em-c-exemplo3,0,1,0,0,0,2a-propagado,2a,escalonamento,escalonamento,11.090399999999999,0.0,11.090399999999999,0.0,1.0,1,4,1,6,1,1,alias,markdown_headings_text,4.4,2,1,0.5,2,1,6,1,1,alias,markdown_headings_text,4.4,2,1,0.5,2,11.090399999999999,unidade-02-gerencia-do-processador,11,8,0.7272727272727273,winner_score=11.09|propagado-headings
SO,produto,definicao-e-historico,0,1,1,1,0,1a,1a,evolucao-historica,evolucao-historica,30.762000000000004,15.591999999999999,15.170000000000005,0.5068591118912944,0.6047749738524572,4,4,1,13,4,2,alias,markdown_headings_text,4.4,8,6,0.75,5,1,13,4,2,alias,markdown_headings_text,4.4,8,6,0.75,5,30.762000000000004,unidade-01-introducao-ao-estudo-de-sistemas-operacionais,11,1,0.09090909090909091,winner_score=30.76
SO,produto,1203-processos,0,1,1,0,0,1a,1a,servicos-dos-sistemas-operacionais,servicos-dos-sistemas-operacionais,22.218000000000004,17.086,5.132000000000005,0.7690161130614815,0.549290910874546,4,4,1,9,5,5,alias,markdown_headings_text,4.4,8,5,0.625,6,1,9,5,5,alias,markdown_headings_text,4.4,8,5,0.625,6,22.218000000000004,unidade-01-introducao-ao-estudo-de-sistemas-operacionais,11,1,0.09090909090909091,winner_score=22.22
SO,produto,1703-chamada-de-sistema,0,1,1,1,0,1a,1a,chamadas-de-sistema,chamadas-de-sistema,33.5988,0.107712,33.491088,0.003205828779599272,0.9936291898935785,3,4,1,16,7,3,alias,markdown_headings_text,4.4,9,7,0.7777777777777778,6,1,16,7,3,alias,markdown_headings_text,4.4,9,7,0.7777777777777778,6,33.5988,unidade-01-introducao-ao-estudo-de-sistemas-operacionais,11,7,0.6363636363636364,winner_score=33.60
SO,produto,exemplo-criacao-de-processos-no-unix-linux-filho,0,1,1,1,0,1a,1a,chamadas-de-sistema,chamadas-de-sistema,0.9072,0.0,0.9072,0.0,1.0,1,4,0,0,0,0,,,0.0,9,2,0.2222222222222222,6,0,0,0,0,,,0.0,9,2,0.2222222222222222,6,0.9072,unidade-01-introducao-ao-estudo-de-sistemas-operacionais,11,7,0.6363636363636364,winner_score=0.91
SO,produto,exemplo-criacao-de-processos-no-unix-linux-teste01,0,1,1,1,0,1a,1a,chamadas-de-sistema,chamadas-de-sistema,0.9072,0.0,0.9072,0.0,1.0,1,4,0,0,0,0,,,0.0,9,2,0.2222222222222222,6,0,0,0,0,,,0.0,9,2,0.2222222222222222,6,0.9072,unidade-01-introducao-ao-estudo-de-sistemas-operacionais,11,7,0.6363636363636364,winner_score=0.91
SO,produto,exemplo-criacao-de-processos-no-unix-linux-teste02,0,1,1,1,0,1a,1a,chamadas-de-sistema,chamadas-de-sistema,0.9072,0.0,0.9072,0.0,1.0,1,4,0,0,0,0,,,0.0,9,2,0.2222222222222222,6,0,0,0,0,,,0.0,9,2,0.2222222222222222,6,0.9072,unidade-01-introducao-ao-estudo-de-sistemas-operacionais,11,7,0.6363636363636364,winner_score=0.91
SO,produto,exemplo-criacao-de-processos-no-unix-linux-teste03,0,1,1,1,0,1a,1a,chamadas-de-sistema,chamadas-de-sistema,0.9072,0.0,0.9072,0.0,1.0,1,4,0,0,0,0,,,0.0,9,2,0.2222222222222222,6,0,0,0,0,,,0.0,9,2,0.2222222222222222,6,0.9072,unidade-01-introducao-ao-estudo-de-sistemas-operacionais,11,7,0.6363636363636364,winner_score=0.91
SO,produto,1903-estruturas-de-controle,0,1,1,1,0,1a,1a,conceitos-basicos,conceitos-basicos,30.104400000000002,3.802,26.302400000000002,0.12629383080214188,0.8305028635746681,3,4,1,13,5,5,alias,markdown_headings_text,4.4,21,10,0.47619047619047616,12,1,13,5,5,alias,markdown_headings_text,4.4,21,10,0.47619047619047616,12,30.104400000000002,unidade-02-gerencia-do-processador,11,8,0.7272727272727273,winner_score=30.10
SO,produto,2403-escalonamento-de-processos,0,1,1,1,0,1a,1a,escalonamento,escalonamento,68.4964,13.180399999999999,55.315999999999995,0.19242471137169254,0.8294148987697375,3,4,1,30,3,1,label,markdown_headings_text,4.4,10,10,1.0,8,1,30,3,1,label,markdown_headings_text,4.4,10,10,1.0,8,68.4964,unidade-02-gerencia-do-processador,11,1,0.09090909090909091,winner_score=68.50
SO,produto,2603-algoritmos-de-escalonamento,0,1,1,1,0,1a,1a,algoritmos-de-escalonamento,algoritmos-de-escalonamento,59.510000000000005,14.84,44.67,0.24936985380608298,0.7516926030719483,3,4,1,25,4,3,label,markdown_headings_text,4.4,15,13,0.8666666666666667,10,1,25,4,3,label,markdown_headings_text,4.4,15,13,0.8666666666666667,10,59.510000000000005,unidade-02-gerencia-do-processador,11,2,0.18181818181818182,winner_score=59.51
SO,produto,3103-threads,0,0,1,1,0,1a,1a,conceitos-basicos,conceitos-basicos,15.7724,2.3600000000000003,13.412399999999998,0.14962846491339304,0.7703473606064158,3,4,1,7,1,1,alias,markdown_headings_text,4.4,21,6,0.2857142857142857,12,1,7,1,1,alias,markdown_headings_text,4.4,21,6,0.2857142857142857,12,15.7724,unidade-02-gerencia-do-processador,11,8,0.7272727272727273,winner_score=15.77
SO,produto,exercicios,0,1,1,1,0,1a,1a,algoritmos-de-escalonamento,algoritmos-de-escalonamento,16.573999999999995,1.2320000000000002,15.341999999999995,0.07433329310968992,0.923436256364144,3,4,1,7,2,1,alias,markdown_headings_text,4.4,15,6,0.4,10,1,7,2,1,alias,markdown_headings_text,4.4,15,6,0.4,10,16.573999999999995,unidade-02-gerencia-do-processador,11,2,0.18181818181818182,winner_score=16.57
SO,produto,exemplo-threads-em-c-exemplo1,0,0,1,1,0,2a-propagado,2a,conceitos-basicos,conceitos-basicos,11.090399999999999,0.0,11.090399999999999,0.0,1.0,1,4,1,6,1,1,alias,markdown_headings_text,4.4,23,1,0.043478260869565216,14,1,6,1,1,alias,markdown_headings_text,4.4,23,1,0.043478260869565216,14,11.090399999999999,unidade-02-gerencia-do-processador,11,8,0.7272727272727273,winner_score=11.09|propagado-headings
SO,produto,exemplo-threads-em-c-exemplo2,0,0,1,1,0,2a-propagado,2a,conceitos-basicos,conceitos-basicos,11.090399999999999,0.0,11.090399999999999,0.0,1.0,1,4,1,6,1,1,alias,markdown_headings_text,4.4,23,1,0.043478260869565216,14,1,6,1,1,alias,markdown_headings_text,4.4,23,1,0.043478260869565216,14,11.090399999999999,unidade-02-gerencia-do-processador,11,8,0.7272727272727273,winner_score=11.09|propagado-headings
SO,produto,exemplo-threads-em-c-exemplo3,0,1,1,1,0,2a-propagado,2a,conceitos-basicos,conceitos-basicos,11.090399999999999,0.0,11.090399999999999,0.0,1.0,1,4,1,6,1,1,alias,markdown_headings_text,4.4,23,1,0.043478260869565216,14,1,6,1,1,alias,markdown_headings_text,4.4,23,1,0.043478260869565216,14,11.090399999999999,unidade-02-gerencia-do-processador,11,8,0.7272727272727273,winner_score=11.09|propagado-headings
IA,cru,caracteristicas-dos-dados,0,1,1,1,0,1a,1a,introducao-ao-aprendizado-de-maquina,introducao-ao-aprendizado-de-maquina,1.2959999999999998,0.107712,1.1882879999999998,0.08311111111111112,0.8574695121951219,3,5,0,0,0,0,,,0.0,12,5,0.4166666666666667,8,0,0,0,0,,,0.0,12,5,0.4166666666666667,8,1.2959999999999998,unidade-de-aprendizagem-05-aprendizado-de-maquina,39,38,0.9743589743589743,winner_score=1.30
IA,cru,introducao-a-ml,0,1,1,1,0,2a-propagado,2a,introducao-ao-aprendizado-de-maquina,introducao-ao-aprendizado-de-maquina,75.13200000000002,2.3600000000000003,72.77200000000002,0.03141138263323218,0.9655190990092208,5,5,1,39,1,1,alias,markdown_headings_text,4.4,65,27,0.4153846153846154,63,1,39,1,1,alias,markdown_headings_text,4.4,65,27,0.4153846153846154,63,75.13200000000002,unidade-de-aprendizagem-05-aprendizado-de-maquina,39,38,0.9743589743589743,winner_score=75.13|propagado-headings
IA,cru,analise-exploratoria-de-dados-exemplo-1,0,1,1,1,0,1a,1a,introducao-ao-aprendizado-de-maquina,introducao-ao-aprendizado-de-maquina,11.919999999999998,0.0,11.919999999999998,0.0,1.0,1,5,1,5,1,1,alias,markdown_headings_text,4.4,12,2,0.16666666666666666,8,1,5,1,1,alias,markdown_headings_text,4.4,12,2,0.16666666666666666,8,11.919999999999998,unidade-de-aprendizagem-05-aprendizado-de-maquina,39,38,0.9743589743589743,winner_score=11.92
IA,cru,analise-exploratoria-dos-dados-exemplo-2,0,1,1,1,0,1a,1a,introducao-ao-aprendizado-de-maquina,introducao-ao-aprendizado-de-maquina,12.099999999999998,0.107712,11.992287999999999,0.008901818181818184,0.9911767250079294,2,5,1,5,1,1,alias,markdown_headings_text,4.4,12,3,0.25,8,1,5,1,1,alias,markdown_headings_text,4.4,12,3,0.25,8,12.099999999999998,unidade-de-aprendizagem-05-aprendizado-de-maquina,39,38,0.9743589743589743,winner_score=12.10
IA,cru,algoritmo-de-classificacao-k-nn,0,1,0,0,0,1a,1a,introducao-ao-aprendizado-de-maquina,introducao-ao-aprendizado-de-maquina,1.2959999999999998,0.107712,1.1882879999999998,0.08311111111111112,0.9232663110381616,2,5,0,0,0,0,,,0.0,12,5,0.4166666666666667,8,0,0,0,0,,,0.0,12,5,0.4166666666666667,8,1.2959999999999998,unidade-de-aprendizagem-05-aprendizado-de-maquina,39,38,0.9743589743589743,winner_score=1.30
IA,cru,exemplo-com-k-nn,0,1,0,0,0,1a,1a,introducao-ao-aprendizado-de-maquina,introducao-ao-aprendizado-de-maquina,0.107712,0.0,0.107712,0.0,1.0,1,5,0,0,0,0,,,0.0,12,1,0.08333333333333333,8,0,0,0,0,,,0.0,12,1,0.08333333333333333,8,0.107712,unidade-de-aprendizagem-05-aprendizado-de-maquina,39,38,0.9743589743589743,winner_score=0.11
IA,cru,exemplo-2-k-nn-com-iriscsv-mais-completo,0,1,0,0,0,1a,1a,introducao-ao-aprendizado-de-maquina,introducao-ao-aprendizado-de-maquina,0.107712,0.0,0.107712,0.0,1.0,1,5,0,0,0,0,,,0.0,12,1,0.08333333333333333,8,0,0,0,0,,,0.0,12,1,0.08333333333333333,8,0.107712,unidade-de-aprendizagem-05-aprendizado-de-maquina,39,38,0.9743589743589743,winner_score=0.11
IA,cru,exemplo-de-programa-com-k-nn-em-java,0,1,0,0,0,1a,1a,introducao-ao-aprendizado-de-maquina,introducao-ao-aprendizado-de-maquina,11.919999999999998,0.0,11.919999999999998,0.0,1.0,1,5,1,5,1,1,alias,markdown_headings_text,4.4,12,2,0.16666666666666666,8,1,5,1,1,alias,markdown_headings_text,4.4,12,2,0.16666666666666666,8,11.919999999999998,unidade-de-aprendizagem-05-aprendizado-de-maquina,39,38,0.9743589743589743,winner_score=11.92
IA,cru,artigo-usando-k-nn-em-texto,0,1,0,0,0,2a-propagado,2a,introducao-ao-aprendizado-de-maquina,introducao-ao-aprendizado-de-maquina,32.26600000000001,1.0368,31.229200000000013,0.032132895307754275,0.9617975652505695,4,5,1,19,1,1,alias,markdown_headings_text,4.4,65,18,0.27692307692307694,63,1,19,1,1,alias,markdown_headings_text,4.4,65,18,0.27692307692307694,63,32.26600000000001,unidade-de-aprendizagem-05-aprendizado-de-maquina,39,38,0.9743589743589743,winner_score=32.27|propagado-headings
IA,cru,k-nn-para-classificacao-exemplo-cardio,0,1,0,0,0,1a,1a,introducao-ao-aprendizado-de-maquina,introducao-ao-aprendizado-de-maquina,0.107712,0.0,0.107712,0.0,1.0,1,5,0,0,0,0,,,0.0,12,1,0.08333333333333333,8,0,0,0,0,,,0.0,12,1,0.08333333333333333,8,0.107712,unidade-de-aprendizagem-05-aprendizado-de-maquina,39,38,0.9743589743589743,winner_score=0.11
IA,cru,k-nn-para-regressao-exemplo-imc,0,1,0,0,0,1a,1a,introducao-ao-aprendizado-de-maquina,introducao-ao-aprendizado-de-maquina,0.107712,0.0,0.107712,0.0,1.0,1,5,0,0,0,0,,,0.0,12,1,0.08333333333333333,8,0,0,0,0,,,0.0,12,1,0.08333333333333333,8,0.107712,unidade-de-aprendizagem-05-aprendizado-de-maquina,39,38,0.9743589743589743,winner_score=0.11
IA,cru,introducao-a-redes-neurais,0,1,0,0,0,2a-propagado,2a,introducao-ao-aprendizado-de-maquina,introducao-ao-aprendizado-de-maquina,68.50800000000002,0.9072,67.60080000000002,0.013242249080399365,0.9869308163053625,2,5,1,39,1,1,alias,markdown_headings_text,4.4,65,23,0.35384615384615387,63,1,39,1,1,alias,markdown_headings_text,4.4,65,23,0.35384615384615387,63,68.50800000000002,unidade-de-aprendizagem-05-aprendizado-de-maquina,39,38,0.9743589743589743,winner_score=68.51|propagado-headings
IA,cru,rede-perceptron,0,1,0,0,0,1a,1a,introducao-ao-aprendizado-de-maquina,introducao-ao-aprendizado-de-maquina,1.1664,0.107712,1.058688,0.09234567901234567,0.8441017090454356,3,5,0,0,0,0,,,0.0,12,4,0.3333333333333333,8,0,0,0,0,,,0.0,12,4,0.3333333333333333,8,1.1664,unidade-de-aprendizagem-05-aprendizado-de-maquina,39,38,0.9743589743589743,winner_score=1.17
IA,cru,rede-perceptron-classificacao-de-cliente,0,1,0,0,0,2a-propagado,2a,introducao-ao-aprendizado-de-maquina,introducao-ao-aprendizado-de-maquina,31.156000000000002,0.0,31.156000000000002,0.0,1.0,1,5,1,16,1,1,alias,markdown_headings_text,4.4,65,5,0.07692307692307693,63,1,16,1,1,alias,markdown_headings_text,4.4,65,5,0.07692307692307693,63,31.156000000000002,unidade-de-aprendizagem-05-aprendizado-de-maquina,39,38,0.9743589743589743,winner_score=31.16|propagado-headings
IA,cru,rede-perceptron-classificacao-planta-iris,0,1,0,0,0,1a,1a,introducao-ao-aprendizado-de-maquina,introducao-ao-aprendizado-de-maquina,0.107712,0.0,0.107712,0.0,1.0,1,5,0,0,0,0,,,0.0,12,1,0.08333333333333333,8,0,0,0,0,,,0.0,12,1,0.08333333333333333,8,0.107712,unidade-de-aprendizagem-05-aprendizado-de-maquina,39,38,0.9743589743589743,winner_score=0.11
IA,cru,rede-perceptron-exemplo-atualizado,0,1,0,0,0,1a,1a,introducao-ao-aprendizado-de-maquina,introducao-ao-aprendizado-de-maquina,0.9072,0.107712,0.799488,0.11873015873015873,0.8938706015891033,2,5,0,0,0,0,,,0.0,12,2,0.16666666666666666,8,0,0,0,0,,,0.0,12,2,0.16666666666666666,8,0.9072,unidade-de-aprendizagem-05-aprendizado-de-maquina,39,38,0.9743589743589743,winner_score=0.91
IA,cru,rede-perceptron-or-em-python,0,1,0,0,0,2a-propagado,2a,introducao-ao-aprendizado-de-maquina,introducao-ao-aprendizado-de-maquina,31.156000000000002,0.0,31.156000000000002,0.0,1.0,1,5,1,16,1,1,alias,markdown_headings_text,4.4,65,5,0.07692307692307693,63,1,16,1,1,alias,markdown_headings_text,4.4,65,5,0.07692307692307693,63,31.156000000000002,unidade-de-aprendizagem-05-aprendizado-de-maquina,39,38,0.9743589743589743,winner_score=31.16|propagado-headings
IA,cru,rede-perceptron-reconhecendo-letras,0,1,0,0,0,2a-propagado,2a,introducao-ao-aprendizado-de-maquina,introducao-ao-aprendizado-de-maquina,34.534,0.0,34.534,0.0,1.0,1,5,1,18,1,1,alias,markdown_headings_text,4.4,65,6,0.09230769230769231,63,1,18,1,1,alias,markdown_headings_text,4.4,65,6,0.09230769230769231,63,34.534,unidade-de-aprendizagem-05-aprendizado-de-maquina,39,38,0.9743589743589743,winner_score=34.53|propagado-headings
IA,cru,exercicio-2-solucao-com-rede-perceptron-atualizado,0,1,0,0,0,2a-propagado,2a,introducao-ao-aprendizado-de-maquina,introducao-ao-aprendizado-de-maquina,50.294,0.0,50.294,0.0,1.0,1,5,1,24,1,1,alias,markdown_headings_text,4.4,65,7,0.1076923076923077,63,1,24,1,1,alias,markdown_headings_text,4.4,65,7,0.1076923076923077,63,50.294,unidade-de-aprendizagem-05-aprendizado-de-maquina,39,38,0.9743589743589743,winner_score=50.29|propagado-headings
IA,cru,mlp,0,1,0,0,0,2a-propagado,2a,introducao-ao-aprendizado-de-maquina,introducao-ao-aprendizado-de-maquina,48.72800000000002,0.9072,47.82080000000002,0.01861763257264816,0.9774802417718984,4,5,1,31,1,1,alias,markdown_headings_text,4.4,65,27,0.4153846153846154,63,1,31,1,1,alias,markdown_headings_text,4.4,65,27,0.4153846153846154,63,48.72800000000002,unidade-de-aprendizagem-05-aprendizado-de-maquina,39,38,0.9743589743589743,winner_score=48.73|propagado-headings
IA,cru,mlp-xoripynb,0,1,0,0,0,2a-propagado,2a,introducao-ao-aprendizado-de-maquina,introducao-ao-aprendizado-de-maquina,21.874000000000002,0.0,21.874000000000002,0.0,1.0,1,5,1,11,1,1,alias,markdown_headings_text,4.4,65,4,0.06153846153846154,63,1,11,1,1,alias,markdown_headings_text,4.4,65,4,0.06153846153846154,63,21.874000000000002,unidade-de-aprendizagem-05-aprendizado-de-maquina,39,38,0.9743589743589743,winner_score=21.87|propagado-headings
IA,cru,mlp-classificacao-iris-atualizado,0,1,0,0,0,1a,1a,introducao-ao-aprendizado-de-maquina,introducao-ao-aprendizado-de-maquina,0.9072,0.107712,0.799488,0.11873015873015873,0.8938706015891033,2,5,0,0,0,0,,,0.0,12,2,0.16666666666666666,8,0,0,0,0,,,0.0,12,2,0.16666666666666666,8,0.9072,unidade-de-aprendizagem-05-aprendizado-de-maquina,39,38,0.9743589743589743,winner_score=0.91
IA,cru,mlp-regressao-cardio,0,1,0,0,0,1a,1a,introducao-ao-aprendizado-de-maquina,introducao-ao-aprendizado-de-maquina,0.107712,0.0,0.107712,0.0,1.0,1,5,0,0,0,0,,,0.0,12,1,0.08333333333333333,8,0,0,0,0,,,0.0,12,1,0.08333333333333333,8,0.107712,unidade-de-aprendizagem-05-aprendizado-de-maquina,39,38,0.9743589743589743,winner_score=0.11
IA,cru,rede-perceptron-e-equacao-de-reta,0,1,0,0,0,1a,1a,introducao-ao-aprendizado-de-maquina,introducao-ao-aprendizado-de-maquina,0.9072,0.0,0.9072,0.0,1.0,1,5,0,0,0,0,,,0.0,12,2,0.16666666666666666,8,0,0,0,0,,,0.0,12,2,0.16666666666666666,8,0.9072,unidade-de-aprendizagem-05-aprendizado-de-maquina,39,38,0.9743589743589743,winner_score=0.91
IA,cru,xor-backpropagation-em-python,0,1,0,0,0,2a-propagado,2a,introducao-ao-aprendizado-de-maquina,introducao-ao-aprendizado-de-maquina,22.414,0.107712,22.306288000000002,0.004805567948603551,0.9952174150881603,2,5,1,12,1,1,alias,markdown_headings_text,4.4,65,7,0.1076923076923077,63,1,12,1,1,alias,markdown_headings_text,4.4,65,7,0.1076923076923077,63,22.414,unidade-de-aprendizagem-05-aprendizado-de-maquina,39,38,0.9743589743589743,winner_score=22.41|propagado-headings
IA,cru,mlp-classificacao-inadimplencia-normalizacao-e-gridsearchcv,0,1,0,0,0,2a-propagado,2a,introducao-ao-aprendizado-de-maquina,introducao-ao-aprendizado-de-maquina,42.55000000000001,0.107712,42.44228800000001,0.0025314218566392472,0.9974749700593413,2,5,1,25,1,1,alias,markdown_headings_text,4.4,65,15,0.23076923076923078,63,1,25,1,1,alias,markdown_headings_text,4.4,65,15,0.23076923076923078,63,42.55000000000001,unidade-de-aprendizagem-05-aprendizado-de-maquina,39,38,0.9743589743589743,winner_score=42.55|propagado-headings
IA,cru,como-analisar-resultados-acc-pr-re-e-f1,0,1,0,0,0,1a,1a,introducao-ao-aprendizado-de-maquina,introducao-ao-aprendizado-de-maquina,8.786,0.9072,7.8788,0.10325517869337583,0.9064086163496059,2,5,1,3,11,11,alias,markdown_headings_text,4.4,12,6,0.5,8,1,3,11,11,alias,markdown_headings_text,4.4,12,6,0.5,8,8.786,unidade-de-aprendizagem-05-aprendizado-de-maquina,39,38,0.9743589743589743,winner_score=8.79
IA,cru,arvores-de-decisao,0,1,0,0,0,1a,1a,introducao-ao-aprendizado-de-maquina,introducao-ao-aprendizado-de-maquina,8.9664,0.107712,8.858688,0.012012847965738758,0.9541516835567181,5,5,1,4,4,4,alias,markdown_headings_text,4.4,12,6,0.5,8,1,4,4,4,alias,markdown_headings_text,4.4,12,6,0.5,8,8.9664,unidade-de-aprendizagem-05-aprendizado-de-maquina,39,38,0.9743589743589743,winner_score=8.97
IA,cru,exemplo-1-arvores-de-decisao-classificacao-planta-iris,0,1,0,0,0,1a,1a,introducao-ao-aprendizado-de-maquina,introducao-ao-aprendizado-de-maquina,1.1664,0.107712,1.058688,0.09234567901234567,0.8441017090454356,3,5,0,0,0,0,,,0.0,12,4,0.3333333333333333,8,0,0,0,0,,,0.0,12,4,0.3333333333333333,8,1.1664,unidade-de-aprendizagem-05-aprendizado-de-maquina,39,38,0.9743589743589743,winner_score=1.17
IA,cru,exemplo-2-arvores-de-decisao-regressao-diabetes,0,1,0,0,0,1a,1a,introducao-ao-aprendizado-de-maquina,introducao-ao-aprendizado-de-maquina,1.1664,0.107712,1.058688,0.09234567901234567,0.8441017090454356,3,5,0,0,0,0,,,0.0,12,4,0.3333333333333333,8,0,0,0,0,,,0.0,12,4,0.3333333333333333,8,1.1664,unidade-de-aprendizagem-05-aprendizado-de-maquina,39,38,0.9743589743589743,winner_score=1.17
IA,cru,exemplo-complementar-classificacao-com-arvores-de-decisao,0,1,1,0,0,1a,1a,metricas-de-avaliacao,metricas-de-avaliacao,5.16,0.9072,4.252800000000001,0.1758139534883721,0.8504746835443039,2,5,1,2,3,3,label,markdown_lead_text,2.8,4,2,0.5,2,1,2,3,3,label,markdown_lead_text,2.8,4,2,0.5,2,5.16,unidade-de-aprendizagem-05-aprendizado-de-maquina,39,1,0.02564102564102564,winner_score=5.16
IA,cru,aula-sobre-agrupamento-parte-1-particional,0,1,0,0,0,2a-propagado,2a,introducao-ao-aprendizado-de-maquina,introducao-ao-aprendizado-de-maquina,104.05960000000006,0.9072,103.15240000000006,0.00871808079216141,0.9903410258046214,3,5,1,55,4,1,alias,markdown_headings_text,4.4,65,32,0.49230769230769234,63,1,55,4,1,alias,markdown_headings_text,4.4,65,32,0.49230769230769234,63,104.05960000000006,unidade-de-aprendizagem-05-aprendizado-de-maquina,39,38,0.9743589743589743,winner_score=104.06|propagado-headings
IA,cru,agrupamento-usando-k-means-exemplo-1-ipynb,0,1,0,0,0,1a,1a,introducao-ao-aprendizado-de-maquina,introducao-ao-aprendizado-de-maquina,1.4256,0.107712,1.317888,0.07555555555555556,0.8687258687258687,3,5,0,0,0,0,,,0.0,12,6,0.5,8,0,0,0,0,,,0.0,12,6,0.5,8,1.4256,unidade-de-aprendizagem-05-aprendizado-de-maquina,39,38,0.9743589743589743,winner_score=1.43
IA,cru,agrupamento-usando-k-means-exemplo-2-ipynb,0,1,0,0,0,1a,1a,introducao-ao-aprendizado-de-maquina,introducao-ao-aprendizado-de-maquina,8.786,0.107712,8.678288,0.012259503755975416,0.9878889714440945,2,5,1,3,11,11,alias,markdown_headings_text,4.4,12,6,0.5,8,1,3,11,11,alias,markdown_headings_text,4.4,12,6,0.5,8,8.786,unidade-de-aprendizagem-05-aprendizado-de-maquina,39,38,0.9743589743589743,winner_score=8.79
IA,cru,artigo-usando-agrupamento,0,1,0,0,0,2a-propagado,2a,introducao-ao-aprendizado-de-maquina,introducao-ao-aprendizado-de-maquina,31.08600000000001,1.0368,30.04920000000001,0.03335263462651997,0.9640504633247738,3,5,1,18,1,1,alias,markdown_headings_text,4.4,65,16,0.24615384615384617,63,1,18,1,1,alias,markdown_headings_text,4.4,65,16,0.24615384615384617,63,31.08600000000001,unidade-de-aprendizagem-05-aprendizado-de-maquina,39,38,0.9743589743589743,winner_score=31.09|propagado-headings
IA,cru,survey-on-clustering,0,1,0,0,0,1a,1a,introducao-ao-aprendizado-de-maquina,introducao-ao-aprendizado-de-maquina,0.9072,0.0,0.9072,0.0,1.0,1,5,0,0,0,0,,,0.0,12,2,0.16666666666666666,8,0,0,0,0,,,0.0,12,2,0.16666666666666666,8,0.9072,unidade-de-aprendizagem-05-aprendizado-de-maquina,39,38,0.9743589743589743,winner_score=0.91
IA,cru,aula-sobre-agrupamento-parte-2-hierarquico,0,1,0,0,0,1a,1a,introducao-ao-aprendizado-de-maquina,introducao-ao-aprendizado-de-maquina,2.5208,0.107712,2.413088,0.04272929228816249,0.9590216822293375,2,5,1,2,5,4,alias,auto_tags_text,0.22,12,7,0.5833333333333334,8,1,2,5,4,alias,auto_tags_text,0.22,12,7,0.5833333333333334,8,2.5208,unidade-de-aprendizagem-05-aprendizado-de-maquina,39,38,0.9743589743589743,winner_score=2.52
IA,cru,agrupamento-hierarquico-exemplo-1,0,1,0,0,0,1a,1a,introducao-ao-aprendizado-de-maquina,introducao-ao-aprendizado-de-maquina,8.9664,0.107712,8.858688,0.012012847965738758,0.9765379950650329,3,5,1,4,5,5,alias,markdown_headings_text,4.4,12,6,0.5,8,1,4,5,5,alias,markdown_headings_text,4.4,12,6,0.5,8,8.9664,unidade-de-aprendizagem-05-aprendizado-de-maquina,39,38,0.9743589743589743,winner_score=8.97
IA,cru,agrupamento-hierarquico-exemplo-2-use-o-dataset-da-planta-iris,0,1,0,0,0,1a,1a,introducao-ao-aprendizado-de-maquina,introducao-ao-aprendizado-de-maquina,15.7724,0.107712,15.664688,0.006829144581674318,0.9865257460927767,3,5,1,7,7,5,alias,markdown_headings_text,4.4,12,6,0.5,8,1,7,7,5,alias,markdown_headings_text,4.4,12,6,0.5,8,15.7724,unidade-de-aprendizagem-05-aprendizado-de-maquina,39,38,0.9743589743589743,winner_score=15.77
IA,produto,caracteristicas-dos-dados,0,1,1,1,0,1a,1a,introducao-ao-aprendizado-de-maquina,introducao-ao-aprendizado-de-maquina,16.131999999999998,0.9072,15.224799999999998,0.056236052566327806,0.934937788270553,4,5,1,6,3,3,alias,markdown_headings_text,4.4,21,9,0.42857142857142855,17,1,6,3,3,alias,markdown_headings_text,4.4,21,9,0.42857142857142855,17,16.131999999999998,unidade-de-aprendizagem-05-aprendizado-de-maquina,39,6,0.15384615384615385,winner_score=16.13
IA,produto,introducao-a-ml,0,1,1,1,0,1a,1a,introducao-ao-aprendizado-de-maquina,introducao-ao-aprendizado-de-maquina,40.468,12.543999999999997,27.924000000000007,0.3099733122467134,0.5912595739985581,5,5,1,17,3,2,alias,markdown_headings_text,4.4,21,13,0.6190476190476191,17,1,17,3,2,alias,markdown_headings_text,4.4,21,13,0.6190476190476191,17,40.468,unidade-de-aprendizagem-05-aprendizado-de-maquina,39,6,0.15384615384615385,winner_score=40.47
IA,produto,analise-exploratoria-de-dados-exemplo-1,0,1,1,1,0,1a,1a,introducao-ao-aprendizado-de-maquina,introducao-ao-aprendizado-de-maquina,19.266,0.107712,19.158288,0.00559078168794768,0.9944403013733248,2,5,1,8,4,4,alias,markdown_headings_text,4.4,21,5,0.23809523809523808,17,1,8,4,4,alias,markdown_headings_text,4.4,21,5,0.23809523809523808,17,19.266,unidade-de-aprendizagem-05-aprendizado-de-maquina,39,6,0.15384615384615385,winner_score=19.27
IA,produto,analise-exploratoria-dos-dados-exemplo-2,0,1,1,1,0,1a,1a,introducao-ao-aprendizado-de-maquina,introducao-ao-aprendizado-de-maquina,23.12,1.1520000000000001,21.968,0.04982698961937717,0.9483294962631224,3,5,1,10,4,4,alias,markdown_headings_text,4.4,21,5,0.23809523809523808,17,1,10,4,4,alias,markdown_headings_text,4.4,21,5,0.23809523809523808,17,23.12,unidade-de-aprendizagem-05-aprendizado-de-maquina,39,6,0.15384615384615385,winner_score=23.12
IA,produto,algoritmo-de-classificacao-k-nn,0,1,1,1,0,2a-propagado,2a,modelos-preditivos,modelos-preditivos,45.882000000000005,20.362799999999993,25.519200000000012,0.4438080292925328,0.588401918752983,4,5,1,21,2,2,alias,markdown_headings_text,4.4,32,8,0.25,27,1,21,2,2,alias,markdown_headings_text,4.4,32,8,0.25,27,45.882000000000005,unidade-de-aprendizagem-05-aprendizado-de-maquina,39,24,0.6153846153846154,winner_score=45.88|propagado-headings
IA,produto,exemplo-com-k-nn,0,1,1,1,0,1a,1a,modelos-preditivos,modelos-preditivos,10.659999999999998,0.107712,10.552287999999999,0.010104315196998125,0.9899967606860214,2,5,1,5,2,2,alias,markdown_headings_text,4.4,19,0,0.0,14,1,5,2,2,alias,markdown_headings_text,4.4,19,0,0.0,14,10.659999999999998,unidade-de-aprendizagem-05-aprendizado-de-maquina,39,24,0.6153846153846154,winner_score=10.66
IA,produto,exemplo-2-k-nn-com-iriscsv-mais-completo,0,1,1,1,0,1a,1a,modelos-preditivos,modelos-preditivos,10.659999999999998,0.107712,10.552287999999999,0.010104315196998125,0.9899967606860214,2,5,1,5,2,2,alias,markdown_headings_text,4.4,19,0,0.0,14,1,5,2,2,alias,markdown_headings_text,4.4,19,0,0.0,14,10.659999999999998,unidade-de-aprendizagem-05-aprendizado-de-maquina,39,24,0.6153846153846154,winner_score=10.66
IA,produto,exemplo-de-programa-com-k-nn-em-java,0,0,0,0,0,1a,1a,introducao-ao-aprendizado-de-maquina,introducao-ao-aprendizado-de-maquina,12.099999999999998,10.659999999999998,1.4399999999999995,0.8809917355371901,0.5291303301353454,3,5,1,5,1,1,alias,markdown_headings_text,4.4,21,3,0.14285714285714285,17,1,5,1,1,alias,markdown_headings_text,4.4,21,3,0.14285714285714285,17,12.099999999999998,unidade-de-aprendizagem-05-aprendizado-de-maquina,39,6,0.15384615384615385,winner_score=12.10|ambiguous
IA,produto,artigo-usando-k-nn-em-texto,0,1,1,1,0,2a-propagado,2a,modelos-preditivos,modelos-preditivos,14.081999999999995,3.9640000000000004,10.117999999999995,0.2814941059508594,0.6344615051903113,4,5,1,9,2,2,alias,title_text,3.8,32,9,0.28125,27,1,9,2,2,alias,title_text,3.8,32,9,0.28125,27,14.081999999999995,unidade-de-aprendizagem-05-aprendizado-de-maquina,39,24,0.6153846153846154,winner_score=14.08|propagado-headings
IA,produto,k-nn-para-classificacao-exemplo-cardio,0,1,1,1,0,1a,1a,modelos-preditivos,modelos-preditivos,21.57,0.107712,21.462288,0.004993602225312935,0.9950312099358087,2,5,1,10,2,1,alias,markdown_headings_text,4.4,19,1,0.05263157894736842,14,1,10,2,1,alias,markdown_headings_text,4.4,19,1,0.05263157894736842,14,21.57,unidade-de-aprendizagem-05-aprendizado-de-maquina,39,24,0.6153846153846154,winner_score=21.57
IA,produto,k-nn-para-regressao-exemplo-imc,0,1,1,1,0,1a,1a,modelos-preditivos,modelos-preditivos,21.57,0.9072,20.6628,0.04205841446453407,0.9596391009556351,2,5,1,10,2,1,alias,markdown_headings_text,4.4,19,1,0.05263157894736842,14,1,10,2,1,alias,markdown_headings_text,4.4,19,1,0.05263157894736842,14,21.57,unidade-de-aprendizagem-05-aprendizado-de-maquina,39,24,0.6153846153846154,winner_score=21.57
IA,produto,introducao-a-redes-neurais,0,1,1,1,0,1a,1a,modelos-preditivos,modelos-preditivos,6.981999999999999,1.2959999999999998,5.686,0.18562016614150673,0.6754246797972372,4,5,1,4,3,3,alias,markdown_lead_text,2.8,19,6,0.3157894736842105,14,1,4,3,3,alias,markdown_lead_text,2.8,19,6,0.3157894736842105,14,6.981999999999999,unidade-de-aprendizagem-05-aprendizado-de-maquina,39,24,0.6153846153846154,winner_score=6.98
IA,produto,rede-perceptron,0,1,1,1,0,1a,1a,modelos-preditivos,modelos-preditivos,36.84400000000001,8.246,28.598000000000006,0.22380848984909343,0.7272307532945267,5,5,1,17,3,3,alias,markdown_headings_text,4.4,19,12,0.631578947368421,14,1,17,3,3,alias,markdown_headings_text,4.4,19,12,0.631578947368421,14,36.84400000000001,unidade-de-aprendizagem-05-aprendizado-de-maquina,39,24,0.6153846153846154,winner_score=36.84
IA,produto,rede-perceptron-classificacao-de-cliente,0,1,1,1,0,1a,1a,modelos-preditivos,modelos-preditivos,22.76,2.162,20.598000000000003,0.09499121265377855,0.9132493379343553,2,5,1,10,2,1,alias,markdown_headings_text,4.4,19,3,0.15789473684210525,14,1,10,2,1,alias,markdown_headings_text,4.4,19,3,0.15789473684210525,14,22.76,unidade-de-aprendizagem-05-aprendizado-de-maquina,39,24,0.6153846153846154,winner_score=22.76
IA,produto,rede-perceptron-classificacao-planta-iris,0,1,1,1,0,1a,1a,modelos-preditivos,modelos-preditivos,22.76,2.342,20.418000000000003,0.10289982425307556,0.9067006613018883,2,5,1,10,2,1,alias,markdown_headings_text,4.4,19,3,0.15789473684210525,14,1,10,2,1,alias,markdown_headings_text,4.4,19,3,0.15789473684210525,14,22.76,unidade-de-aprendizagem-05-aprendizado-de-maquina,39,24,0.6153846153846154,winner_score=22.76
IA,produto,rede-perceptron-exemplo-atualizado,0,1,1,1,0,1a,1a,modelos-preditivos,modelos-preditivos,11.919999999999998,2.702,9.217999999999998,0.22667785234899332,0.8092486804901549,3,5,1,5,2,2,alias,markdown_headings_text,4.4,19,2,0.10526315789473684,14,1,5,2,2,alias,markdown_headings_text,4.4,19,2,0.10526315789473684,14,11.919999999999998,unidade-de-aprendizagem-05-aprendizado-de-maquina,39,24,0.6153846153846154,winner_score=11.92
IA,produto,rede-perceptron-or-em-python,0,1,1,1,0,2a-propagado,2a,modelos-preditivos,modelos-preditivos,22.054000000000002,4.458,17.596000000000004,0.20214020132402286,0.8318497284248643,2,5,1,11,2,2,alias,markdown_headings_text,4.4,32,5,0.15625,27,1,11,2,2,alias,markdown_headings_text,4.4,32,5,0.15625,27,22.054000000000002,unidade-de-aprendizagem-05-aprendizado-de-maquina,39,24,0.6153846153846154,winner_score=22.05|propagado-headings
IA,produto,rede-perceptron-reconhecendo-letras,0,1,1,1,0,1a,1a,modelos-preditivos,modelos-preditivos,11.919999999999998,2.162,9.758,0.1813758389261745,0.8464706717795768,2,5,1,5,2,2,alias,markdown_headings_text,4.4,19,2,0.10526315789473684,14,1,5,2,2,alias,markdown_headings_text,4.4,19,2,0.10526315789473684,14,11.919999999999998,unidade-de-aprendizagem-05-aprendizado-de-maquina,39,24,0.6153846153846154,winner_score=11.92
IA,produto,exercicio-2-solucao-com-rede-perceptron-atualizado,0,1,1,1,0,1a,1a,modelos-preditivos,modelos-preditivos,11.919999999999998,2.162,9.758,0.1813758389261745,0.8464706717795768,2,5,1,5,2,2,alias,markdown_headings_text,4.4,19,2,0.10526315789473684,14,1,5,2,2,alias,markdown_headings_text,4.4,19,2,0.10526315789473684,14,11.919999999999998,unidade-de-aprendizagem-05-aprendizado-de-maquina,39,24,0.6153846153846154,winner_score=11.92
IA,produto,mlp,0,1,1,1,0,1a,1a,modelos-preditivos,modelos-preditivos,25.052000000000003,4.144,20.908,0.16541593485550055,0.7721327037589535,4,5,1,12,3,2,alias,markdown_headings_text,4.4,19,13,0.6842105263157895,14,1,12,3,2,alias,markdown_headings_text,4.4,19,13,0.6842105263157895,14,25.052000000000003,unidade-de-aprendizagem-05-aprendizado-de-maquina,39,24,0.6153846153846154,winner_score=25.05
IA,produto,mlp-xoripynb,0,0,0,0,1,vazio-empate-exato,1a,,introducao-ao-aprendizado-de-maquina,0.107712,0.107712,0.0,1.0,0.5,2,5,0,0,0,0,,,0.0,21,1,0.047619047619047616,17,0,0,0,0,,,0.0,0,0,0.0,0,0.0,unidade-de-aprendizagem-05-aprendizado-de-maquina,39,1,0.02564102564102564,empate-exato 2x score=0.11
IA,produto,mlp-classificacao-iris-atualizado,0,1,1,1,0,1a,1a,modelos-preditivos,modelos-preditivos,19.445999999999998,5.72,13.725999999999999,0.29414789673968944,0.7384818702435023,3,5,1,8,2,1,alias,markdown_headings_text,4.4,19,6,0.3157894736842105,14,1,8,2,1,alias,markdown_headings_text,4.4,19,6,0.3157894736842105,14,19.445999999999998,unidade-de-aprendizagem-05-aprendizado-de-maquina,39,24,0.6153846153846154,winner_score=19.45
IA,produto,mlp-regressao-cardio,0,1,1,1,0,1a,1a,modelos-preditivos,modelos-preditivos,11.919999999999998,1.0368,10.883199999999999,0.08697986577181209,0.9199802420350705,2,5,1,5,1,1,alias,markdown_headings_text,4.4,19,2,0.10526315789473684,14,1,5,1,1,alias,markdown_headings_text,4.4,19,2,0.10526315789473684,14,11.919999999999998,unidade-de-aprendizagem-05-aprendizado-de-maquina,39,24,0.6153846153846154,winner_score=11.92
IA,produto,rede-perceptron-e-equacao-de-reta,0,1,1,1,0,1a,1a,modelos-preditivos,modelos-preditivos,8.852,1.0368,7.815200000000001,0.11712607320379574,0.8951541137448427,2,5,1,4,2,2,alias,title_text,3.8,19,5,0.2631578947368421,14,1,4,2,2,alias,title_text,3.8,19,5,0.2631578947368421,14,8.852,unidade-de-aprendizagem-05-aprendizado-de-maquina,39,24,0.6153846153846154,winner_score=8.85
IA,produto,xor-backpropagation-em-python,0,1,1,1,0,1a,1a,modelos-preditivos,modelos-preditivos,12.099999999999998,2.342,9.757999999999997,0.1935537190082645,0.8316315814361136,3,5,1,5,1,1,alias,markdown_headings_text,4.4,19,3,0.15789473684210525,14,1,5,1,1,alias,markdown_headings_text,4.4,19,3,0.15789473684210525,14,12.099999999999998,unidade-de-aprendizagem-05-aprendizado-de-maquina,39,24,0.6153846153846154,winner_score=12.10
IA,produto,mlp-classificacao-inadimplencia-normalizacao-e-gridsearchcv,0,1,1,1,0,1a,1a,modelos-preditivos,modelos-preditivos,19.266,4.458,14.807999999999998,0.23139208969168487,0.778084714548803,3,5,1,8,2,1,alias,markdown_headings_text,4.4,19,5,0.2631578947368421,14,1,8,2,1,alias,markdown_headings_text,4.4,19,5,0.2631578947368421,14,19.266,unidade-de-aprendizagem-05-aprendizado-de-maquina,39,24,0.6153846153846154,winner_score=19.27
IA,produto,como-analisar-resultados-acc-pr-re-e-f1,0,1,1,1,0,1a,1a,metricas-de-avaliacao,metricas-de-avaliacao,20.380000000000003,8.966000000000001,11.414000000000001,0.43994111874386654,0.4987763093489966,4,5,1,8,3,1,alias,markdown_headings_text,4.4,10,8,0.8,6,1,8,3,1,alias,markdown_headings_text,4.4,10,8,0.8,6,20.380000000000003,unidade-de-aprendizagem-05-aprendizado-de-maquina,39,1,0.02564102564102564,winner_score=20.38
IA,produto,arvores-de-decisao,0,1,1,1,0,2a-propagado,2a,modelos-preditivos,modelos-preditivos,42.748000000000005,20.641199999999994,22.10680000000001,0.482857677552166,0.5627165408228815,5,5,1,19,3,1,alias,markdown_headings_text,4.4,32,12,0.375,27,1,19,3,1,alias,markdown_headings_text,4.4,32,12,0.375,27,42.748000000000005,unidade-de-aprendizagem-05-aprendizado-de-maquina,39,24,0.6153846153846154,winner_score=42.75|propagado-headings
IA,produto,exemplo-1-arvores-de-decisao-classificacao-planta-iris,0,1,1,1,0,1a,1a,modelos-preditivos,modelos-preditivos,29.746,16.1328,13.613199999999999,0.5423519128622336,0.5061977142312588,4,5,1,13,3,1,alias,markdown_headings_text,4.4,32,4,0.125,27,1,13,3,1,alias,markdown_headings_text,4.4,32,4,0.125,27,29.746,unidade-de-aprendizagem-05-aprendizado-de-maquina,39,24,0.6153846153846154,winner_score=29.75
IA,produto,exemplo-2-arvores-de-decisao-regressao-diabetes,0,1,1,1,0,1a,1a,modelos-preditivos,modelos-preditivos,36.732,16.1328,20.5992,0.439202874877491,0.5982477458379338,4,5,1,16,3,1,alias,markdown_headings_text,4.4,32,5,0.15625,27,1,16,3,1,alias,markdown_headings_text,4.4,32,5,0.15625,27,36.732,unidade-de-aprendizagem-05-aprendizado-de-maquina,39,24,0.6153846153846154,winner_score=36.73
IA,produto,exemplo-complementar-classificacao-com-arvores-de-decisao,0,1,1,1,0,1a,1a,modelos-preditivos,modelos-preditivos,29.746,12.275999999999998,17.47,0.4126941437504202,0.6929083234721355,3,5,1,13,3,1,alias,markdown_headings_text,4.4,32,4,0.125,27,1,13,3,1,alias,markdown_headings_text,4.4,32,4,0.125,27,29.746,unidade-de-aprendizagem-05-aprendizado-de-maquina,39,24,0.6153846153846154,winner_score=29.75
IA,produto,aula-sobre-agrupamento-parte-1-particional,0,1,1,1,0,1a,1a,modelos-descritivos,modelos-descritivos,24.448000000000004,21.26319999999999,3.1848000000000134,0.8697316753926696,0.3854862411937965,5,5,1,12,2,1,alias,markdown_headings_text,4.4,11,6,0.5454545454545454,8,1,12,2,1,alias,markdown_headings_text,4.4,11,6,0.5454545454545454,8,24.448000000000004,unidade-de-aprendizagem-05-aprendizado-de-maquina,39,7,0.1794871794871795,winner_score=24.45
IA,produto,agrupamento-usando-k-means-exemplo-1-ipynb,0,1,1,1,0,1a,1a,modelos-descritivos,modelos-descritivos,22.76,5.3580000000000005,17.402,0.23541300527240774,0.6963713301598057,4,5,1,10,2,1,alias,markdown_headings_text,4.4,11,3,0.2727272727272727,8,1,10,2,1,alias,markdown_headings_text,4.4,11,3,0.2727272727272727,8,22.76,unidade-de-aprendizagem-05-aprendizado-de-maquina,39,7,0.1794871794871795,winner_score=22.76
IA,produto,agrupamento-usando-k-means-exemplo-2-ipynb,0,1,1,1,0,1a,1a,modelos-descritivos,modelos-descritivos,22.580000000000002,16.3128,6.2672000000000025,0.7224446412754649,0.47718070313358524,3,5,1,10,2,1,alias,markdown_headings_text,4.4,11,2,0.18181818181818182,8,1,10,2,1,alias,markdown_headings_text,4.4,11,2,0.18181818181818182,8,22.580000000000002,unidade-de-aprendizagem-05-aprendizado-de-maquina,39,7,0.1794871794871795,winner_score=22.58
IA,produto,artigo-usando-agrupamento,0,1,1,1,0,1a,1a,modelos-descritivos,modelos-descritivos,11.509999999999996,8.606,2.9039999999999964,0.7476976542137275,0.48210635659953754,5,5,1,6,1,1,alias,title_text,3.8,11,2,0.18181818181818182,8,1,6,1,1,alias,title_text,3.8,11,2,0.18181818181818182,8,11.509999999999996,unidade-de-aprendizagem-05-aprendizado-de-maquina,39,7,0.1794871794871795,winner_score=11.51
IA,produto,survey-on-clustering,0,1,1,1,0,1a,1a,modelos-descritivos,modelos-descritivos,12.821999999999997,2.162,10.659999999999997,0.16861644049290286,0.7516883969608854,4,5,1,6,2,1,alias,markdown_headings_text,4.4,11,2,0.18181818181818182,8,1,6,2,1,alias,markdown_headings_text,4.4,11,2,0.18181818181818182,8,12.821999999999997,unidade-de-aprendizagem-05-aprendizado-de-maquina,39,7,0.1794871794871795,winner_score=12.82
IA,produto,aula-sobre-agrupamento-parte-2-hierarquico,0,0,0,0,0,1a,1a,introducao-ao-aprendizado-de-maquina,introducao-ao-aprendizado-de-maquina,21.08359999999999,20.348799999999997,0.7347999999999928,0.9651482668993914,0.3636174740585639,5,5,1,14,5,3,alias,markdown_headings_text,4.4,21,12,0.5714285714285714,17,1,14,5,3,alias,markdown_headings_text,4.4,21,12,0.5714285714285714,17,21.08359999999999,unidade-de-aprendizagem-05-aprendizado-de-maquina,39,6,0.15384615384615385,winner_score=21.08|ambiguous
IA,produto,agrupamento-hierarquico-exemplo-1,0,1,1,1,0,1a,1a,modelos-descritivos,modelos-descritivos,26.3188,16.313200000000002,10.005599999999998,0.6198306913689074,0.5064619174075357,4,5,1,14,2,1,alias,markdown_headings_text,4.4,11,3,0.2727272727272727,8,1,14,2,1,alias,markdown_headings_text,4.4,11,3,0.2727272727272727,8,26.3188,unidade-de-aprendizagem-05-aprendizado-de-maquina,39,7,0.1794871794871795,winner_score=26.32
IA,produto,agrupamento-hierarquico-exemplo-2-use-o-dataset-da-planta-iris,0,1,1,1,0,1a,1a,modelos-descritivos,modelos-descritivos,26.3188,23.1192,3.1996,0.878429107710078,0.4478118832096916,4,5,1,14,2,1,alias,markdown_headings_text,4.4,11,3,0.2727272727272727,8,1,14,2,1,alias,markdown_headings_text,4.4,11,3,0.2727272727272727,8,26.3188,unidade-de-aprendizagem-05-aprendizado-de-maquina,39,7,0.1794871794871795,winner_score=26.32
ES2,cru,revisaoarquiteturapadroes,0,1,0,0,1,vazio-revisao-sem-assunto-dominante,1a,,camadas,4.84,3.864,0.976,0.7983471074380165,0.19771756154179698,10,10,1,2,1,1,label,markdown_lead_text,2.8,1,1,1.0,1,0,0,0,0,,,0.0,0,0,0.0,0,0.0,unidade-01-arquitetura-de-software,15,3,0.2,revisao-sem-assunto-dominante (winner_score=4.84 < 7.0)
ES2,cru,servicos,0,1,1,1,0,1a,1a,orientada-a-servicos,orientada-a-servicos,10.4,2.98,7.42,0.2865384615384615,0.6512794776105346,9,10,1,4,3,3,label,markdown_headings_text,4.4,2,2,1.0,1,1,4,3,3,label,markdown_headings_text,4.4,2,2,1.0,1,10.4,unidade-01-arquitetura-de-software,15,1,0.06666666666666667,winner_score=10.40
ES2,cru,web,0,0,1,1,0,1a,1a,cliente-servidor,cliente-servidor,10.18,9.0864,1.0936000000000003,0.8925736738703339,0.32597975604489693,10,10,1,3,2,2,label,markdown_headings_text,4.4,2,2,1.0,1,1,3,2,2,label,markdown_headings_text,4.4,2,2,1.0,1,10.18,unidade-01-arquitetura-de-software,15,2,0.13333333333333333,winner_score=10.18|ambiguous
ES2,cru,microsservicos,0,1,0,0,0,2a-rotulo,2a,estilos-e-padroes-arquiteturais,estilos-e-padroes-arquiteturais,2.962,2.162,0.8000000000000003,0.7299122214719783,0.3343147966997635,10,10,1,1,1,1,alias,markdown_text,1.1,3,3,1.0,3,1,1,1,1,alias,markdown_text,1.1,3,3,1.0,3,2.962,unidade-01-arquitetura-de-software,15,4,0.26666666666666666,winner_score=2.96|rotulo-decomposto
ES2,cru,roteiro1-introducao,0,1,1,0,0,1a,1a,orientada-a-microsservicos,orientada-a-microsservicos,8.286399999999999,1.3536,6.9327999999999985,0.16335199845530027,0.7884065899404008,8,10,1,4,6,6,alias,markdown_headings_text,4.4,3,2,0.6666666666666666,2,1,4,6,6,alias,markdown_headings_text,4.4,3,2,0.6666666666666666,2,8.286399999999999,unidade-01-arquitetura-de-software,15,1,0.06666666666666667,winner_score=8.29
ES2,cru,roteiro1,0,0,0,0,1,vazio-empate-exato,1a,,camadas,0.01723392,0.01723392,0.0,1.0,0.2,5,10,0,0,0,0,,,0.0,1,0,0.0,1,0,0,0,0,,,0.0,0,0,0.0,0,0.0,unidade-01-arquitetura-de-software,15,3,0.2,empate-exato 5x score=0.02
ES2,cru,devops,0,1,0,0,0,1a,1a,integracao-continua-ci,integracao-continua-ci,10.14,1.3247999999999998,8.8152,0.13065088757396445,0.6534736649339691,7,7,1,3,3,3,label,markdown_headings_text,4.4,2,2,1.0,1,1,3,3,3,label,markdown_headings_text,4.4,2,2,1.0,1,10.14,unidade-02-integracao-de-desenvolvimento-e-operacao-devops,20,1,0.05,winner_score=10.14
ES2,cru,kubernetes,0,0,0,0,1,vazio-empate-exato,1a,,gerenciamento-da-configuracao,0.107712,0.107712,0.0,1.0,0.25,4,7,0,0,0,0,,,0.0,4,1,0.25,3,0,0,0,0,,,0.0,0,0,0.0,0,0.0,unidade-02-integracao-de-desenvolvimento-e-operacao-devops,20,3,0.15,empate-exato 4x score=0.11
ES2,cru,microsservicos5,0,1,1,0,0,2a-propagado,2a,estudo-de-caso-integracao-e-implantacao-de-microsservicos,estudo-de-caso-integracao-e-implantacao-de-microsservicos,40.698800000000006,2.162,38.53680000000001,0.05312195936980942,0.9017041692130775,6,7,1,21,1,1,alias,markdown_headings_text,4.4,36,10,0.2777777777777778,38,1,21,1,1,alias,markdown_headings_text,4.4,36,10,0.2777777777777778,38,40.698800000000006,unidade-02-integracao-de-desenvolvimento-e-operacao-devops,20,13,0.65,winner_score=40.70|propagado-headings
ES2,cru,microsservicos2,0,1,1,1,0,1a,1a,estudo-de-caso-arquitetura-orientada-a-microsservicos,estudo-de-caso-arquitetura-orientada-a-microsservicos,2.162,1.512,0.6499999999999999,0.6993524514338576,0.32281179115786435,10,10,1,1,1,1,alias,markdown_text,1.1,3,2,0.6666666666666666,4,1,1,1,1,alias,markdown_text,1.1,3,2,0.6666666666666666,4,2.162,unidade-01-arquitetura-de-software,15,4,0.26666666666666666,winner_score=2.16
ES2,cru,microsservicos3,0,1,1,1,0,1a,1a,estudo-de-caso-arquitetura-orientada-a-microsservicos,estudo-de-caso-arquitetura-orientada-a-microsservicos,7.056,0.9072,6.1488,0.12857142857142856,0.8320541208753888,8,10,1,3,1,1,alias,markdown_headings_text,4.4,3,1,0.3333333333333333,2,1,3,1,1,alias,markdown_headings_text,4.4,3,1,0.3333333333333333,2,7.056,unidade-01-arquitetura-de-software,15,4,0.26666666666666666,winner_score=7.06
ES2,cru,microsservicos4,0,0,1,1,0,1a,1a,estudo-de-caso-integracao-e-implantacao-de-microsservicos,estudo-de-caso-integracao-e-implantacao-de-microsservicos,1.1520000000000001,0.0,1.1520000000000001,0.0,1.0,1,7,1,1,1,1,alias,markdown_text,1.1,22,1,0.045454545454545456,22,1,1,1,1,alias,markdown_text,1.1,22,1,0.045454545454545456,22,1.1520000000000001,unidade-02-integracao-de-desenvolvimento-e-operacao-devops,20,13,0.65,winner_score=1.15
ES2,cru,roteiro2-nameserver,0,1,0,0,0,1a,1a,cliente-servidor,cliente-servidor,1.3536,0.9072,0.4463999999999999,0.6702127659574468,0.42993991818334837,8,10,0,0,0,0,,,0.0,2,2,1.0,1,0,0,0,0,,,0.0,2,2,1.0,1,1.3536,unidade-01-arquitetura-de-software,15,2,0.13333333333333333,winner_score=1.35
ES2,cru,roteiro3-gateway,0,1,1,1,0,1a,1a,estudo-de-caso-arquitetura-orientada-a-microsservicos,estudo-de-caso-arquitetura-orientada-a-microsservicos,11.919999999999998,1.3536,10.566399999999998,0.11355704697986578,0.7967576306494286,8,10,1,5,1,1,alias,markdown_headings_text,4.4,3,2,0.6666666666666666,2,1,5,1,1,alias,markdown_headings_text,4.4,3,2,0.6666666666666666,2,11.919999999999998,unidade-01-arquitetura-de-software,15,4,0.26666666666666666,winner_score=11.92
ES2,cru,roteiro4-circuitbreaker,0,1,1,1,0,1a,1a,estudo-de-caso-integracao-e-implantacao-de-microsservicos,estudo-de-caso-integracao-e-implantacao-de-microsservicos,21.972,0.107712,21.864288000000002,0.004902239213544511,0.9855064351255809,4,7,1,11,1,1,alias,markdown_headings_text,4.4,22,5,0.22727272727272727,22,1,11,1,1,alias,markdown_headings_text,4.4,22,5,0.22727272727272727,22,21.972,unidade-02-integracao-de-desenvolvimento-e-operacao-devops,20,13,0.65,winner_score=21.97
ES2,cru,roteiro5-conteiners,0,1,1,1,0,1a,1a,estudo-de-caso-integracao-e-implantacao-de-microsservicos,estudo-de-caso-integracao-e-implantacao-de-microsservicos,25.842000000000002,0.107712,25.734288000000003,0.004168098444392848,0.9958492024882588,2,7,1,12,1,1,alias,markdown_headings_text,4.4,22,6,0.2727272727272727,22,1,12,1,1,alias,markdown_headings_text,4.4,22,6,0.2727272727272727,22,25.842000000000002,unidade-02-integracao-de-desenvolvimento-e-operacao-devops,20,13,0.65,winner_score=25.84
ES2,cru,roteiro6-conteiners-composicao,0,1,1,1,0,1a,1a,estudo-de-caso-integracao-e-implantacao-de-microsservicos,estudo-de-caso-integracao-e-implantacao-de-microsservicos,29.270000000000003,0.107712,29.162288000000004,0.003679945336522036,0.9963335470100599,2,7,1,13,1,1,alias,markdown_headings_text,4.4,22,5,0.22727272727272727,22,1,13,1,1,alias,markdown_headings_text,4.4,22,5,0.22727272727272727,22,29.270000000000003,unidade-02-integracao-de-desenvolvimento-e-operacao-devops,20,13,0.65,winner_score=29.27
ES2,cru,roteiro2,0,0,0,0,1,vazio-empate-exato,1a,,camadas,0.01723392,0.01723392,0.0,1.0,0.2,5,10,0,0,0,0,,,0.0,1,0,0.0,1,0,0,0,0,,,0.0,0,0,0.0,0,0.0,unidade-01-arquitetura-de-software,15,3,0.2,empate-exato 5x score=0.02
ES2,cru,roteiro3,0,1,1,1,0,1a,1a,estudo-de-caso-arquitetura-orientada-a-microsservicos,estudo-de-caso-arquitetura-orientada-a-microsservicos,7.056,0.01723392,7.03876608,0.0024424489795918367,0.9879350946804737,6,10,1,3,1,1,alias,markdown_headings_text,4.4,3,1,0.3333333333333333,2,1,3,1,1,alias,markdown_headings_text,4.4,3,1,0.3333333333333333,2,7.056,unidade-01-arquitetura-de-software,15,4,0.26666666666666666,winner_score=7.06
ES2,cru,roteiro4,0,0,1,1,0,2a-propagado,2a,estudo-de-caso-integracao-e-implantacao-de-microsservicos,estudo-de-caso-integracao-e-implantacao-de-microsservicos,35.6,0.0,35.6,0.0,1.0,1,7,1,16,1,1,alias,markdown_headings_text,4.4,36,6,0.16666666666666666,38,1,16,1,1,alias,markdown_headings_text,4.4,36,6,0.16666666666666666,38,35.6,unidade-02-integracao-de-desenvolvimento-e-operacao-devops,20,13,0.65,winner_score=35.60|propagado-headings
ES2,cru,roteiro5,0,0,1,1,0,2a-propagado,2a,estudo-de-caso-integracao-e-implantacao-de-microsservicos,estudo-de-caso-integracao-e-implantacao-de-microsservicos,35.6,0.0,35.6,0.0,1.0,1,7,1,16,1,1,alias,markdown_headings_text,4.4,36,6,0.16666666666666666,38,1,16,1,1,alias,markdown_headings_text,4.4,36,6,0.16666666666666666,38,35.6,unidade-02-integracao-de-desenvolvimento-e-operacao-devops,20,13,0.65,winner_score=35.60|propagado-headings
ES2,cru,roteiro6,0,0,1,1,0,2a-propagado,2a,estudo-de-caso-integracao-e-implantacao-de-microsservicos,estudo-de-caso-integracao-e-implantacao-de-microsservicos,35.6,0.0,35.6,0.0,1.0,1,7,1,16,1,1,alias,markdown_headings_text,4.4,36,6,0.16666666666666666,38,1,16,1,1,alias,markdown_headings_text,4.4,36,6,0.16666666666666666,38,35.6,unidade-02-integracao-de-desenvolvimento-e-operacao-devops,20,13,0.65,winner_score=35.60|propagado-headings
ES2,cru,microsservicos6,0,1,0,0,0,1a,1a,gerenciamento-da-configuracao,gerenciamento-da-configuracao,1.3247999999999998,0.0,1.3247999999999998,0.0,1.0,1,7,0,0,0,0,,,0.0,2,2,1.0,1,0,0,0,0,,,0.0,2,2,1.0,1,1.3247999999999998,unidade-02-integracao-de-desenvolvimento-e-operacao-devops,20,2,0.1,winner_score=1.32
ES2,cru,microsservicos7,0,0,1,1,0,1a,1a,estudo-de-caso-integracao-e-implantacao-de-microsservicos,estudo-de-caso-integracao-e-implantacao-de-microsservicos,1.1520000000000001,0.107712,1.044288,0.09349999999999999,0.9144947416552355,2,7,1,1,1,1,alias,markdown_text,1.1,22,1,0.045454545454545456,22,1,1,1,1,alias,markdown_text,1.1,22,1,0.045454545454545456,22,1.1520000000000001,unidade-02-integracao-de-desenvolvimento-e-operacao-devops,20,13,0.65,winner_score=1.15
ES2,cru,roteiro7-filas,0,1,1,1,0,1a,1a,estudo-de-caso-integracao-e-implantacao-de-microsservicos,estudo-de-caso-integracao-e-implantacao-de-microsservicos,27.400000000000006,1.3247999999999998,26.075200000000006,0.04835036496350363,0.9503160876166461,3,7,1,13,1,1,alias,markdown_headings_text,4.4,22,6,0.2727272727272727,22,1,13,1,1,alias,markdown_headings_text,4.4,22,6,0.2727272727272727,22,27.400000000000006,unidade-02-integracao-de-desenvolvimento-e-operacao-devops,20,13,0.65,winner_score=27.40
ES2,cru,roteiro8-autenticacao-autorizacao,0,1,0,0,0,1a,1a,gerenciamento-da-configuracao,gerenciamento-da-configuracao,0.107712,0.0,0.107712,0.0,1.0,1,7,0,0,0,0,,,0.0,2,1,0.5,1,0,0,0,0,,,0.0,2,1,0.5,1,0.107712,unidade-02-integracao-de-desenvolvimento-e-operacao-devops,20,2,0.1,winner_score=0.11
ES2,cru,roteiro7,0,1,1,1,0,1a,1a,estudo-de-caso-integracao-e-implantacao-de-microsservicos,estudo-de-caso-integracao-e-implantacao-de-microsservicos,7.656,0.0,7.656,0.0,1.0,1,7,1,4,1,1,alias,markdown_lead_text,2.8,22,2,0.09090909090909091,22,1,4,1,1,alias,markdown_lead_text,2.8,22,2,0.09090909090909091,22,7.656,unidade-02-integracao-de-desenvolvimento-e-operacao-devops,20,13,0.65,winner_score=7.66
ES2,cru,roteiro7-history-service,0,1,1,1,0,1a,1a,estudo-de-caso-integracao-e-implantacao-de-microsservicos,estudo-de-caso-integracao-e-implantacao-de-microsservicos,15.117999999999997,0.0,15.117999999999997,0.0,1.0,1,7,1,7,1,1,alias,markdown_headings_text,4.4,22,2,0.09090909090909091,22,1,7,1,1,alias,markdown_headings_text,4.4,22,2,0.09090909090909091,22,15.117999999999997,unidade-02-integracao-de-desenvolvimento-e-operacao-devops,20,13,0.65,winner_score=15.12
ES2,produto,revisaoarquiteturapadroes,0,1,1,1,0,1a,1a,conceito-de-arquitetura-de-software,conceito-de-arquitetura-de-software,32.5188,13.115999999999996,19.402800000000003,0.40333591645448164,0.4442386190390322,10,10,1,15,3,2,alias,markdown_headings_text,4.4,6,6,1.0,6,1,15,3,2,alias,markdown_headings_text,4.4,6,6,1.0,6,32.5188,unidade-01-arquitetura-de-software,15,1,0.06666666666666667,winner_score=32.52
ES2,produto,servicos,0,1,1,1,0,1a,1a,orientada-a-servicos,orientada-a-servicos,24.6324,9.434,15.198400000000001,0.3829915071207028,0.5915809457573004,9,10,1,11,4,3,label,markdown_headings_text,4.4,4,4,1.0,3,1,11,4,3,label,markdown_headings_text,4.4,4,4,1.0,3,24.6324,unidade-01-arquitetura-de-software,15,1,0.06666666666666667,winner_score=24.63
ES2,produto,web,0,1,1,1,0,1a,1a,cliente-servidor,cliente-servidor,44.136,25.860000000000007,18.275999999999996,0.5859162588363243,0.40971024418195856,10,10,1,18,3,2,label,markdown_headings_text,4.4,8,8,1.0,7,1,18,3,2,label,markdown_headings_text,4.4,8,8,1.0,7,44.136,unidade-01-arquitetura-de-software,15,1,0.06666666666666667,winner_score=44.14
ES2,produto,microsservicos,0,1,1,1,0,1a,1a,orientada-a-microsservicos,orientada-a-microsservicos,29.520000000000007,7.202,22.318000000000005,0.24397018970189696,0.5108799259610107,10,10,1,14,3,2,alias,markdown_headings_text,4.4,16,13,0.8125,11,1,14,3,2,alias,markdown_headings_text,4.4,16,13,0.8125,11,29.520000000000007,unidade-01-arquitetura-de-software,15,2,0.13333333333333333,winner_score=29.52
ES2,produto,roteiro1-introducao,0,1,1,1,0,1a,1a,estudo-de-caso-arquitetura-orientada-a-microsservicos,estudo-de-caso-arquitetura-orientada-a-microsservicos,13.113999999999997,9.908399999999999,3.2055999999999987,0.7555589446393168,0.387421614982311,9,10,1,7,3,3,alias,markdown_headings_text,4.4,16,10,0.625,12,1,7,3,3,alias,markdown_headings_text,4.4,16,10,0.625,12,13.113999999999997,unidade-01-arquitetura-de-software,15,6,0.4,winner_score=13.11
ES2,produto,roteiro1,0,1,1,1,0,1a,1a,estudo-de-caso-arquitetura-orientada-a-microsservicos,estudo-de-caso-arquitetura-orientada-a-microsservicos,11.033999999999999,3.488,7.545999999999999,0.31611382998006166,0.7506813034925399,6,10,1,6,1,1,alias,markdown_lead_text,2.8,16,3,0.1875,12,1,6,1,1,alias,markdown_lead_text,2.8,16,3,0.1875,12,11.033999999999999,unidade-01-arquitetura-de-software,15,6,0.4,winner_score=11.03
ES2,produto,devops,0,1,1,0,0,1a,1a,gerenciamento-da-configuracao,gerenciamento-da-configuracao,28.308000000000003,23.972,4.336000000000002,0.8468277518722622,0.36433745360193165,7,7,1,11,5,3,alias,markdown_headings_text,4.4,9,9,1.0,5,1,11,5,3,alias,markdown_headings_text,4.4,9,9,1.0,5,28.308000000000003,unidade-02-integracao-de-desenvolvimento-e-operacao-devops,20,1,0.05,winner_score=28.31
ES2,produto,kubernetes,0,1,1,1,0,1a,1a,plataformas-de-devops,plataformas-de-devops,15.297999999999996,9.097999999999999,6.1999999999999975,0.5947182638253368,0.5964545537344028,5,7,1,7,1,1,alias,markdown_headings_text,4.4,8,3,0.375,5,1,7,1,1,alias,markdown_headings_text,4.4,8,3,0.375,5,15.297999999999996,unidade-02-integracao-de-desenvolvimento-e-operacao-devops,20,1,0.05,winner_score=15.30
ES2,produto,microsservicos5,0,1,1,0,0,2a-propagado,2a,estudo-de-caso-integracao-e-implantacao-de-microsservicos,estudo-de-caso-integracao-e-implantacao-de-microsservicos,52.06080000000001,16.493999999999996,35.566800000000015,0.3168218698137561,0.7080047313463883,6,7,1,26,3,1,alias,markdown_headings_text,4.4,60,18,0.3,54,1,26,3,1,alias,markdown_headings_text,4.4,60,18,0.3,54,52.06080000000001,unidade-02-integracao-de-desenvolvimento-e-operacao-devops,20,18,0.9,winner_score=52.06|propagado-headings
ES2,produto,microsservicos2,0,1,0,0,0,1a,1a,orientada-a-microsservicos,orientada-a-microsservicos,30.686000000000003,15.051999999999998,15.634000000000006,0.49051684807404017,0.3915316178345513,10,10,1,13,3,3,alias,markdown_headings_text,4.4,16,9,0.5625,11,1,13,3,3,alias,markdown_headings_text,4.4,16,9,0.5625,11,30.686000000000003,unidade-01-arquitetura-de-software,15,2,0.13333333333333333,winner_score=30.69
ES2,produto,microsservicos3,0,1,0,0,0,1a,1a,estilos-e-padroes-arquiteturais,estilos-e-padroes-arquiteturais,15.051999999999998,12.251999999999997,2.8000000000000007,0.8139782088758968,0.2576967210337764,9,10,1,6,3,1,alias,markdown_headings_text,4.4,6,3,0.5,6,1,6,3,1,alias,markdown_headings_text,4.4,6,3,0.5,6,15.051999999999998,unidade-01-arquitetura-de-software,15,4,0.26666666666666666,winner_score=15.05
ES2,produto,microsservicos4,0,0,1,1,0,1a,1a,estudo-de-caso-integracao-e-implantacao-de-microsservicos,estudo-de-caso-integracao-e-implantacao-de-microsservicos,9.508,2.162,7.345999999999999,0.22738746318889358,0.8072875274926065,3,7,1,4,2,2,alias,markdown_headings_text,4.4,41,5,0.12195121951219512,33,1,4,2,2,alias,markdown_headings_text,4.4,41,5,0.12195121951219512,33,9.508,unidade-02-integracao-de-desenvolvimento-e-operacao-devops,20,18,0.9,winner_score=9.51
ES2,produto,roteiro2-nameserver,0,1,1,1,0,1a,1a,estudo-de-caso-arquitetura-orientada-a-microsservicos,estudo-de-caso-arquitetura-orientada-a-microsservicos,20.412,9.318,11.094,0.4564961787184009,0.49514226144517404,9,10,1,9,3,3,alias,markdown_headings_text,4.4,16,10,0.625,12,1,9,3,3,alias,markdown_headings_text,4.4,16,10,0.625,12,20.412,unidade-01-arquitetura-de-software,15,6,0.4,winner_score=20.41
ES2,produto,roteiro3-gateway,0,1,1,1,0,1a,1a,estudo-de-caso-arquitetura-orientada-a-microsservicos,estudo-de-caso-arquitetura-orientada-a-microsservicos,17.639999999999997,9.318,8.321999999999997,0.5282312925170068,0.49811366501128146,9,10,1,8,3,1,alias,markdown_headings_text,4.4,16,11,0.6875,12,1,8,3,1,alias,markdown_headings_text,4.4,16,11,0.6875,12,17.639999999999997,unidade-01-arquitetura-de-software,15,6,0.4,winner_score=17.64
ES2,produto,roteiro4-circuitbreaker,0,1,1,1,0,1a,1a,estudo-de-caso-integracao-e-implantacao-de-microsservicos,estudo-de-caso-integracao-e-implantacao-de-microsservicos,29.498000000000005,1.0368,28.461200000000005,0.03514814563699233,0.9592775649374132,4,7,1,14,2,2,alias,markdown_headings_text,4.4,41,9,0.21951219512195122,33,1,14,2,2,alias,markdown_headings_text,4.4,41,9,0.21951219512195122,33,29.498000000000005,unidade-02-integracao-de-desenvolvimento-e-operacao-devops,20,18,0.9,winner_score=29.50
ES2,produto,roteiro5-conteiners,0,1,1,1,0,1a,1a,estudo-de-caso-integracao-e-implantacao-de-microsservicos,estudo-de-caso-integracao-e-implantacao-de-microsservicos,33.908,4.638,29.270000000000003,0.13678188038221067,0.8510616936900759,3,7,1,15,3,1,alias,markdown_headings_text,4.4,41,13,0.3170731707317073,33,1,15,3,1,alias,markdown_headings_text,4.4,41,13,0.3170731707317073,33,33.908,unidade-02-integracao-de-desenvolvimento-e-operacao-devops,20,18,0.9,winner_score=33.91
ES2,produto,roteiro6-conteiners-composicao,0,1,1,1,0,1a,1a,estudo-de-caso-integracao-e-implantacao-de-microsservicos,estudo-de-caso-integracao-e-implantacao-de-microsservicos,46.486000000000004,3.448,43.038000000000004,0.07417286925095727,0.912012367865523,3,7,1,21,3,3,alias,markdown_headings_text,4.4,41,15,0.36585365853658536,33,1,21,3,3,alias,markdown_headings_text,4.4,41,15,0.36585365853658536,33,46.486000000000004,unidade-02-integracao-de-desenvolvimento-e-operacao-devops,20,18,0.9,winner_score=46.49
ES2,produto,roteiro2,0,1,1,1,0,1a,1a,estudo-de-caso-arquitetura-orientada-a-microsservicos,estudo-de-caso-arquitetura-orientada-a-microsservicos,14.771999999999997,4.498,10.273999999999997,0.3044949905226104,0.7292041404799515,6,10,1,8,2,1,alias,markdown_lead_text,2.8,16,6,0.375,12,1,8,2,1,alias,markdown_lead_text,2.8,16,6,0.375,12,14.771999999999997,unidade-01-arquitetura-de-software,15,6,0.4,winner_score=14.77
ES2,produto,roteiro3,0,1,1,1,0,1a,1a,estudo-de-caso-arquitetura-orientada-a-microsservicos,estudo-de-caso-arquitetura-orientada-a-microsservicos,25.136000000000003,4.498,20.638,0.178946530872056,0.8208557511599252,6,10,1,13,2,1,alias,markdown_headings_text,4.4,16,8,0.5,10,1,13,2,1,alias,markdown_headings_text,4.4,16,8,0.5,10,25.136000000000003,unidade-01-arquitetura-de-software,15,6,0.4,winner_score=25.14
ES2,produto,roteiro4,0,0,1,1,0,1a,1a,estudo-de-caso-integracao-e-implantacao-de-microsservicos,estudo-de-caso-integracao-e-implantacao-de-microsservicos,4.458,0.107712,4.350288,0.02416150740242261,0.9764084988277841,2,7,1,2,2,2,alias,markdown_lead_text,2.8,41,2,0.04878048780487805,33,1,2,2,2,alias,markdown_lead_text,2.8,41,2,0.04878048780487805,33,4.458,unidade-02-integracao-de-desenvolvimento-e-operacao-devops,20,18,0.9,winner_score=4.46
ES2,produto,roteiro5,0,0,1,1,0,1a,1a,estudo-de-caso-integracao-e-implantacao-de-microsservicos,estudo-de-caso-integracao-e-implantacao-de-microsservicos,4.458,0.107712,4.350288,0.02416150740242261,0.9764084988277841,2,7,1,2,2,2,alias,markdown_lead_text,2.8,41,2,0.04878048780487805,33,1,2,2,2,alias,markdown_lead_text,2.8,41,2,0.04878048780487805,33,4.458,unidade-02-integracao-de-desenvolvimento-e-operacao-devops,20,18,0.9,winner_score=4.46
ES2,produto,roteiro6,0,0,1,1,0,1a,1a,estudo-de-caso-integracao-e-implantacao-de-microsservicos,estudo-de-caso-integracao-e-implantacao-de-microsservicos,4.458,0.107712,4.350288,0.02416150740242261,0.9764084988277841,2,7,1,2,2,2,alias,markdown_lead_text,2.8,41,2,0.04878048780487805,33,1,2,2,2,alias,markdown_lead_text,2.8,41,2,0.04878048780487805,33,4.458,unidade-02-integracao-de-desenvolvimento-e-operacao-devops,20,18,0.9,winner_score=4.46
ES2,produto,microsservicos6,0,1,1,1,0,1a,1a,estudo-de-caso-integracao-e-implantacao-de-microsservicos,estudo-de-caso-integracao-e-implantacao-de-microsservicos,9.508,2.342,7.165999999999999,0.24631888935633153,0.6710708336862313,4,7,1,4,3,3,alias,markdown_headings_text,4.4,41,5,0.12195121951219512,33,1,4,3,3,alias,markdown_headings_text,4.4,41,5,0.12195121951219512,33,9.508,unidade-02-integracao-de-desenvolvimento-e-operacao-devops,20,18,0.9,winner_score=9.51
ES2,produto,microsservicos7,0,0,1,1,0,1a,1a,estudo-de-caso-integracao-e-implantacao-de-microsservicos,estudo-de-caso-integracao-e-implantacao-de-microsservicos,5.948,1.0368,4.911200000000001,0.17431069266980495,0.838630939221534,3,7,1,4,2,2,alias,markdown_text,1.1,41,8,0.1951219512195122,33,1,4,2,2,alias,markdown_text,1.1,41,8,0.1951219512195122,33,5.948,unidade-02-integracao-de-desenvolvimento-e-operacao-devops,20,18,0.9,winner_score=5.95
ES2,produto,roteiro7-filas,0,1,1,1,0,1a,1a,estudo-de-caso-integracao-e-implantacao-de-microsservicos,estudo-de-caso-integracao-e-implantacao-de-microsservicos,49.25800000000001,4.458,44.80000000000001,0.09050306549189978,0.8957610415487061,4,7,1,22,3,3,alias,markdown_headings_text,4.4,41,14,0.34146341463414637,33,1,22,3,3,alias,markdown_headings_text,4.4,41,14,0.34146341463414637,33,49.25800000000001,unidade-02-integracao-de-desenvolvimento-e-operacao-devops,20,18,0.9,winner_score=49.26
ES2,produto,roteiro8-autenticacao-autorizacao,0,1,1,1,0,1a,1a,estudo-de-caso-integracao-e-implantacao-de-microsservicos,estudo-de-caso-integracao-e-implantacao-de-microsservicos,15.411999999999999,1.0368,14.3752,0.06727225538541397,0.9308723963114937,3,7,1,6,3,3,alias,markdown_headings_text,4.4,41,5,0.12195121951219512,33,1,6,3,3,alias,markdown_headings_text,4.4,41,5,0.12195121951219512,33,15.411999999999999,unidade-02-integracao-de-desenvolvimento-e-operacao-devops,20,18,0.9,winner_score=15.41
ES2,produto,roteiro7,0,1,1,1,0,1a,1a,estudo-de-caso-integracao-e-implantacao-de-microsservicos,estudo-de-caso-integracao-e-implantacao-de-microsservicos,14.591999999999995,0.107712,14.484287999999996,0.007381578947368424,0.9926725095022271,2,7,1,8,2,2,alias,markdown_lead_text,2.8,41,5,0.12195121951219512,33,1,8,2,2,alias,markdown_lead_text,2.8,41,5,0.12195121951219512,33,14.591999999999995,unidade-02-integracao-de-desenvolvimento-e-operacao-devops,20,18,0.9,winner_score=14.59
ES2,produto,roteiro7-history-service,0,1,1,1,0,1a,1a,estudo-de-caso-integracao-e-implantacao-de-microsservicos,estudo-de-caso-integracao-e-implantacao-de-microsservicos,18.676,0.107712,18.568288,0.005767402013279075,0.9942656701721151,2,7,1,9,1,1,alias,markdown_headings_text,4.4,41,4,0.0975609756097561,33,1,9,1,1,alias,markdown_headings_text,4.4,41,4,0.0975609756097561,33,18.676,unidade-02-integracao-de-desenvolvimento-e-operacao-devops,20,18,0.9,winner_score=18.68
TCC,cru,aula-01-apresentacao-da-disciplina-revisao-de-teoria-de-conjuntos-e-enumerabilidade,0,1,1,1,0,1a,1a,conjuntos-enumeraveis,conjuntos-enumeraveis,8.966000000000001,1.7999999999999998,7.166000000000001,0.20075842070042377,0.7680841585854778,3,3,1,3,9,9,alias,markdown_headings_text,4.4,8,7,0.875,4,1,3,9,9,alias,markdown_headings_text,4.4,8,7,0.875,4,8.966000000000001,unidade-01-conjuntos-enumeraveis-e-funcoes-recursivas,7,3,0.42857142857142855,winner_score=8.97
TCC,cru,aula-02-conjuntos-enumeraveis-e-nao-enumeraveis-argumento-da-diagonalizacao-de-cantor,0,1,1,0,0,1a,1a,conjuntos-enumeraveis,conjuntos-enumeraveis,25.68,1.7999999999999998,23.88,0.07009345794392523,0.9046330740615488,3,3,1,11,10,2,label,markdown_headings_text,4.4,8,5,0.625,4,1,11,10,2,label,markdown_headings_text,4.4,8,5,0.625,4,25.68,unidade-01-conjuntos-enumeraveis-e-funcoes-recursivas,7,3,0.42857142857142855,winner_score=25.68
TCC,cru,aula-03-funcoes-recursivas-primitivas-e-composicao-de-funcoes,0,1,1,1,0,1a,1a,funcoes-recursivas-primitivas-e-funcoes-recursivas-parciais,funcoes-recursivas-primitivas-e-funcoes-recursivas-parciais,9.746,0.9072,8.8388,0.09308434229427458,0.8430504134805025,3,3,1,3,6,6,alias,markdown_headings_text,4.4,7,7,1.0,6,1,3,6,6,alias,markdown_headings_text,4.4,7,7,1.0,6,9.746,unidade-01-conjuntos-enumeraveis-e-funcoes-recursivas,7,4,0.5714285714285714,winner_score=9.75
TCC,cru,aula-04-funcoes-computaveis-funcoes-recursivas-parciais-pdf,0,1,1,1,0,1a,1a,funcoes-recursivas-primitivas-e-funcoes-recursivas-parciais,funcoes-recursivas-primitivas-e-funcoes-recursivas-parciais,14.000399999999999,1.4256,12.5748,0.10182566212393931,0.8437839010631374,3,3,1,7,7,5,alias,markdown_headings_text,4.4,7,7,1.0,6,1,7,7,5,alias,markdown_headings_text,4.4,7,7,1.0,6,14.000399999999999,unidade-01-conjuntos-enumeraveis-e-funcoes-recursivas,7,4,0.5714285714285714,winner_score=14.00
TCC,cru,aula-05-minimizacao-de-funcoes-recursivas-parciais,0,1,1,1,0,1a,1a,funcoes-recursivas-primitivas-e-funcoes-recursivas-parciais,funcoes-recursivas-primitivas-e-funcoes-recursivas-parciais,13.599999999999998,1.0368,12.563199999999998,0.07623529411764707,0.9223770851147872,3,3,1,5,5,5,alias,markdown_headings_text,4.4,7,7,1.0,6,1,5,5,5,alias,markdown_headings_text,4.4,7,7,1.0,6,13.599999999999998,unidade-01-conjuntos-enumeraveis-e-funcoes-recursivas,7,4,0.5714285714285714,winner_score=13.60
TCC,cru,aula-06-revisao-alfabeto-cadeia-linguagem-hierarquia-de-chomsky-lemas-e-propriedades-de-automatos,0,1,0,0,0,1a,1a,maquinas-de-turing,maquinas-de-turing,14.279999999999998,1.2959999999999998,12.983999999999998,0.0907563025210084,0.8160880442415731,5,5,1,6,3,1,alias,markdown_headings_text,4.4,13,9,0.6923076923076923,6,1,6,3,1,alias,markdown_headings_text,4.4,13,9,0.6923076923076923,6,14.279999999999998,unidade-02-turing-computabilidade,5,5,1.0,winner_score=14.28
TCC,cru,t1-enunciado,0,1,1,1,0,2a-rotulo,2a,funcoes-recursivas-primitivas-e-funcoes-recursivas-parciais,funcoes-recursivas-primitivas-e-funcoes-recursivas-parciais,26.3568,11.984399999999997,14.372400000000003,0.4546985977053359,0.6693280511960993,3,3,1,14,7,5,alias,markdown_headings_text,4.4,10,7,0.7,11,1,14,7,5,alias,markdown_headings_text,4.4,10,7,0.7,11,26.3568,unidade-01-conjuntos-enumeraveis-e-funcoes-recursivas,7,4,0.5714285714285714,winner_score=26.36|rotulo-decomposto
TCC,cru,aula-07-maquinas-de-turing-e-linguagens-recursivamente-enumeraveis,0,1,1,1,0,1a,1a,maquinas-de-turing,maquinas-de-turing,26.22,1.4832,24.7368,0.0565675057208238,0.8545170121235823,5,5,1,11,7,3,label,markdown_headings_text,4.4,13,8,0.6153846153846154,6,1,11,7,3,label,markdown_headings_text,4.4,13,8,0.6153846153846154,6,26.22,unidade-02-turing-computabilidade,5,5,1.0,winner_score=26.22
TCC,cru,aula-08-maquinas-de-turing-como-processadoras-de-funcoes,0,1,1,0,0,1a,1a,maquinas-de-turing,maquinas-de-turing,33.386,1.1664,32.2196,0.03493679985622716,0.8956913666362609,5,5,1,14,7,3,label,markdown_headings_text,4.4,13,10,0.7692307692307693,6,1,14,7,3,label,markdown_headings_text,4.4,13,10,0.7692307692307693,6,33.386,unidade-02-turing-computabilidade,5,5,1.0,winner_score=33.39
TCC,cru,aula-09-variacoes-de-maquinas-de-turing,0,0,0,0,0,2a-propagado,2a,maquinas-de-turing,maquinas-de-turing,16.282,15.280000000000001,1.001999999999999,0.938459648691807,0.46362631980591584,5,5,1,7,3,3,label,markdown_headings_text,4.4,16,7,0.4375,9,1,7,3,3,label,markdown_headings_text,4.4,16,7,0.4375,9,16.282,unidade-02-turing-computabilidade,5,5,1.0,winner_score=16.28|ambiguous|propagado-headings
TCC,cru,aula-10-linguagens-reconhecıveis-e-linguagens-decidıveis-pdf,0,1,0,0,0,2a-propagado,2a,maquinas-de-turing,maquinas-de-turing,25.734,10.580000000000002,15.154,0.41112924535633794,0.5445736978733734,5,5,1,11,9,3,label,markdown_headings_text,4.4,16,10,0.625,9,1,11,9,3,label,markdown_headings_text,4.4,16,10,0.625,9,25.734,unidade-02-turing-computabilidade,5,5,1.0,winner_score=25.73|propagado-headings
TCC,produto,aula-01-apresentacao-da-disciplina-revisao-de-teoria-de-conjuntos-e-enumerabilidade,0,1,1,1,0,1a,1a,conjuntos-enumeraveis,conjuntos-enumeraveis,17.999999999999996,4.324,13.675999999999997,0.24022222222222225,0.7244626901714561,3,3,1,8,9,9,alias,markdown_headings_text,4.4,15,13,0.8666666666666667,9,1,8,9,9,alias,markdown_headings_text,4.4,15,13,0.8666666666666667,9,17.999999999999996,unidade-01-conjuntos-enumeraveis-e-funcoes-recursivas,7,2,0.2857142857142857,winner_score=18.00
TCC,produto,aula-02-conjuntos-enumeraveis-e-nao-enumeraveis-argumento-da-diagonalizacao-de-cantor,0,1,1,0,0,1a,1a,conjuntos-enumeraveis,conjuntos-enumeraveis,57.362,27.872000000000003,29.49,0.4858965865904258,0.6101042331418847,3,3,1,25,10,2,label,markdown_headings_text,4.4,15,12,0.8,9,1,25,10,2,label,markdown_headings_text,4.4,15,12,0.8,9,57.362,unidade-01-conjuntos-enumeraveis-e-funcoes-recursivas,7,2,0.2857142857142857,winner_score=57.36
TCC,produto,aula-03-funcoes-recursivas-primitivas-e-composicao-de-funcoes,0,1,1,1,0,1a,1a,funcoes-recursivas-primitivas-e-funcoes-recursivas-parciais,funcoes-recursivas-primitivas-e-funcoes-recursivas-parciais,67.806,2.702,65.104,0.03984898091614311,0.947741834486923,3,3,1,31,6,3,alias,markdown_headings_text,4.4,18,15,0.8333333333333334,20,1,31,6,3,alias,markdown_headings_text,4.4,18,15,0.8333333333333334,20,67.806,unidade-01-conjuntos-enumeraveis-e-funcoes-recursivas,7,5,0.7142857142857143,winner_score=67.81
TCC,produto,aula-04-funcoes-computaveis-funcoes-recursivas-parciais-pdf,0,1,1,1,0,1a,1a,funcoes-recursivas-primitivas-e-funcoes-recursivas-parciais,funcoes-recursivas-primitivas-e-funcoes-recursivas-parciais,76.16000000000003,1.9439999999999997,74.21600000000002,0.025525210084033603,0.9545199326221224,3,3,1,41,7,3,alias,markdown_headings_text,4.4,18,16,0.8888888888888888,20,1,41,7,3,alias,markdown_headings_text,4.4,18,16,0.8888888888888888,20,76.16000000000003,unidade-01-conjuntos-enumeraveis-e-funcoes-recursivas,7,5,0.7142857142857143,winner_score=76.16
TCC,produto,aula-05-minimizacao-de-funcoes-recursivas-parciais,0,1,1,1,0,1a,1a,funcoes-recursivas-primitivas-e-funcoes-recursivas-parciais,funcoes-recursivas-primitivas-e-funcoes-recursivas-parciais,69.97,3.0620000000000003,66.908,0.04376161211947978,0.9446622599529086,3,3,1,33,5,2,alias,markdown_headings_text,4.4,18,17,0.9444444444444444,20,1,33,5,2,alias,markdown_headings_text,4.4,18,17,0.9444444444444444,20,69.97,unidade-01-conjuntos-enumeraveis-e-funcoes-recursivas,7,5,0.7142857142857143,winner_score=69.97
TCC,produto,aula-06-revisao-alfabeto-cadeia-linguagem-hierarquia-de-chomsky-lemas-e-propriedades-de-automatos,0,1,0,0,0,1a,1a,maquinas-de-turing,maquinas-de-turing,20.541999999999998,11.62,8.921999999999999,0.5656703339499562,0.6004025520528143,5,5,1,10,4,1,alias,markdown_headings_text,4.4,27,16,0.5925925925925926,17,1,10,4,1,alias,markdown_headings_text,4.4,27,16,0.5925925925925926,17,20.541999999999998,unidade-02-turing-computabilidade,5,3,0.6,winner_score=20.54
TCC,produto,t1-enunciado,0,1,1,1,0,2a-propagado,2a,funcoes-recursivas-primitivas-e-funcoes-recursivas-parciais,funcoes-recursivas-primitivas-e-funcoes-recursivas-parciais,40.6892,16.3124,24.3768,0.40090245077317815,0.654381822977311,3,3,1,21,7,2,alias,markdown_headings_text,4.4,22,10,0.45454545454545453,24,1,21,7,2,alias,markdown_headings_text,4.4,22,10,0.45454545454545453,24,40.6892,unidade-01-conjuntos-enumeraveis-e-funcoes-recursivas,7,5,0.7142857142857143,winner_score=40.69|propagado-headings
TCC,produto,aula-07-maquinas-de-turing-e-linguagens-recursivamente-enumeraveis,0,1,1,1,0,1a,1a,maquinas-de-turing,maquinas-de-turing,69.036,26.200000000000003,42.836,0.3795121385943566,0.692073574169644,5,5,1,29,7,3,label,markdown_headings_text,4.4,27,19,0.7037037037037037,17,1,29,7,3,label,markdown_headings_text,4.4,27,19,0.7037037037037037,17,69.036,unidade-02-turing-computabilidade,5,3,0.6,winner_score=69.04
TCC,produto,aula-08-maquinas-de-turing-como-processadoras-de-funcoes,0,1,1,0,0,1a,1a,maquinas-de-turing,maquinas-de-turing,72.938,3.422,69.516,0.04691655926951658,0.9208041287090715,5,5,1,32,7,3,label,markdown_headings_text,4.4,27,22,0.8148148148148148,17,1,32,7,3,label,markdown_headings_text,4.4,27,22,0.8148148148148148,17,72.938,unidade-02-turing-computabilidade,5,3,0.6,winner_score=72.94
TCC,produto,aula-09-variacoes-de-maquinas-de-turing,0,1,1,1,0,1a,1a,variacoes-de-maquinas-de-turing,variacoes-de-maquinas-de-turing,36.577999999999996,18.444,18.133999999999997,0.5042375198206572,0.6030560025323801,5,5,1,15,5,5,label,markdown_headings_text,4.4,7,7,1.0,4,1,15,5,5,label,markdown_headings_text,4.4,7,7,1.0,4,36.577999999999996,unidade-02-turing-computabilidade,5,1,0.2,winner_score=36.58
TCC,produto,aula-10-linguagens-reconhecıveis-e-linguagens-decidıveis-pdf,0,1,1,1,0,1a,1a,linguagens-reconheciveis-e-decidiveis,linguagens-reconheciveis-e-decidiveis,79.9488,22.304000000000002,57.644800000000004,0.27897854626961255,0.7014448629916803,5,5,1,37,4,3,alias,markdown_headings_text,4.4,17,15,0.8823529411764706,13,1,37,4,3,alias,markdown_headings_text,4.4,17,15,0.8823529411764706,13,79.9488,unidade-02-turing-computabilidade,5,1,0.2,winner_score=79.95
CG,cru,intro,0,0,1,1,0,2a-secao,2a,origens,origens,0.0,0.0,0.0,1.0,0.0,0,4,0,0,0,0,,,0.0,1,0,0.0,1,0,0,0,0,,,0.0,1,0,0.0,1,0.0,unidade-01-introducao-ao-processamento-grafico,12,3,0.25,sem-sinal (winner_score=0)|secao-nomeia-subtopico
CG,cru,origensdacomputacaografica,0,1,1,1,0,1a,1a,origens,origens,13.22,0.0,13.22,0.0,1.0,1,4,1,5,1,1,label,markdown_headings_text,4.4,1,1,1.0,1,1,5,1,1,label,markdown_headings_text,4.4,1,1,1.0,1,13.22,unidade-01-introducao-ao-processamento-grafico,12,3,0.25,winner_score=13.22
CG,cru,segmentacaopptx,0,1,1,1,0,1a,1a,segmentacao,segmentacao,12.57,0.9072,11.6628,0.07217183770883055,0.9326863146647671,2,6,1,5,1,1,label,markdown_headings_text,4.4,4,1,0.25,3,1,5,1,1,label,markdown_headings_text,4.4,4,1,0.25,3,12.57,unidade-03-processamento-de-imagens-e-visao-computacional,17,12,0.7058823529411765,winner_score=12.57
CG,cru,segmentacaodetexturas,0,1,1,1,0,1a,1a,segmentacao,segmentacao,18.09,2.0,16.09,0.11055831951354339,0.8008637463812823,5,6,1,7,1,1,label,markdown_headings_text,4.4,4,2,0.5,3,1,7,1,1,label,markdown_headings_text,4.4,4,2,0.5,3,18.09,unidade-03-processamento-de-imagens-e-visao-computacional,17,12,0.7058823529411765,winner_score=18.09
CG,cru,morfologiamatematicapptx,0,0,1,1,0,2a-propagado,2a,segmentacao,segmentacao,4.268,0.0,4.268,0.0,1.0,1,6,1,2,1,1,alias,title_text,3.8,9,1,0.1111111111111111,8,1,2,1,1,alias,title_text,3.8,9,1,0.1111111111111111,8,4.268,unidade-03-processamento-de-imagens-e-visao-computacional,17,12,0.7058823529411765,winner_score=4.27|propagado-headings
CG,cru,csg,0,0,1,1,0,1a,1a,geometria-solida-construtiva-csg,geometria-solida-construtiva-csg,6.22,0.12240000000000001,6.0976,0.019678456591639873,0.9456612696065075,14,15,1,2,4,4,label,markdown_lead_text,2.8,4,4,1.0,0,1,2,4,4,label,markdown_lead_text,2.8,4,4,1.0,0,6.22,unidade-07-representacao-e-modelagem-de-objetos,15,2,0.13333333333333333,winner_score=6.22
CG,cru,modelagem3d,0,0,1,0,0,1a,1a,representacao-aramada,representacao-aramada,5.78,4.498,1.282,0.7782006920415225,0.24928543924611954,15,15,1,2,2,2,label,markdown_lead_text,2.8,2,2,1.0,0,1,2,2,2,label,markdown_lead_text,2.8,2,2,1.0,0,5.78,unidade-07-representacao-e-modelagem-de-objetos,15,1,0.06666666666666667,winner_score=5.78
CG,cru,atividade,0,0,0,0,1,vazio-empate-exato,1a,,paralela,0.019584,0.019584,0.0,1.0,0.14285714285714285,7,11,0,0,0,0,,,0.0,1,0,0.0,1,0,0,0,0,,,0.0,0,0,0.0,0,0.0,unidade-06-processo-de-visualizacao-3d,10,5,0.5,empate-exato 7x score=0.02
CG,cru,basico3d-py,0,1,0,0,0,1a,1a,perspectiva,perspectiva,4.84,0.107712,4.732288,0.022254545454545454,0.9582041790245971,8,11,1,2,1,1,label,markdown_lead_text,2.8,1,1,1.0,1,1,2,1,1,label,markdown_lead_text,2.8,1,1,1.0,1,4.84,unidade-06-processo-de-visualizacao-3d,10,2,0.2,winner_score=4.84
CG,cru,opengl3d,0,0,0,0,0,1a,1a,perspectiva,perspectiva,4.84,2.04,2.8,0.42148760330578516,0.5504804192750036,9,11,1,2,1,1,label,markdown_lead_text,2.8,1,1,1.0,1,1,2,1,1,label,markdown_lead_text,2.8,1,1,1.0,1,4.84,unidade-06-processo-de-visualizacao-3d,10,2,0.2,winner_score=4.84
CG,cru,opengl3dcpp-vdi,0,0,0,0,1,vazio-empate-exato,1a,,paralela,4.84,4.84,0.0,1.0,0.4848925125543079,8,11,1,2,1,1,label,markdown_lead_text,2.8,1,1,1.0,1,0,0,0,0,,,0.0,0,0,0.0,0,0.0,unidade-06-processo-de-visualizacao-3d,10,5,0.5,empate-exato 2x score=4.84
CG,cru,opengl3dcpp,0,0,0,0,1,vazio-empate-exato,1a,,paralela,4.84,4.84,0.0,1.0,0.4848925125543079,8,11,1,2,1,1,label,markdown_lead_text,2.8,1,1,1.0,1,0,0,0,0,,,0.0,0,0,0.0,0,0.0,unidade-06-processo-de-visualizacao-3d,10,5,0.5,empate-exato 2x score=4.84
CG,cru,vis3d,0,0,0,0,1,vazio-empate-exato,1a,,paralela,9.46,9.46,0.0,1.0,0.27887631856732625,10,11,1,4,1,1,label,markdown_headings_text,4.4,1,1,1.0,1,0,0,0,0,,,0.0,0,0,0.0,0,0.0,unidade-06-processo-de-visualizacao-3d,10,5,0.5,empate-exato 2x score=9.46
CG,cru,basico3d-cpp,0,1,1,0,0,1a,1a,bezier-e-algoritmo-de-casteljau,bezier-e-algoritmo-de-casteljau,7.096,0.107712,6.988288,0.015179255918827508,0.9575577583294358,14,15,1,3,1,1,alias,markdown_headings_text,4.4,3,1,0.3333333333333333,3,1,3,1,1,alias,markdown_headings_text,4.4,3,1,0.3333333333333333,3,7.096,unidade-07-representacao-e-modelagem-de-objetos,15,8,0.5333333333333333,winner_score=7.10
CG,cru,basico3d-py-zip,0,0,1,1,0,1a,1a,tecnicas-de-modelagem-3d,tecnicas-de-modelagem-3d,0.107712,0.01723392,0.09047808,0.16,0.3246753246753245,14,15,0,0,0,0,,,0.0,3,1,0.3333333333333333,0,0,0,0,0,,,0.0,3,1,0.3333333333333333,0,0.107712,unidade-07-representacao-e-modelagem-de-objetos,15,2,0.13333333333333333,winner_score=0.11
CG,cru,exerciciodemodelagem,0,1,1,0,0,1a,1a,tecnicas-de-modelagem-3d,tecnicas-de-modelagem-3d,0.9648,0.01723392,0.94756608,0.01786268656716418,0.8115467354018489,14,15,0,0,0,0,,,0.0,3,2,0.6666666666666666,0,0,0,0,0,,,0.0,3,2,0.6666666666666666,0,0.9648,unidade-07-representacao-e-modelagem-de-objetos,15,2,0.13333333333333333,winner_score=0.96
CG,cru,elemoculto,0,1,1,0,0,1a,1a,algoritmo-z-buffer,algoritmo-z-buffer,10.18,8.866,1.314,0.8709233791748526,0.30939580574341313,11,11,1,3,3,3,label,markdown_headings_text,4.4,2,2,1.0,1,1,3,3,3,label,markdown_headings_text,4.4,2,2,1.0,1,10.18,unidade-06-processo-de-visualizacao-3d,10,2,0.2,winner_score=10.18
CG,cru,exemplozbuffer,0,1,1,1,0,1a,1a,algoritmo-z-buffer,algoritmo-z-buffer,0.141984,0.019584,0.1224,0.13793103448275862,0.5471698113207548,7,11,0,0,0,0,,,0.0,2,1,0.5,1,0,0,0,0,,,0.0,2,1,0.5,1,0.141984,unidade-06-processo-de-visualizacao-3d,10,2,0.2,winner_score=0.14
CG,cru,iluminacao,0,1,1,0,0,2a-rotulo,2a,modelos-de-reflexao-ambiente-difusa-especular,modelos-de-reflexao-ambiente-difusa-especular,15.291999999999996,6.622,8.669999999999996,0.4330368820298196,0.5771785735853615,4,5,1,8,3,3,alias,markdown_lead_text,2.8,5,5,1.0,5,1,8,3,3,alias,markdown_lead_text,2.8,5,5,1.0,5,15.291999999999996,unidade-08-sintese-de-imagens-realisticas,5,4,0.8,winner_score=15.29|rotulo-decomposto
CG,cru,programabasico3d,0,1,0,0,0,2a-rotulo,2a,metodos-de-sombreamento-flat-gouraud-phong,metodos-de-sombreamento-flat-gouraud-phong,3.448,1.1520000000000001,2.296,0.3341067285382831,0.7495652173913044,2,5,1,2,1,1,alias,markdown_lead_text,2.8,5,1,0.2,4,1,2,1,1,alias,markdown_lead_text,2.8,5,1,0.2,4,3.448,unidade-08-sintese-de-imagens-realisticas,5,1,0.2,winner_score=3.45|rotulo-decomposto
CG,cru,exercicios,0,0,1,1,0,1a,1a,aplicacoes,aplicacoes,7.136,0.0,7.136,0.0,1.0,1,4,1,3,1,1,alias,markdown_headings_text,4.4,2,1,0.5,2,1,3,1,1,alias,markdown_headings_text,4.4,2,1,0.5,2,7.136,unidade-01-introducao-ao-processamento-grafico,12,9,0.75,winner_score=7.14
CG,cru,opengl-cpp,0,0,1,1,0,2a-propagado,2a,aplicacoes,aplicacoes,26.134000000000004,4.8,21.334000000000003,0.18366878395959282,0.84483093036788,2,4,1,13,1,1,alias,markdown_headings_text,4.4,7,6,0.8571428571428571,7,1,13,1,1,alias,markdown_headings_text,4.4,7,6,0.8571428571428571,7,26.134000000000004,unidade-01-introducao-ao-processamento-grafico,12,9,0.75,winner_score=26.13|propagado-headings
CG,cru,opengl-py,0,0,1,1,0,2a-propagado,2a,aplicacoes,aplicacoes,28.860000000000003,4.8,24.060000000000002,0.1663201663201663,0.857397504456328,2,4,1,14,1,1,alias,markdown_headings_text,4.4,7,5,0.7142857142857143,7,1,14,1,1,alias,markdown_headings_text,4.4,7,5,0.7142857142857143,7,28.860000000000003,unidade-01-introducao-ao-processamento-grafico,12,9,0.75,winner_score=28.86|propagado-headings
CG,cru,openglbasico,0,0,1,1,0,1a,1a,aplicacoes,aplicacoes,9.745999999999999,0.0,9.745999999999999,0.0,1.0,1,4,1,4,1,1,alias,markdown_headings_text,4.4,2,2,1.0,2,1,4,1,1,alias,markdown_headings_text,4.4,2,2,1.0,2,9.745999999999999,unidade-01-introducao-ao-processamento-grafico,12,9,0.75,winner_score=9.75
CG,cru,exercicio-com-animacao,0,0,0,0,0,1a,1a,algoritmos-de-poligonos,algoritmos-de-poligonos,0.42223104,0.0,0.42223104,0.0,1.0,1,5,0,0,0,0,,,0.0,1,1,1.0,1,0,0,0,0,,,0.0,1,1,1.0,1,0.42223104,unidade-02-fundamentos-matematicos,16,4,0.25,winner_score=0.42
CG,cru,exercicio-com-poligonos,0,1,1,1,0,1a,1a,algoritmos-de-poligonos,algoritmos-de-poligonos,0.42223104,0.0,0.42223104,0.0,1.0,1,5,0,0,0,0,,,0.0,1,1,1.0,1,0,0,0,0,,,0.0,1,1,1.0,1,0.42223104,unidade-02-fundamentos-matematicos,16,4,0.25,winner_score=0.42
CG,cru,exercicio-de-animacao-foguete,0,0,1,0,0,1a,1a,algoritmos-de-poligonos,algoritmos-de-poligonos,0.42223104,0.0,0.42223104,0.0,1.0,1,5,0,0,0,0,,,0.0,1,1,1.0,1,0,0,0,0,,,0.0,1,1,1.0,1,0.42223104,unidade-02-fundamentos-matematicos,16,4,0.25,winner_score=0.42
CG,cru,fundamentosmatematicos,0,0,1,0,0,1a,1a,operacoes-com-vetores,operacoes-com-vetores,2.06,0.38776320000000003,1.6722368,0.18823456310679612,0.8061123034964299,3,5,1,1,3,3,label,auto_tags_text,0.22,2,2,1.0,1,1,1,3,3,label,auto_tags_text,0.22,2,2,1.0,1,2.06,unidade-02-fundamentos-matematicos,16,3,0.1875,winner_score=2.06
CG,cru,matematica,0,0,0,0,1,vazio-sem-sinal,1a,,entidades-geometricas,0.0,0.0,0.0,1.0,0.0,0,5,0,0,0,0,,,0.0,2,0,0.0,1,0,0,0,0,,,0.0,0,0,0.0,0,0.0,unidade-02-fundamentos-matematicos,16,2,0.125,sem-sinal (winner_score=0)
CG,cru,colisao,0,1,1,1,0,1a,1a,algoritmos-de-deteccao-e-calculo-de-interseccao,algoritmos-de-deteccao-e-calculo-de-interseccao,0.9072,0.107712,0.799488,0.11873015873015873,0.8938706015891033,2,5,0,0,0,0,,,0.0,3,2,0.6666666666666666,1,0,0,0,0,,,0.0,3,2,0.6666666666666666,1,0.9072,unidade-02-fundamentos-matematicos,16,1,0.0625,winner_score=0.91
CG,cru,geomcomp,0,1,1,1,0,1a,1a,algoritmos-de-geometria-computacional,algoritmos-de-geometria-computacional,5.74,0.44064000000000003,5.29936,0.07676655052264808,0.9106716758897294,3,5,1,2,4,4,label,markdown_lead_text,2.8,2,2,1.0,1,1,2,4,4,label,markdown_lead_text,2.8,2,2,1.0,1,5.74,unidade-02-fundamentos-matematicos,16,6,0.375,winner_score=5.74
CG,cru,animacao-v2,0,0,0,0,0,1a,1a,desenho-de-linhas,desenho-de-linhas,1.3536,0.107712,1.2458879999999999,0.07957446808510639,0.8946382615846137,5,6,0,0,0,0,,,0.0,2,2,1.0,1,0,0,0,0,,,0.0,2,2,1.0,1,1.3536,unidade-04-processo-de-visualizacao-2d,18,7,0.3888888888888889,winner_score=1.35
CG,cru,exercicios-teoricos-sobre-processo-de-visualizacao-2d,0,1,0,0,0,1a,1a,desenho-de-linhas,desenho-de-linhas,1.4112,0.15941376,1.25178624,0.11296326530612244,0.8792076365463288,4,6,0,0,0,0,,,0.0,2,2,1.0,1,0,0,0,0,,,0.0,2,2,1.0,1,1.4112,unidade-04-processo-de-visualizacao-2d,18,7,0.3888888888888889,winner_score=1.41
CG,cru,instanciamento,0,0,0,0,0,1a,1a,sistema-de-coordenadas-cartesianas,sistema-de-coordenadas-cartesianas,0.9072,0.141984,0.765216,0.1565079365079365,0.8188198596308812,5,6,0,0,0,0,,,0.0,3,2,0.6666666666666666,1,0,0,0,0,,,0.0,3,2,0.6666666666666666,1,0.9072,unidade-04-processo-de-visualizacao-2d,18,3,0.16666666666666666,winner_score=0.91
CG,cru,mapeamento,0,0,0,0,0,1a,1a,recorte,recorte,4.84,0.9072,3.9328,0.18743801652892564,0.8164157593881066,5,6,1,2,1,1,label,markdown_lead_text,2.8,1,1,1.0,1,1,2,1,1,label,markdown_lead_text,2.8,1,1,1.0,1,4.84,unidade-04-processo-de-visualizacao-2d,18,5,0.2777777777777778,winner_score=4.84
CG,cru,pagina-com-videos-sobre-instanciamento,0,1,0,0,0,1a,1a,desenho-de-linhas,desenho-de-linhas,1.3536,0.019584,1.3340159999999999,0.014468085106382981,0.9584013050570962,4,6,0,0,0,0,,,0.0,2,2,1.0,1,0,0,0,0,,,0.0,2,2,1.0,1,1.3536,unidade-04-processo-de-visualizacao-2d,18,7,0.3888888888888889,winner_score=1.35
CG,cru,recorte,0,1,1,1,0,1a,1a,recorte,recorte,14.16,0.9359999999999999,13.224,0.06610169491525424,0.9292448408326437,4,6,1,6,1,1,label,markdown_headings_text,4.4,1,1,1.0,1,1,6,1,1,label,markdown_headings_text,4.4,1,1,1.0,1,14.16,unidade-04-processo-de-visualizacao-2d,18,5,0.2777777777777778,winner_score=14.16
CG,cru,transformacoesgeometricas,0,0,0,0,0,1a,1a,desenho-de-linhas,desenho-de-linhas,0.12494592,0.01723392,0.107712,0.13793103448275862,0.7073170731707316,4,6,0,0,0,0,,,0.0,2,1,0.5,1,0,0,0,0,,,0.0,2,1,0.5,1,0.12494592,unidade-04-processo-de-visualizacao-2d,18,7,0.3888888888888889,winner_score=0.12
CG,cru,transformacoesgl,0,0,0,0,0,1a,1a,sistema-de-coordenadas-cartesianas,sistema-de-coordenadas-cartesianas,0.12240000000000001,0.019584,0.102816,0.16,0.6097560975609757,5,6,0,0,0,0,,,0.0,3,1,0.3333333333333333,1,0,0,0,0,,,0.0,3,1,0.3333333333333333,1,0.12240000000000001,unidade-04-processo-de-visualizacao-2d,18,3,0.16666666666666666,winner_score=0.12
CG,cru,vis2d,0,1,1,0,0,1a,1a,recorte,recorte,9.46,1.3536,8.1064,0.14308668076109934,0.7974387656044436,5,6,1,4,1,1,label,markdown_headings_text,4.4,1,1,1.0,1,1,4,1,1,label,markdown_headings_text,4.4,1,1,1.0,1,9.46,unidade-04-processo-de-visualizacao-2d,18,5,0.2777777777777778,winner_score=9.46
CG,cru,bezier-animacao,0,1,1,1,0,1a,1a,bezier-e-algoritmo-de-casteljau,bezier-e-algoritmo-de-casteljau,10.949999999999998,0.12494592,10.825054079999997,0.011410586301369865,0.9720787865968215,13,15,1,5,1,1,alias,markdown_headings_text,4.4,3,1,0.3333333333333333,3,1,5,1,1,alias,markdown_headings_text,4.4,3,1,0.3333333333333333,3,10.949999999999998,unidade-07-representacao-e-modelagem-de-objetos,15,8,0.5333333333333333,winner_score=10.95
CG,cru,bezier-cpp,0,0,1,1,0,1a,1a,bezier-e-algoritmo-de-casteljau,bezier-e-algoritmo-de-casteljau,10.949999999999998,0.12494592,10.825054079999997,0.011410586301369865,0.9720787865968215,13,15,1,5,1,1,alias,markdown_headings_text,4.4,3,1,0.3333333333333333,3,1,5,1,1,alias,markdown_headings_text,4.4,3,1,0.3333333333333333,3,10.949999999999998,unidade-07-representacao-e-modelagem-de-objetos,15,8,0.5333333333333333,winner_score=10.95
CG,cru,bezier-py,0,1,1,1,0,1a,1a,bezier-e-algoritmo-de-casteljau,bezier-e-algoritmo-de-casteljau,10.949999999999998,0.12494592,10.825054079999997,0.011410586301369865,0.9720787865968215,13,15,1,5,1,1,alias,markdown_headings_text,4.4,3,1,0.3333333333333333,3,1,5,1,1,alias,markdown_headings_text,4.4,3,1,0.3333333333333333,3,10.949999999999998,unidade-07-representacao-e-modelagem-de-objetos,15,8,0.5333333333333333,winner_score=10.95
CG,cru,bezier-python,0,1,1,1,0,1a,1a,bezier-e-algoritmo-de-casteljau,bezier-e-algoritmo-de-casteljau,10.949999999999998,0.12494592,10.825054079999997,0.011410586301369865,0.9720787865968215,13,15,1,5,1,1,alias,markdown_headings_text,4.4,3,1,0.3333333333333333,3,1,5,1,1,alias,markdown_headings_text,4.4,3,1,0.3333333333333333,3,10.949999999999998,unidade-07-representacao-e-modelagem-de-objetos,15,8,0.5333333333333333,winner_score=10.95
CG,cru,curvas,0,0,1,0,0,2a-propagado,2a,bezier-e-algoritmo-de-casteljau,bezier-e-algoritmo-de-casteljau,6.482,5.298,1.1840000000000002,0.8173403270595495,0.30537881294798636,15,15,1,4,1,1,alias,markdown_lead_text,2.8,11,3,0.2727272727272727,12,1,4,1,1,alias,markdown_lead_text,2.8,11,3,0.2727272727272727,12,6.482,unidade-07-representacao-e-modelagem-de-objetos,15,8,0.5333333333333333,winner_score=6.48|propagado-headings
CG,cru,curvasparametricas,0,1,1,1,0,1a,1a,representacao-de-curvas-parametricas,representacao-de-curvas-parametricas,12.4224,6.712,5.7104,0.5403142709943328,0.35409111787879366,15,15,1,6,4,2,alias,markdown_headings_text,4.4,3,3,1.0,2,1,6,4,2,alias,markdown_headings_text,4.4,3,3,1.0,2,12.4224,unidade-07-representacao-e-modelagem-de-objetos,15,2,0.13333333333333333,winner_score=12.42
CG,cru,exercicios-sobre-curvas,0,0,1,0,0,2a-propagado,2a,bezier-e-algoritmo-de-casteljau,bezier-e-algoritmo-de-casteljau,11.153999999999998,4.92,6.233999999999998,0.4410973641742873,0.4611659900936288,14,15,1,6,1,1,alias,markdown_lead_text,2.8,11,3,0.2727272727272727,12,1,6,1,1,alias,markdown_lead_text,2.8,11,3,0.2727272727272727,12,11.153999999999998,unidade-07-representacao-e-modelagem-de-objetos,15,8,0.5333333333333333,winner_score=11.15|propagado-headings
CG,cru,floodfill,0,0,1,1,0,1a,1a,segmentacao,segmentacao,4.538,0.14217984000000003,4.39582016,0.03133094755398855,0.9696208596975624,2,6,1,2,3,3,alias,markdown_lead_text,2.8,4,2,0.5,3,1,2,3,3,alias,markdown_lead_text,2.8,4,2,0.5,3,4.538,unidade-03-processamento-de-imagens-e-visao-computacional,17,12,0.7058823529411765,winner_score=4.54
CG,cru,img,0,1,1,1,0,2a-rotulo,2a,cores-e-tipos-de-imagens,cores-e-tipos-de-imagens,8.456,2.0,6.4559999999999995,0.23651844843897826,0.7134179265658745,5,6,1,4,3,1,alias,markdown_lead_text,2.8,3,3,1.0,3,1,4,3,1,alias,markdown_lead_text,2.8,3,3,1.0,3,8.456,unidade-03-processamento-de-imagens-e-visao-computacional,17,5,0.29411764705882354,winner_score=8.46|rotulo-decomposto
CG,cru,remocaoderuido,0,0,0,0,0,1a,1a,cores-e-tipos-de-imagens,cores-e-tipos-de-imagens,0.14217984000000003,0.0,0.14217984000000003,0.0,1.0,1,6,0,0,0,0,,,0.0,3,1,0.3333333333333333,1,0,0,0,0,,,0.0,3,1,0.3333333333333333,1,0.14217984000000003,unidade-03-processamento-de-imagens-e-visao-computacional,17,5,0.29411764705882354,winner_score=0.14
CG,cru,exercicios-de-processamento-de-imagens,0,1,1,0,0,1a,1a,cores-e-tipos-de-imagens,cores-e-tipos-de-imagens,0.14217984000000003,0.0,0.14217984000000003,0.0,1.0,1,6,0,0,0,0,,,0.0,3,1,0.3333333333333333,1,0,0,0,0,,,0.0,3,1,0.3333333333333333,1,0.14217984000000003,unidade-03-processamento-de-imagens-e-visao-computacional,17,5,0.29411764705882354,winner_score=0.14
CG,cru,introducaoprocimg,0,1,0,0,0,1a,1a,segmentacao,segmentacao,10.459999999999999,9.200000000000001,1.259999999999998,0.8795411089866159,0.5262780809103745,4,6,1,4,3,1,alias,markdown_headings_text,4.4,9,3,0.3333333333333333,8,1,4,3,1,alias,markdown_headings_text,4.4,9,3,0.3333333333333333,8,10.459999999999999,unidade-03-processamento-de-imagens-e-visao-computacional,17,12,0.7058823529411765,winner_score=10.46
CG,cru,exercicios-de-geometria-computacional,0,0,1,1,0,1a,1a,algoritmos-de-geometria-computacional,algoritmos-de-geometria-computacional,1.3823999999999999,0.0,1.3823999999999999,0.0,1.0,1,5,0,0,0,0,,,0.0,2,2,1.0,1,0,0,0,0,,,0.0,2,2,1.0,1,1.3823999999999999,unidade-02-fundamentos-matematicos,16,6,0.375,winner_score=1.38
CG,cru,exercicios-sobre-curvas-html,0,0,1,0,0,2a-propagado,2a,bezier-e-algoritmo-de-casteljau,bezier-e-algoritmo-de-casteljau,11.153999999999998,4.92,6.233999999999998,0.4410973641742873,0.4611659900936288,14,15,1,6,1,1,alias,markdown_lead_text,2.8,11,3,0.2727272727272727,12,1,6,1,1,alias,markdown_lead_text,2.8,11,3,0.2727272727272727,12,11.153999999999998,unidade-07-representacao-e-modelagem-de-objetos,15,8,0.5333333333333333,winner_score=11.15|propagado-headings
CG,cru,exercicios-teoricos-sobre-processo-de-visualizacao-2d-html,0,1,0,0,0,1a,1a,desenho-de-linhas,desenho-de-linhas,1.4112,0.15941376,1.25178624,0.11296326530612244,0.8792076365463288,4,6,0,0,0,0,,,0.0,2,2,1.0,1,0,0,0,0,,,0.0,2,2,1.0,1,1.4112,unidade-04-processo-de-visualizacao-2d,18,7,0.3888888888888889,winner_score=1.41
CG,cru,exerciciosfundamentosmatematicos,0,0,1,0,0,1a,1a,operacoes-com-vetores,operacoes-com-vetores,0.14217984000000003,0.0,0.14217984000000003,0.0,1.0,1,5,0,0,0,0,,,0.0,2,1,0.5,1,0,0,0,0,,,0.0,2,1,0.5,1,0.14217984000000003,unidade-02-fundamentos-matematicos,16,3,0.1875,winner_score=0.14
CG,cru,domina,0,1,1,1,0,1a,1a,algoritmos-de-geometria-computacional,algoritmos-de-geometria-computacional,1.3247999999999998,0.0,1.3247999999999998,0.0,1.0,1,5,0,0,0,0,,,0.0,2,2,1.0,1,0,0,0,0,,,0.0,2,2,1.0,1,1.3247999999999998,unidade-02-fundamentos-matematicos,16,6,0.375,winner_score=1.32
CG,cru,planesweep,0,1,1,1,0,1a,1a,algoritmos-de-geometria-computacional,algoritmos-de-geometria-computacional,1.3247999999999998,0.0,1.3247999999999998,0.0,1.0,1,5,0,0,0,0,,,0.0,2,2,1.0,1,0,0,0,0,,,0.0,2,2,1.0,1,1.3247999999999998,unidade-02-fundamentos-matematicos,16,6,0.375,winner_score=1.32
CG,cru,slab,0,1,1,1,0,1a,1a,algoritmos-de-geometria-computacional,algoritmos-de-geometria-computacional,5.038,3.448,1.5900000000000003,0.684398570861453,0.5643780862676214,3,5,1,2,2,2,alias,markdown_lead_text,2.8,2,2,1.0,2,1,2,2,2,alias,markdown_lead_text,2.8,2,2,1.0,2,5.038,unidade-02-fundamentos-matematicos,16,6,0.375,winner_score=1.32
CG,cru,exercicioduascores,0,1,1,0,0,1a,1a,cores-e-tipos-de-imagens,cores-e-tipos-de-imagens,0.14217984000000003,0.0,0.14217984000000003,0.0,1.0,1,6,0,0,0,0,,,0.0,3,1,0.3333333333333333,1,0,0,0,0,,,0.0,3,1,0.3333333333333333,1,0.14217984000000003,unidade-03-processamento-de-imagens-e-visao-computacional,17,5,0.29411764705882354,winner_score=0.14
CG,cru,video-sobre-origens-da-computacao-grafica-806e66,0,1,1,1,0,1a,1a,origens,origens,13.22,0.0,13.22,0.0,1.0,1,4,1,5,1,1,label,markdown_headings_text,4.4,1,1,1.0,1,1,5,1,1,label,markdown_headings_text,4.4,1,1,1.0,1,13.22,unidade-01-introducao-ao-processamento-grafico,12,3,0.25,winner_score=13.22
CG,cru,video-com-instrucoes-para-usar-opengl-na-vdi-da-pucrs-3a8758,0,1,1,1,0,1a,1a,aplicacoes,aplicacoes,7.056,0.0,7.056,0.0,1.0,1,4,1,3,1,1,alias,markdown_headings_text,4.4,2,1,0.5,2,1,3,1,1,alias,markdown_headings_text,4.4,2,1,0.5,2,7.056,unidade-01-introducao-ao-processamento-grafico,12,9,0.75,winner_score=7.06
CG,cru,pagina-com-videos-sobre-fundamentos-matematicos-para-computacao-grafica-d1d4a9,0,1,0,0,0,1a,1a,algoritmos-de-poligonos,algoritmos-de-poligonos,0.44064000000000003,0.12240000000000001,0.31824,0.2777777777777778,0.6428571428571429,3,5,0,0,0,0,,,0.0,1,1,1.0,1,0,0,0,0,,,0.0,1,1,1.0,1,0.44064000000000003,unidade-02-fundamentos-matematicos,16,4,0.25,winner_score=0.44
CG,cru,videos-sobre-algoritmos-de-detecao-de-colisao-bd7d84,0,1,0,0,1,vazio-sem-sinal,1a,,entidades-geometricas,0.0,0.0,0.0,1.0,0.0,0,5,0,0,0,0,,,0.0,2,0,0.0,1,0,0,0,0,,,0.0,0,0,0.0,0,0.0,unidade-02-fundamentos-matematicos,16,2,0.125,sem-sinal (winner_score=0)
CG,cru,pagina-com-videos-sobre-geometria-computacional-ebca9a,0,1,1,1,0,1a,1a,algoritmos-de-geometria-computacional,algoritmos-de-geometria-computacional,1.3247999999999998,0.0,1.3247999999999998,0.0,1.0,1,5,0,0,0,0,,,0.0,2,2,1.0,1,0,0,0,0,,,0.0,2,2,1.0,1,1.3247999999999998,unidade-02-fundamentos-matematicos,16,6,0.375,winner_score=1.32
CG,cru,pagina-com-videos-sobre-recorte-e257d3,0,1,1,1,0,1a,1a,recorte,recorte,14.16,0.01723392,14.14276608,0.0012170847457627118,0.9963620289200326,4,6,1,6,1,1,label,markdown_headings_text,4.4,1,1,1.0,1,1,6,1,1,label,markdown_headings_text,4.4,1,1,1.0,1,14.16,unidade-04-processo-de-visualizacao-2d,18,5,0.2777777777777778,winner_score=14.16
CG,cru,video-sobre-o-algoritmo-de-recorte-por-subdivisao-binaria-db7e2e,0,1,1,1,0,1a,1a,recorte,recorte,13.26,0.01723392,13.242766079999999,0.0012996923076923077,0.9961160668311125,4,6,1,5,1,1,label,markdown_headings_text,4.4,1,1,1.0,1,1,5,1,1,label,markdown_headings_text,4.4,1,1,1.0,1,13.26,unidade-04-processo-de-visualizacao-2d,18,5,0.2777777777777778,winner_score=13.26
CG,cru,pagina-com-videos-sobre-mapeamento-9f410e,0,0,0,0,1,vazio-empate-exato,1a,,2d-3d-mao-direita-e-mao-esquerda,0.019584,0.019584,0.0,1.0,0.25,4,6,0,0,0,0,,,0.0,5,0,0.0,3,0,0,0,0,,,0.0,0,0,0.0,0,0.0,unidade-04-processo-de-visualizacao-2d,18,3,0.16666666666666666,empate-exato 4x score=0.02
CG,cru,video-sobre-mapeamento-em-opengl-1dad3c,0,0,0,0,1,vazio-empate-exato,1a,,2d-3d-mao-direita-e-mao-esquerda,0.019584,0.019584,0.0,1.0,0.25,4,6,0,0,0,0,,,0.0,5,1,0.2,3,0,0,0,0,,,0.0,0,0,0.0,0,0.0,unidade-04-processo-de-visualizacao-2d,18,3,0.16666666666666666,empate-exato 4x score=0.02
CG,cru,pagina-com-videos-sobre-curvas-parametricas-63d902,0,1,1,1,0,1a,1a,representacao-de-curvas-parametricas,representacao-de-curvas-parametricas,11.959999999999997,7.696,4.263999999999998,0.6434782608695654,0.40815078482345235,13,15,1,5,2,2,alias,markdown_headings_text,4.4,3,2,0.6666666666666666,2,1,5,2,2,alias,markdown_headings_text,4.4,3,2,0.6666666666666666,2,11.959999999999997,unidade-07-representacao-e-modelagem-de-objetos,15,2,0.13333333333333333,winner_score=11.96
CG,cru,pagina-com-videos-sobre-manipulacao-de-imagens-61ddde,0,1,1,1,0,1a,1a,cores-e-tipos-de-imagens,cores-e-tipos-de-imagens,0.9072,0.12240000000000001,0.7847999999999999,0.13492063492063494,0.7874999999999999,3,6,0,0,0,0,,,0.0,3,2,0.6666666666666666,1,0,0,0,0,,,0.0,3,2,0.6666666666666666,1,0.9072,unidade-03-processamento-de-imagens-e-visao-computacional,17,5,0.29411764705882354,winner_score=0.91
CG,cru,pagina-com-videos-sobre-introducao-ao-processamento-de-imagens-61f156,0,1,0,0,0,2a-propagado,2a,segmentacao,segmentacao,7.836,4.8,3.0360000000000005,0.6125574272588055,0.573410607657183,4,6,1,4,3,3,alias,markdown_lead_text,2.8,9,3,0.3333333333333333,8,1,4,3,3,alias,markdown_lead_text,2.8,9,3,0.3333333333333333,8,7.836,unidade-03-processamento-de-imagens-e-visao-computacional,17,12,0.7058823529411765,winner_score=7.84|propagado-headings
CG,cru,pagina-com-videos-sobre-segmentacao-de-imagens-d0627f,0,1,1,1,0,1a,1a,segmentacao,segmentacao,13.47,0.107712,13.362288000000001,0.007996436525612471,0.9920669992116492,2,6,1,6,1,1,label,markdown_headings_text,4.4,4,1,0.25,3,1,6,1,1,label,markdown_headings_text,4.4,4,1,0.25,3,13.47,unidade-03-processamento-de-imagens-e-visao-computacional,17,12,0.7058823529411765,winner_score=13.47
CG,cru,pagina-com-videos-sobre-segmentacao-por-texturas-e03566,0,1,1,1,0,1a,1a,segmentacao,segmentacao,13.47,0.107712,13.362288000000001,0.007996436525612471,0.9842588727978031,3,6,1,6,1,1,label,markdown_headings_text,4.4,4,1,0.25,3,1,6,1,1,label,markdown_headings_text,4.4,4,1,0.25,3,13.47,unidade-03-processamento-de-imagens-e-visao-computacional,17,12,0.7058823529411765,winner_score=13.47
CG,cru,aula-gravada-975b85,0,1,1,1,0,2a-propagado,2a,segmentacao,segmentacao,3.448,0.0,3.448,0.0,1.0,1,6,1,2,1,1,alias,markdown_lead_text,2.8,9,1,0.1111111111111111,8,1,2,1,1,alias,markdown_lead_text,2.8,9,1,0.1111111111111111,8,3.448,unidade-03-processamento-de-imagens-e-visao-computacional,17,12,0.7058823529411765,winner_score=3.45|propagado-headings
CG,cru,pagina-com-videos-sobre-morfologia-matematica-06265a,0,0,1,1,0,2a-propagado,2a,segmentacao,segmentacao,7.656,0.0,7.656,0.0,1.0,1,6,1,4,1,1,alias,markdown_lead_text,2.8,9,2,0.2222222222222222,8,1,4,1,1,alias,markdown_lead_text,2.8,9,2,0.2222222222222222,8,7.656,unidade-03-processamento-de-imagens-e-visao-computacional,17,12,0.7058823529411765,winner_score=7.66|propagado-headings
CG,cru,video-sobre-prechimento-de-areas-duracao-330-defae7,0,0,1,1,0,1a,1a,segmentacao,segmentacao,0.12240000000000001,0.0,0.12240000000000001,0.0,1.0,1,6,0,0,0,0,,,0.0,4,1,0.25,3,0,0,0,0,,,0.0,4,1,0.25,3,0.12240000000000001,unidade-03-processamento-de-imagens-e-visao-computacional,17,12,0.7058823529411765,winner_score=0.12
CG,cru,video-sobre-prechimento-de-areas-duracao-1300-d87e5f,0,1,1,1,0,1a,1a,segmentacao,segmentacao,0.9072,0.12240000000000001,0.7847999999999999,0.13492063492063494,0.881118881118881,2,6,0,0,0,0,,,0.0,4,2,0.5,3,0,0,0,0,,,0.0,4,2,0.5,3,0.9072,unidade-03-processamento-de-imagens-e-visao-computacional,17,12,0.7058823529411765,winner_score=0.91
CG,cru,paginas-com-videos-sobre-modelagem-geometrica-f2614a,0,1,0,0,0,2a-rotulo,2a,geometria-solida-construtiva-csg,geometria-solida-construtiva-csg,8.578,5.78,2.797999999999999,0.6738167404989509,0.3696671909292688,15,15,1,4,4,4,label,markdown_lead_text,2.8,4,4,1.0,1,1,4,4,4,label,markdown_lead_text,2.8,4,4,1.0,1,8.578,unidade-07-representacao-e-modelagem-de-objetos,15,2,0.13333333333333333,winner_score=8.58|rotulo-decomposto
CG,cru,pagina-com-videos-sobre-visualizacao-3d-35a833,0,0,0,0,1,vazio-empate-exato,1a,,paralela,4.84,4.84,0.0,1.0,0.3076938725689641,10,11,1,2,1,1,label,markdown_lead_text,2.8,1,1,1.0,1,0,0,0,0,,,0.0,0,0,0.0,0,0.0,unidade-06-processo-de-visualizacao-3d,10,5,0.5,empate-exato 2x score=4.84
CG,cru,pagina-com-videos-sobre-remocao-de-elementos-ocultos-20c34a,0,1,1,1,0,2a-rotulo,2a,algoritmos-de-remocao-de-elementos-ocultos,algoritmos-de-remocao-de-elementos-ocultos,12.719999999999999,5.78,6.939999999999999,0.4544025157232705,0.5080206556725458,8,11,1,5,4,4,alias,markdown_headings_text,4.4,3,3,1.0,2,1,5,4,4,alias,markdown_headings_text,4.4,3,3,1.0,2,12.719999999999999,unidade-06-processo-de-visualizacao-3d,10,1,0.1,winner_score=12.72|rotulo-decomposto
CG,cru,pagina-com-videos-sobre-sintese-de-imagens-realisticas-a6d9ea,0,1,1,0,0,1a,1a,modelos-de-reflexao-ambiente-difusa-especular,modelos-de-reflexao-ambiente-difusa-especular,12.094,7.656,4.438,0.6330411774433603,0.4945854871425768,5,5,1,6,1,1,alias,markdown_lead_text,2.8,5,5,1.0,5,1,6,1,1,alias,markdown_lead_text,2.8,5,5,1.0,5,12.094,unidade-08-sintese-de-imagens-realisticas,5,4,0.8,winner_score=1.80
CG,produto,intro,0,0,1,1,0,2a-secao,2a,origens,origens,0.0,0.0,0.0,1.0,0.0,0,4,0,0,0,0,,,0.0,10,0,0.0,6,0,0,0,0,,,0.0,10,0,0.0,6,0.0,unidade-01-introducao-ao-processamento-grafico,12,3,0.25,sem-sinal (winner_score=0)|secao-nomeia-subtopico
CG,produto,origensdacomputacaografica,0,1,1,1,0,1a,1a,origens,origens,49.95000000000001,0.0,49.95000000000001,0.0,1.0,1,4,1,20,4,1,label,markdown_headings_text,4.4,10,10,1.0,6,1,20,4,1,label,markdown_headings_text,4.4,10,10,1.0,6,49.95000000000001,unidade-01-introducao-ao-processamento-grafico,12,3,0.25,winner_score=49.95
CG,produto,segmentacaopptx,0,1,1,1,0,1a,1a,segmentacao,segmentacao,54.28000000000001,12.575999999999999,41.70400000000001,0.23168754605747968,0.7193024303623017,3,6,1,22,4,1,label,markdown_headings_text,4.4,24,14,0.5833333333333334,18,1,22,4,1,label,markdown_headings_text,4.4,24,14,0.5833333333333334,18,54.28000000000001,unidade-03-processamento-de-imagens-e-visao-computacional,17,11,0.6470588235294118,winner_score=54.28
CG,produto,segmentacaodetexturas,0,1,1,1,0,1a,1a,segmentacao,segmentacao,61.412000000000006,6.31,55.102000000000004,0.1027486484726112,0.8762263630619079,5,6,1,26,8,1,label,markdown_headings_text,4.4,24,19,0.7916666666666666,18,1,26,8,1,label,markdown_headings_text,4.4,24,19,0.7916666666666666,18,61.412000000000006,unidade-03-processamento-de-imagens-e-visao-computacional,17,11,0.6470588235294118,winner_score=61.41
CG,produto,morfologiamatematicapptx,0,0,1,1,0,2a-propagado,2a,segmentacao,segmentacao,4.268,0.0,4.268,0.0,1.0,1,6,1,2,1,1,alias,title_text,3.8,28,1,0.03571428571428571,22,1,2,1,1,alias,title_text,3.8,28,1,0.03571428571428571,22,4.268,unidade-03-processamento-de-imagens-e-visao-computacional,17,11,0.6470588235294118,winner_score=4.27|propagado-headings
CG,produto,csg,0,0,1,1,0,1a,1a,geometria-solida-construtiva-csg,geometria-solida-construtiva-csg,6.22,0.12240000000000001,6.0976,0.019678456591639873,0.9456612696065075,14,15,1,2,4,4,label,markdown_lead_text,2.8,4,4,1.0,0,1,2,4,4,label,markdown_lead_text,2.8,4,4,1.0,0,6.22,unidade-07-representacao-e-modelagem-de-objetos,15,2,0.13333333333333333,winner_score=6.22
CG,produto,modelagem3d,0,0,1,0,0,1a,1a,representacao-aramada,representacao-aramada,5.78,4.498,1.282,0.7782006920415225,0.24928543924611954,15,15,1,2,2,2,label,markdown_lead_text,2.8,2,2,1.0,0,1,2,2,2,label,markdown_lead_text,2.8,2,2,1.0,0,5.78,unidade-07-representacao-e-modelagem-de-objetos,15,1,0.06666666666666667,winner_score=5.78
CG,produto,atividade,0,0,1,1,0,1a,1a,conceito-de-camera-sintetica,conceito-de-camera-sintetica,4.458,0.019584,4.438416,0.00439300134589502,0.9701664037772507,8,11,1,2,1,1,alias,markdown_lead_text,2.8,9,2,0.2222222222222222,7,1,2,1,1,alias,markdown_lead_text,2.8,9,2,0.2222222222222222,7,4.458,unidade-06-processo-de-visualizacao-3d,10,2,0.2,winner_score=4.46
CG,produto,basico3d-py,0,1,0,0,0,1a,1a,perspectiva,perspectiva,8.977999999999998,3.448,5.529999999999998,0.3840498997549566,0.7044426443520828,9,11,1,4,2,1,label,markdown_lead_text,2.8,2,2,1.0,2,1,4,2,1,label,markdown_lead_text,2.8,2,2,1.0,2,8.977999999999998,unidade-06-processo-de-visualizacao-3d,10,1,0.1,winner_score=8.98
CG,produto,opengl3d,0,0,1,1,0,1a,1a,conceito-de-camera-sintetica,conceito-de-camera-sintetica,14.377999999999998,6.6819999999999995,7.695999999999999,0.46473779385171793,0.47114537675901275,10,11,1,6,3,2,alias,markdown_headings_text,4.4,9,7,0.7777777777777778,7,1,6,3,2,alias,markdown_headings_text,4.4,9,7,0.7777777777777778,7,14.377999999999998,unidade-06-processo-de-visualizacao-3d,10,2,0.2,winner_score=14.38
CG,produto,opengl3dcpp-vdi,0,0,0,0,0,1a,1a,paralela,paralela,12.395999999999997,8.977999999999998,3.4179999999999993,0.7242658922232978,0.41500797393830285,10,11,1,6,3,1,label,markdown_lead_text,2.8,3,3,1.0,3,1,6,3,1,label,markdown_lead_text,2.8,3,3,1.0,3,12.395999999999997,unidade-06-processo-de-visualizacao-3d,10,4,0.4,winner_score=12.40
CG,produto,opengl3dcpp,0,0,0,0,0,1a,1a,paralela,paralela,12.395999999999997,8.977999999999998,3.4179999999999993,0.7242658922232978,0.41500797393830285,10,11,1,6,3,1,label,markdown_lead_text,2.8,3,3,1.0,3,1,6,3,1,label,markdown_lead_text,2.8,3,3,1.0,3,12.395999999999997,unidade-06-processo-de-visualizacao-3d,10,4,0.4,winner_score=12.40
CG,produto,vis3d,0,0,1,0,0,1a,1a,paralela,paralela,24.232,22.898000000000007,1.3339999999999925,0.9449488279960386,0.23599961023367116,10,11,1,10,3,1,label,markdown_headings_text,4.4,3,3,1.0,3,1,10,3,1,label,markdown_headings_text,4.4,3,3,1.0,3,24.232,unidade-06-processo-de-visualizacao-3d,10,4,0.4,winner_score=24.23|ambiguous
CG,produto,basico3d-cpp,0,1,1,0,0,1a,1a,bezier-e-algoritmo-de-casteljau,bezier-e-algoritmo-de-casteljau,7.096,0.107712,6.988288,0.015179255918827508,0.9575577583294358,14,15,1,3,1,1,alias,markdown_headings_text,4.4,3,1,0.3333333333333333,3,1,3,1,1,alias,markdown_headings_text,4.4,3,1,0.3333333333333333,3,7.096,unidade-07-representacao-e-modelagem-de-objetos,15,8,0.5333333333333333,winner_score=7.10
CG,produto,basico3d-py-zip,0,0,1,1,0,1a,1a,tecnicas-de-modelagem-3d,tecnicas-de-modelagem-3d,0.107712,0.01723392,0.09047808,0.16,0.3246753246753245,14,15,0,0,0,0,,,0.0,3,1,0.3333333333333333,0,0,0,0,0,,,0.0,3,1,0.3333333333333333,0,0.107712,unidade-07-representacao-e-modelagem-de-objetos,15,2,0.13333333333333333,winner_score=0.11
CG,produto,exerciciodemodelagem,0,1,1,0,0,1a,1a,tecnicas-de-modelagem-3d,tecnicas-de-modelagem-3d,0.9648,0.01723392,0.94756608,0.01786268656716418,0.8115467354018489,14,15,0,0,0,0,,,0.0,3,2,0.6666666666666666,0,0,0,0,0,,,0.0,3,2,0.6666666666666666,0,0.9648,unidade-07-representacao-e-modelagem-de-objetos,15,2,0.13333333333333333,winner_score=0.96
CG,produto,elemoculto,0,1,1,1,0,2a-rotulo,2a,algoritmos-de-remocao-de-elementos-ocultos,algoritmos-de-remocao-de-elementos-ocultos,16.331999999999997,10.18,6.1519999999999975,0.6233161890766594,0.3020764714451957,11,11,1,6,4,4,alias,markdown_headings_text,4.4,6,6,1.0,3,1,6,4,4,alias,markdown_headings_text,4.4,6,6,1.0,3,16.331999999999997,unidade-06-processo-de-visualizacao-3d,10,2,0.2,winner_score=16.33|rotulo-decomposto
CG,produto,exemplozbuffer,0,1,1,1,0,1a,1a,algoritmo-z-buffer,algoritmo-z-buffer,0.141984,0.019584,0.1224,0.13793103448275862,0.5471698113207548,7,11,0,0,0,0,,,0.0,2,1,0.5,1,0,0,0,0,,,0.0,2,1,0.5,1,0.141984,unidade-06-processo-de-visualizacao-3d,10,1,0.1,winner_score=0.14
CG,produto,iluminacao,0,1,1,0,0,2a-rotulo,2a,modelos-de-reflexao-ambiente-difusa-especular,modelos-de-reflexao-ambiente-difusa-especular,15.291999999999996,6.622,8.669999999999996,0.4330368820298196,0.5771785735853615,4,5,1,8,3,3,alias,markdown_lead_text,2.8,5,5,1.0,5,1,8,3,3,alias,markdown_lead_text,2.8,5,5,1.0,5,15.291999999999996,unidade-08-sintese-de-imagens-realisticas,5,4,0.8,winner_score=15.29|rotulo-decomposto
CG,produto,programabasico3d,0,1,0,0,0,2a-rotulo,2a,metodos-de-sombreamento-flat-gouraud-phong,metodos-de-sombreamento-flat-gouraud-phong,3.448,1.1520000000000001,2.296,0.3341067285382831,0.7495652173913044,2,5,1,2,1,1,alias,markdown_lead_text,2.8,5,1,0.2,4,1,2,1,1,alias,markdown_lead_text,2.8,5,1,0.2,4,3.448,unidade-08-sintese-de-imagens-realisticas,5,1,0.2,winner_score=3.45|rotulo-decomposto
CG,produto,exercicios,0,0,1,1,0,1a,1a,aplicacoes,aplicacoes,7.136,0.0,7.136,0.0,1.0,1,4,1,3,1,1,alias,markdown_headings_text,4.4,2,1,0.5,2,1,3,1,1,alias,markdown_headings_text,4.4,2,1,0.5,2,7.136,unidade-01-introducao-ao-processamento-grafico,12,9,0.75,winner_score=7.14
CG,produto,opengl-cpp,0,0,1,1,0,2a-propagado,2a,aplicacoes,aplicacoes,26.134000000000004,4.8,21.334000000000003,0.18366878395959282,0.84483093036788,2,4,1,13,1,1,alias,markdown_headings_text,4.4,7,6,0.8571428571428571,7,1,13,1,1,alias,markdown_headings_text,4.4,7,6,0.8571428571428571,7,26.134000000000004,unidade-01-introducao-ao-processamento-grafico,12,9,0.75,winner_score=26.13|propagado-headings
CG,produto,opengl-py,0,0,1,1,0,2a-propagado,2a,aplicacoes,aplicacoes,28.860000000000003,4.8,24.060000000000002,0.1663201663201663,0.857397504456328,2,4,1,14,1,1,alias,markdown_headings_text,4.4,7,5,0.7142857142857143,7,1,14,1,1,alias,markdown_headings_text,4.4,7,5,0.7142857142857143,7,28.860000000000003,unidade-01-introducao-ao-processamento-grafico,12,9,0.75,winner_score=28.86|propagado-headings
CG,produto,openglbasico,0,0,1,1,0,1a,1a,aplicacoes,aplicacoes,9.745999999999999,0.12240000000000001,9.623599999999998,0.01255899856351324,0.9875967735397835,2,4,1,4,1,1,alias,markdown_headings_text,4.4,2,2,1.0,2,1,4,1,1,alias,markdown_headings_text,4.4,2,2,1.0,2,9.745999999999999,unidade-01-introducao-ao-processamento-grafico,12,9,0.75,winner_score=9.75
CG,produto,exercicio-com-animacao,0,0,0,0,1,vazio-empate-exato,1a,,entidades-geometricas,3.528,3.528,0.0,1.0,0.49012390332276,3,5,1,2,1,1,alias,markdown_lead_text,2.8,8,1,0.125,7,0,0,0,0,,,0.0,0,0,0.0,0,0.0,unidade-02-fundamentos-matematicos,16,1,0.0625,empate-exato 2x score=3.53
CG,produto,exercicio-com-poligonos,0,1,1,1,0,1a,1a,algoritmos-de-poligonos,algoritmos-de-poligonos,15.377999999999997,0.0,15.377999999999997,0.0,1.0,1,5,1,7,1,1,alias,markdown_headings_text,4.4,7,3,0.42857142857142855,7,1,7,1,1,alias,markdown_headings_text,4.4,7,3,0.42857142857142855,7,15.377999999999997,unidade-02-fundamentos-matematicos,16,4,0.25,winner_score=15.38
CG,produto,exercicio-de-animacao-foguete,0,0,1,0,0,1a,1a,algoritmos-de-poligonos,algoritmos-de-poligonos,3.528,0.14217984000000003,3.38582016,0.040300408163265314,0.9612607975090398,2,5,1,2,1,1,alias,markdown_lead_text,2.8,7,1,0.14285714285714285,7,1,2,1,1,alias,markdown_lead_text,2.8,7,1,0.14285714285714285,7,3.528,unidade-02-fundamentos-matematicos,16,4,0.25,winner_score=3.53
CG,produto,fundamentosmatematicos,0,0,1,1,0,1a,1a,entidades-geometricas,entidades-geometricas,32.4024,6.17,26.2324,0.1904179937288596,0.7520819987187699,4,5,1,15,1,1,alias,markdown_headings_text,4.4,8,5,0.625,7,1,15,1,1,alias,markdown_headings_text,4.4,8,5,0.625,7,32.4024,unidade-02-fundamentos-matematicos,16,3,0.1875,winner_score=32.40
CG,produto,matematica,0,0,1,0,0,1a,1a,entidades-geometricas,entidades-geometricas,3.448,0.0,3.448,0.0,1.0,1,5,1,2,1,1,alias,markdown_lead_text,2.8,8,1,0.125,7,1,2,1,1,alias,markdown_lead_text,2.8,8,1,0.125,7,3.448,unidade-02-fundamentos-matematicos,16,3,0.1875,winner_score=3.45
CG,produto,colisao,0,1,1,1,0,1a,1a,algoritmos-de-deteccao-e-calculo-de-interseccao,algoritmos-de-deteccao-e-calculo-de-interseccao,48.208000000000006,5.77,42.438,0.11968967806173247,0.8263365781602506,5,5,1,20,4,1,alias,markdown_headings_text,4.4,16,15,0.9375,8,1,20,4,1,alias,markdown_headings_text,4.4,16,15,0.9375,8,48.208000000000006,unidade-02-fundamentos-matematicos,16,2,0.125,winner_score=48.21
CG,produto,geomcomp,0,1,1,1,0,2a-rotulo,2a,algoritmos-de-geometria-computacional,algoritmos-de-geometria-computacional,16.081999999999997,4.458,11.623999999999997,0.27720432781992294,0.667015064038755,4,5,1,8,4,1,alias,markdown_headings_text,4.4,5,3,0.6,4,1,8,4,1,alias,markdown_headings_text,4.4,5,3,0.6,4,16.081999999999997,unidade-02-fundamentos-matematicos,16,6,0.375,winner_score=16.08|rotulo-decomposto
CG,produto,animacao-v2,0,0,0,0,0,1a,1a,desenho-de-linhas,desenho-de-linhas,1.3536,1.0368,0.31679999999999997,0.7659574468085106,0.5542766571692739,5,6,0,0,0,0,,,0.0,2,2,1.0,1,0,0,0,0,,,0.0,2,2,1.0,1,1.3536,unidade-04-processo-de-visualizacao-2d,18,7,0.3888888888888889,winner_score=1.35
CG,produto,exercicios-teoricos-sobre-processo-de-visualizacao-2d,0,1,0,0,0,1a,1a,desenho-de-linhas,desenho-de-linhas,1.4112,0.9936,0.41759999999999997,0.7040816326530612,0.5785342539505626,4,6,0,0,0,0,,,0.0,2,2,1.0,1,0,0,0,0,,,0.0,2,2,1.0,1,1.4112,unidade-04-processo-de-visualizacao-2d,18,7,0.3888888888888889,winner_score=1.41
CG,produto,instanciamento,0,0,0,0,0,1a,1a,2d-3d-mao-direita-e-mao-esquerda,2d-3d-mao-direita-e-mao-esquerda,8.286,6.13,2.1559999999999997,0.73980207579049,0.5676449762254993,5,6,1,3,2,2,alias,markdown_headings_text,4.4,7,3,0.42857142857142855,4,1,3,2,2,alias,markdown_headings_text,4.4,7,3,0.42857142857142855,4,8.286,unidade-04-processo-de-visualizacao-2d,18,2,0.1111111111111111,winner_score=8.29
CG,produto,mapeamento,0,0,1,1,0,1a,1a,sistema-de-coordenadas-cartesianas,sistema-de-coordenadas-cartesianas,14.557999999999998,8.106,6.451999999999998,0.5568072537436461,0.5388744741550501,5,6,1,6,3,3,alias,markdown_headings_text,4.4,9,8,0.8888888888888888,5,1,6,3,3,alias,markdown_headings_text,4.4,9,8,0.8888888888888888,5,14.557999999999998,unidade-04-processo-de-visualizacao-2d,18,3,0.16666666666666666,winner_score=14.56
CG,produto,pagina-com-videos-sobre-instanciamento,0,1,0,0,0,1a,1a,desenho-de-linhas,desenho-de-linhas,1.3536,0.12240000000000001,1.2311999999999999,0.09042553191489362,0.8819665978607617,5,6,0,0,0,0,,,0.0,2,2,1.0,1,0,0,0,0,,,0.0,2,2,1.0,1,1.3536,unidade-04-processo-de-visualizacao-2d,18,7,0.3888888888888889,winner_score=1.35
CG,produto,recorte,0,1,1,1,0,1a,1a,recorte,recorte,27.076,8.466,18.61,0.31267543211700394,0.6188774560246469,5,6,1,11,4,1,label,markdown_headings_text,4.4,5,5,1.0,3,1,11,4,1,label,markdown_headings_text,4.4,5,5,1.0,3,27.076,unidade-04-processo-de-visualizacao-2d,18,4,0.2222222222222222,winner_score=27.08
CG,produto,transformacoesgeometricas,0,0,0,0,0,1a,1a,desenho-de-linhas,desenho-de-linhas,0.12494592,0.107712,0.01723392,0.8620689655172414,0.43939393939393934,5,6,0,0,0,0,,,0.0,2,1,0.5,1,0,0,0,0,,,0.0,2,1,0.5,1,0.12494592,unidade-04-processo-de-visualizacao-2d,18,7,0.3888888888888889,winner_score=0.12
CG,produto,transformacoesgl,0,0,0,0,0,1a,1a,sistema-de-coordenadas-cartesianas,sistema-de-coordenadas-cartesianas,0.9072,0.019584,0.887616,0.02158730158730159,0.9205143191116305,5,6,0,0,0,0,,,0.0,9,2,0.2222222222222222,5,0,0,0,0,,,0.0,9,2,0.2222222222222222,5,0.9072,unidade-04-processo-de-visualizacao-2d,18,3,0.16666666666666666,winner_score=0.91
CG,produto,vis2d,0,0,1,0,0,1a,1a,recorte,recorte,8.81,8.286,0.5240000000000009,0.9405221339387059,0.34069595045374734,5,6,1,4,1,1,label,markdown_headings_text,4.4,5,1,0.2,3,1,4,1,1,label,markdown_headings_text,4.4,5,1,0.2,3,8.81,unidade-04-processo-de-visualizacao-2d,18,4,0.2222222222222222,winner_score=8.81|ambiguous
CG,produto,bezier-animacao,0,1,1,1,0,1a,1a,bezier-e-algoritmo-de-casteljau,bezier-e-algoritmo-de-casteljau,10.949999999999998,0.12494592,10.825054079999997,0.011410586301369865,0.9720787865968215,13,15,1,5,1,1,alias,markdown_headings_text,4.4,3,1,0.3333333333333333,3,1,5,1,1,alias,markdown_headings_text,4.4,3,1,0.3333333333333333,3,10.949999999999998,unidade-07-representacao-e-modelagem-de-objetos,15,8,0.5333333333333333,winner_score=10.95
CG,produto,bezier-cpp,0,0,1,1,0,1a,1a,bezier-e-algoritmo-de-casteljau,bezier-e-algoritmo-de-casteljau,10.949999999999998,0.12494592,10.825054079999997,0.011410586301369865,0.9720787865968215,13,15,1,5,1,1,alias,markdown_headings_text,4.4,3,1,0.3333333333333333,3,1,5,1,1,alias,markdown_headings_text,4.4,3,1,0.3333333333333333,3,10.949999999999998,unidade-07-representacao-e-modelagem-de-objetos,15,8,0.5333333333333333,winner_score=10.95
CG,produto,bezier-py,0,1,1,1,0,1a,1a,bezier-e-algoritmo-de-casteljau,bezier-e-algoritmo-de-casteljau,10.949999999999998,0.12494592,10.825054079999997,0.011410586301369865,0.9720787865968215,13,15,1,5,1,1,alias,markdown_headings_text,4.4,3,1,0.3333333333333333,3,1,5,1,1,alias,markdown_headings_text,4.4,3,1,0.3333333333333333,3,10.949999999999998,unidade-07-representacao-e-modelagem-de-objetos,15,8,0.5333333333333333,winner_score=10.95
CG,produto,bezier-python,0,1,1,1,0,1a,1a,bezier-e-algoritmo-de-casteljau,bezier-e-algoritmo-de-casteljau,10.949999999999998,0.12494592,10.825054079999997,0.011410586301369865,0.9720787865968215,13,15,1,5,1,1,alias,markdown_headings_text,4.4,3,1,0.3333333333333333,3,1,5,1,1,alias,markdown_headings_text,4.4,3,1,0.3333333333333333,3,10.949999999999998,unidade-07-representacao-e-modelagem-de-objetos,15,8,0.5333333333333333,winner_score=10.95
CG,produto,curvas,0,0,1,0,0,2a-propagado,2a,bezier-e-algoritmo-de-casteljau,bezier-e-algoritmo-de-casteljau,6.482,5.298,1.1840000000000002,0.8173403270595495,0.30537881294798636,15,15,1,4,1,1,alias,markdown_lead_text,2.8,11,3,0.2727272727272727,12,1,4,1,1,alias,markdown_lead_text,2.8,11,3,0.2727272727272727,12,6.482,unidade-07-representacao-e-modelagem-de-objetos,15,8,0.5333333333333333,winner_score=6.48|propagado-headings
CG,produto,curvasparametricas,0,1,1,1,0,1a,1a,representacao-de-curvas-parametricas,representacao-de-curvas-parametricas,12.4224,6.712,5.7104,0.5403142709943328,0.35409111787879366,15,15,1,6,4,2,alias,markdown_headings_text,4.4,3,3,1.0,2,1,6,4,2,alias,markdown_headings_text,4.4,3,3,1.0,2,12.4224,unidade-07-representacao-e-modelagem-de-objetos,15,2,0.13333333333333333,winner_score=12.42
CG,produto,exercicios-sobre-curvas,0,0,1,0,0,2a-propagado,2a,bezier-e-algoritmo-de-casteljau,bezier-e-algoritmo-de-casteljau,11.153999999999998,4.92,6.233999999999998,0.4410973641742873,0.4611659900936288,14,15,1,6,1,1,alias,markdown_lead_text,2.8,11,3,0.2727272727272727,12,1,6,1,1,alias,markdown_lead_text,2.8,11,3,0.2727272727272727,12,11.153999999999998,unidade-07-representacao-e-modelagem-de-objetos,15,8,0.5333333333333333,winner_score=11.15|propagado-headings
CG,produto,floodfill,0,0,1,1,0,1a,1a,segmentacao,segmentacao,15.639999999999995,0.14217984000000003,15.497820159999995,0.009090782608695657,0.9909911152045268,2,6,1,8,3,1,alias,markdown_headings_text,4.4,24,4,0.16666666666666666,18,1,8,3,1,alias,markdown_headings_text,4.4,24,4,0.16666666666666666,18,15.639999999999995,unidade-03-processamento-de-imagens-e-visao-computacional,17,11,0.6470588235294118,winner_score=15.64
CG,produto,img,0,1,1,1,0,2a-rotulo,2a,cores-e-tipos-de-imagens,cores-e-tipos-de-imagens,8.196,5.7860000000000005,2.4099999999999993,0.7059541239629088,0.4333573029905673,5,6,1,4,3,1,alias,markdown_lead_text,2.8,6,5,0.8333333333333334,5,1,4,3,1,alias,markdown_lead_text,2.8,6,5,0.8333333333333334,5,8.196,unidade-03-processamento-de-imagens-e-visao-computacional,17,3,0.17647058823529413,winner_score=8.20|rotulo-decomposto
CG,produto,remocaoderuido,0,0,1,1,0,1a,1a,filtros,filtros,11.571999999999997,0.9648,10.607199999999997,0.08337366055997236,0.9126917264662201,3,6,1,5,3,3,alias,title_text,3.8,13,6,0.46153846153846156,11,1,5,3,3,alias,title_text,3.8,13,6,0.46153846153846156,11,11.571999999999997,unidade-03-processamento-de-imagens-e-visao-computacional,17,3,0.17647058823529413,winner_score=11.57
CG,produto,exercicios-de-processamento-de-imagens,0,1,1,0,0,1a,1a,cores-e-tipos-de-imagens,cores-e-tipos-de-imagens,0.9648,0.14217984000000003,0.8226201599999999,0.1473671641791045,0.8715605877700537,2,6,0,0,0,0,,,0.0,6,2,0.3333333333333333,3,0,0,0,0,,,0.0,6,2,0.3333333333333333,3,0.9648,unidade-03-processamento-de-imagens-e-visao-computacional,17,3,0.17647058823529413,winner_score=0.96
CG,produto,introducaoprocimg,0,1,1,1,0,1a,1a,filtros,filtros,72.42,18.528,53.892,0.2558409279204639,0.7943975425933978,4,6,1,30,4,1,label,markdown_headings_text,4.4,13,13,1.0,11,1,30,4,1,label,markdown_headings_text,4.4,13,13,1.0,11,72.42,unidade-03-processamento-de-imagens-e-visao-computacional,17,3,0.17647058823529413,winner_score=72.42
CG,produto,exercicios-de-geometria-computacional,0,0,1,1,0,2a-titulo,2a,algoritmos-de-geometria-computacional,entidades-geometricas,7.736,0.9648,6.771199999999999,0.12471561530506722,0.8748182332167344,3,5,1,4,1,1,alias,markdown_lead_text,2.8,8,2,0.25,7,0,0,0,0,,,0.0,5,2,0.4,3,0.9648,unidade-02-fundamentos-matematicos,16,6,0.375,winner_score=7.74|titulo-nomeia-subtopico
CG,produto,exercicios-sobre-curvas-html,0,0,1,0,0,2a-propagado,2a,bezier-e-algoritmo-de-casteljau,bezier-e-algoritmo-de-casteljau,11.153999999999998,4.92,6.233999999999998,0.4410973641742873,0.4611659900936288,14,15,1,6,1,1,alias,markdown_lead_text,2.8,11,3,0.2727272727272727,12,1,6,1,1,alias,markdown_lead_text,2.8,11,3,0.2727272727272727,12,11.153999999999998,unidade-07-representacao-e-modelagem-de-objetos,15,8,0.5333333333333333,winner_score=11.15|propagado-headings
CG,produto,exercicios-teoricos-sobre-processo-de-visualizacao-2d-html,0,1,0,0,0,1a,1a,desenho-de-linhas,desenho-de-linhas,1.4112,0.9936,0.41759999999999997,0.7040816326530612,0.5785342539505626,4,6,0,0,0,0,,,0.0,2,2,1.0,1,0,0,0,0,,,0.0,2,2,1.0,1,1.4112,unidade-04-processo-de-visualizacao-2d,18,7,0.3888888888888889,winner_score=1.41
CG,produto,exerciciosfundamentosmatematicos,0,0,1,1,0,1a,1a,algoritmos-de-poligonos,algoritmos-de-poligonos,36.089999999999996,14.721999999999996,21.368000000000002,0.40792463286228864,0.612130669290003,3,5,1,15,3,3,alias,markdown_headings_text,4.4,7,6,0.8571428571428571,7,1,15,3,3,alias,markdown_headings_text,4.4,7,6,0.8571428571428571,7,36.089999999999996,unidade-02-fundamentos-matematicos,16,4,0.25,winner_score=36.09
CG,produto,domina,0,1,1,1,0,2a-titulo,2a,algoritmos-de-geometria-computacional,entidades-geometricas,3.448,0.9072,2.5408,0.2631090487238979,0.7700553868143649,3,5,1,2,1,1,alias,markdown_lead_text,2.8,8,1,0.125,7,0,0,0,0,,,0.0,5,2,0.4,3,0.9072,unidade-02-fundamentos-matematicos,16,6,0.375,winner_score=3.45|titulo-nomeia-subtopico
CG,produto,planesweep,0,1,1,1,0,1a,1a,algoritmos-de-geometria-computacional,algoritmos-de-geometria-computacional,0.9072,0.0,0.9072,0.0,1.0,1,5,0,0,0,0,,,0.0,5,2,0.4,3,0,0,0,0,,,0.0,5,2,0.4,3,0.9072,unidade-02-fundamentos-matematicos,16,6,0.375,winner_score=0.91
CG,produto,slab,0,1,1,1,0,2a-secao,2a,algoritmos-de-geometria-computacional,algoritmos-de-poligonos,11.393999999999998,11.033999999999999,0.35999999999999943,0.9684044233807267,0.4237893327382281,3,5,1,6,3,3,alias,markdown_lead_text,2.8,7,5,0.7142857142857143,7,1,2,2,2,alias,markdown_lead_text,2.8,5,2,0.4,4,4.458,unidade-02-fundamentos-matematicos,16,6,0.375,winner_score=11.39|secao-nomeia-subtopico
CG,produto,exercicioduascores,0,1,1,0,0,2a-rotulo,2a,cores-e-tipos-de-imagens,cores-e-tipos-de-imagens,3.4459999999999997,0.14217984000000003,3.30382016,0.04125938479396403,0.9603754977899882,2,6,1,1,1,1,alias,title_text,3.8,6,1,0.16666666666666666,5,1,1,1,1,alias,title_text,3.8,6,1,0.16666666666666666,5,3.4459999999999997,unidade-03-processamento-de-imagens-e-visao-computacional,17,3,0.17647058823529413,winner_score=3.45|rotulo-decomposto
CG,produto,video-sobre-origens-da-computacao-grafica-806e66,0,1,1,1,0,1a,1a,origens,origens,12.57,0.0,12.57,0.0,1.0,1,4,1,5,1,1,label,markdown_headings_text,4.4,10,1,0.1,6,1,5,1,1,label,markdown_headings_text,4.4,10,1,0.1,6,12.57,unidade-01-introducao-ao-processamento-grafico,12,3,0.25,winner_score=12.57
CG,produto,video-com-instrucoes-para-usar-opengl-na-vdi-da-pucrs-3a8758,0,1,1,1,0,1a,1a,aplicacoes,aplicacoes,7.056,0.0,7.056,0.0,1.0,1,4,1,3,1,1,alias,markdown_headings_text,4.4,2,1,0.5,2,1,3,1,1,alias,markdown_headings_text,4.4,2,1,0.5,2,7.056,unidade-01-introducao-ao-processamento-grafico,12,9,0.75,winner_score=7.06
CG,produto,pagina-com-videos-sobre-fundamentos-matematicos-para-computacao-grafica-d1d4a9,0,1,0,0,0,1a,1a,algoritmos-de-poligonos,algoritmos-de-poligonos,18.929999999999996,11.033999999999999,7.895999999999997,0.5828843106180667,0.6266385953761818,4,5,1,10,3,3,alias,markdown_lead_text,2.8,7,7,1.0,7,1,10,3,3,alias,markdown_lead_text,2.8,7,7,1.0,7,18.929999999999996,unidade-02-fundamentos-matematicos,16,4,0.25,winner_score=18.93
CG,produto,videos-sobre-algoritmos-de-detecao-de-colisao-bd7d84,0,1,1,1,0,1a,1a,algoritmos-de-deteccao-e-calculo-de-interseccao,algoritmos-de-deteccao-e-calculo-de-interseccao,25.612000000000002,0.0,25.612000000000002,0.0,1.0,1,5,1,13,3,1,alias,markdown_headings_text,4.4,16,7,0.4375,8,1,13,3,1,alias,markdown_headings_text,4.4,16,7,0.4375,8,25.612000000000002,unidade-02-fundamentos-matematicos,16,2,0.125,winner_score=25.61
CG,produto,pagina-com-videos-sobre-geometria-computacional-ebca9a,0,1,1,1,0,1a,1a,algoritmos-de-geometria-computacional,algoritmos-de-geometria-computacional,0.9072,0.0,0.9072,0.0,1.0,1,5,0,0,0,0,,,0.0,5,2,0.4,3,0,0,0,0,,,0.0,5,2,0.4,3,0.9072,unidade-02-fundamentos-matematicos,16,6,0.375,winner_score=0.91
CG,produto,pagina-com-videos-sobre-recorte-e257d3,0,1,1,1,0,1a,1a,recorte,recorte,13.51,0.01723392,13.492766079999999,0.0012756417468541821,0.9961876642832174,4,6,1,6,1,1,label,markdown_headings_text,4.4,5,1,0.2,3,1,6,1,1,label,markdown_headings_text,4.4,5,1,0.2,3,13.51,unidade-04-processo-de-visualizacao-2d,18,4,0.2222222222222222,winner_score=13.51
CG,produto,video-sobre-o-algoritmo-de-recorte-por-subdivisao-binaria-db7e2e,0,1,1,1,0,1a,1a,recorte,recorte,13.62,0.12494592,13.49505408,0.009173709251101322,0.9884310201597429,4,6,1,5,1,1,label,markdown_headings_text,4.4,5,2,0.4,3,1,5,1,1,label,markdown_headings_text,4.4,5,2,0.4,3,13.62,unidade-04-processo-de-visualizacao-2d,18,4,0.2222222222222222,winner_score=13.62
CG,produto,pagina-com-videos-sobre-mapeamento-9f410e,0,0,0,0,1,vazio-empate-exato,1a,,2d-3d-mao-direita-e-mao-esquerda,0.019584,0.019584,0.0,1.0,0.25,4,6,0,0,0,0,,,0.0,7,0,0.0,4,0,0,0,0,,,0.0,0,0,0.0,0,0.0,unidade-04-processo-de-visualizacao-2d,18,2,0.1111111111111111,empate-exato 4x score=0.02
CG,produto,video-sobre-mapeamento-em-opengl-1dad3c,0,0,0,0,0,1a,1a,2d-3d-mao-direita-e-mao-esquerda,2d-3d-mao-direita-e-mao-esquerda,0.141984,0.019584,0.1224,0.13793103448275862,0.7073170731707318,4,6,0,0,0,0,,,0.0,7,2,0.2857142857142857,2,0,0,0,0,,,0.0,7,2,0.2857142857142857,2,0.141984,unidade-04-processo-de-visualizacao-2d,18,2,0.1111111111111111,winner_score=0.14
CG,produto,pagina-com-videos-sobre-curvas-parametricas-63d902,0,1,1,1,0,1a,1a,representacao-de-curvas-parametricas,representacao-de-curvas-parametricas,11.959999999999997,7.696,4.263999999999998,0.6434782608695654,0.40815078482345235,13,15,1,5,2,2,alias,markdown_headings_text,4.4,3,2,0.6666666666666666,2,1,5,2,2,alias,markdown_headings_text,4.4,3,2,0.6666666666666666,2,11.959999999999997,unidade-07-representacao-e-modelagem-de-objetos,15,2,0.13333333333333333,winner_score=11.96
CG,produto,pagina-com-videos-sobre-manipulacao-de-imagens-61ddde,0,1,0,0,0,1a,1a,segmentacao,segmentacao,4.458,1.0368,3.4212000000000002,0.23257065948855987,0.7767091783399541,4,6,1,2,1,1,alias,markdown_lead_text,2.8,24,2,0.08333333333333333,18,1,2,1,1,alias,markdown_lead_text,2.8,24,2,0.08333333333333333,18,4.458,unidade-03-processamento-de-imagens-e-visao-computacional,17,11,0.6470588235294118,winner_score=4.46
CG,produto,pagina-com-videos-sobre-introducao-ao-processamento-de-imagens-61f156,0,1,1,0,0,1a,1a,filtros,filtros,32.544000000000004,8.016,24.528000000000006,0.2463126843657817,0.7680108744902582,4,6,1,18,3,1,label,markdown_lead_text,2.8,13,12,0.9230769230769231,11,1,18,3,1,label,markdown_lead_text,2.8,13,12,0.9230769230769231,11,32.544000000000004,unidade-03-processamento-de-imagens-e-visao-computacional,17,3,0.17647058823529413,winner_score=32.54
CG,produto,pagina-com-videos-sobre-segmentacao-de-imagens-d0627f,0,1,1,1,0,1a,1a,segmentacao,segmentacao,18.038,0.107712,17.930288,0.005971393724359685,0.9940640521573362,2,6,1,8,1,1,label,markdown_headings_text,4.4,24,4,0.16666666666666666,18,1,8,1,1,label,markdown_headings_text,4.4,24,4,0.16666666666666666,18,18.038,unidade-03-processamento-de-imagens-e-visao-computacional,17,11,0.6470588235294118,winner_score=18.04
CG,produto,pagina-com-videos-sobre-segmentacao-por-texturas-e03566,0,1,1,1,0,1a,1a,segmentacao,segmentacao,29.238,4.638,24.6,0.15862918120254463,0.860353336327709,3,6,1,13,8,1,label,markdown_headings_text,4.4,24,7,0.2916666666666667,18,1,13,8,1,label,markdown_headings_text,4.4,24,7,0.2916666666666667,18,29.238,unidade-03-processamento-de-imagens-e-visao-computacional,17,11,0.6470588235294118,winner_score=29.24
CG,produto,aula-gravada-975b85,0,1,1,1,0,2a-propagado,2a,segmentacao,segmentacao,3.448,0.0,3.448,0.0,1.0,1,6,1,2,1,1,alias,markdown_lead_text,2.8,28,1,0.03571428571428571,22,1,2,1,1,alias,markdown_lead_text,2.8,28,1,0.03571428571428571,22,3.448,unidade-03-processamento-de-imagens-e-visao-computacional,17,11,0.6470588235294118,winner_score=3.45|propagado-headings
CG,produto,pagina-com-videos-sobre-morfologia-matematica-06265a,0,0,1,1,0,2a-propagado,2a,segmentacao,segmentacao,7.656,0.0,7.656,0.0,1.0,1,6,1,4,1,1,alias,markdown_lead_text,2.8,28,2,0.07142857142857142,22,1,4,1,1,alias,markdown_lead_text,2.8,28,2,0.07142857142857142,22,7.656,unidade-03-processamento-de-imagens-e-visao-computacional,17,11,0.6470588235294118,winner_score=7.66|propagado-headings
CG,produto,video-sobre-prechimento-de-areas-duracao-330-defae7,0,0,1,1,0,1a,1a,segmentacao,segmentacao,0.12240000000000001,0.0,0.12240000000000001,0.0,1.0,1,6,0,0,0,0,,,0.0,24,1,0.041666666666666664,18,0,0,0,0,,,0.0,24,1,0.041666666666666664,18,0.12240000000000001,unidade-03-processamento-de-imagens-e-visao-computacional,17,11,0.6470588235294118,winner_score=0.12
CG,produto,video-sobre-prechimento-de-areas-duracao-1300-d87e5f,0,1,1,1,0,1a,1a,segmentacao,segmentacao,4.638,0.12240000000000001,4.5156,0.02639068564036223,0.9742878749684901,2,6,1,2,3,3,alias,markdown_lead_text,2.8,24,3,0.125,18,1,2,3,3,alias,markdown_lead_text,2.8,24,3,0.125,18,4.638,unidade-03-processamento-de-imagens-e-visao-computacional,17,11,0.6470588235294118,winner_score=4.64
CG,produto,paginas-com-videos-sobre-modelagem-geometrica-f2614a,0,1,0,0,0,2a-rotulo,2a,geometria-solida-construtiva-csg,geometria-solida-construtiva-csg,8.578,5.78,2.797999999999999,0.6738167404989509,0.3696671909292688,15,15,1,4,4,4,label,markdown_lead_text,2.8,4,4,1.0,1,1,4,4,4,label,markdown_lead_text,2.8,4,4,1.0,1,8.578,unidade-07-representacao-e-modelagem-de-objetos,15,2,0.13333333333333333,winner_score=8.58|rotulo-decomposto
CG,produto,pagina-com-videos-sobre-visualizacao-3d-35a833,0,1,0,0,0,1a,1a,paralela,paralela,12.395999999999997,8.977999999999998,3.4179999999999993,0.7242658922232978,0.30797870564271834,10,11,1,6,3,1,label,markdown_lead_text,2.8,3,3,1.0,3,1,6,3,1,label,markdown_lead_text,2.8,3,3,1.0,3,12.395999999999997,unidade-06-processo-de-visualizacao-3d,10,4,0.4,winner_score=12.40
CG,produto,pagina-com-videos-sobre-remocao-de-elementos-ocultos-20c34a,0,1,1,1,0,2a-rotulo,2a,algoritmos-de-remocao-de-elementos-ocultos,algoritmos-de-remocao-de-elementos-ocultos,12.099999999999998,5.78,6.319999999999998,0.47768595041322326,0.4296821289733878,8,11,1,5,4,4,alias,markdown_headings_text,4.4,6,3,0.5,3,1,5,4,4,alias,markdown_headings_text,4.4,6,3,0.5,3,12.099999999999998,unidade-06-processo-de-visualizacao-3d,10,2,0.2,winner_score=12.10|rotulo-decomposto
CG,produto,pagina-com-videos-sobre-sintese-de-imagens-realisticas-a6d9ea,0,1,1,0,0,1a,1a,modelos-de-reflexao-ambiente-difusa-especular,modelos-de-reflexao-ambiente-difusa-especular,12.094,7.656,4.438,0.6330411774433603,0.4945854871425768,5,5,1,6,1,1,alias,markdown_lead_text,2.8,5,5,1.0,5,1,6,1,1,alias,markdown_lead_text,2.8,5,5,1.0,5,12.094,unidade-08-sintese-de-imagens-realisticas,5,4,0.8,winner_score=1.80
FR,cru,01-protocolos-de-rede,0,1,0,0,0,1a,1a,modelos-osi-e-tcpip,modelos-osi-e-tcpip,12.099999999999998,0.0,12.099999999999998,0.0,1.0,1,3,1,5,1,1,alias,markdown_headings_text,4.4,7,3,0.42857142857142855,5,1,5,1,1,alias,markdown_headings_text,4.4,7,3,0.42857142857142855,5,12.099999999999998,unidade-01-introducao-a-redes-de-computadores,6,5,0.8333333333333334,winner_score=12.10
FR,cru,02-modelos-de-referencia,0,1,1,1,0,1a,1a,modelos-osi-e-tcpip,modelos-osi-e-tcpip,14.255999999999998,1.3247999999999998,12.931199999999999,0.09292929292929292,0.9149722735674677,2,3,1,5,2,2,alias,markdown_headings_text,4.4,7,7,1.0,5,1,5,2,2,alias,markdown_headings_text,4.4,7,7,1.0,5,14.255999999999998,unidade-01-introducao-a-redes-de-computadores,6,5,0.8333333333333334,winner_score=14.26
FR,cru,03-tipos-de-redes,0,1,0,0,0,1a,1a,modelos-osi-e-tcpip,modelos-osi-e-tcpip,7.056,1.2959999999999998,5.76,0.18367346938775508,0.8340709470960714,3,3,1,3,1,1,alias,markdown_headings_text,4.4,7,3,0.42857142857142855,5,1,3,1,1,alias,markdown_headings_text,4.4,7,3,0.42857142857142855,5,7.056,unidade-01-introducao-a-redes-de-computadores,6,5,0.8333333333333334,winner_score=7.06
FR,cru,unidade1-exercicios,0,1,1,1,0,1a,1a,modelos-osi-e-tcpip,modelos-osi-e-tcpip,9.408,0.14217984000000003,9.265820159999999,0.015112653061224494,0.9851123389944455,2,3,1,4,2,1,alias,markdown_headings_text,4.4,7,7,1.0,5,1,4,2,1,alias,markdown_headings_text,4.4,7,7,1.0,5,9.408,unidade-01-introducao-a-redes-de-computadores,6,5,0.8333333333333334,winner_score=9.41
FR,cru,04-camada-de-aplicacao,0,1,0,0,0,2a-rotulo,2a,protocolos-de-aplicacao-para-o-usuario-http-https-smtp-pop3-imap,protocolos-de-aplicacao-para-o-usuario-http-https-smtp-pop3-imap,7.162,2.342,4.82,0.3270036302708741,0.6479390320528364,5,5,1,4,1,1,alias,markdown_lead_text,2.8,9,7,0.7777777777777778,7,1,4,1,1,alias,markdown_lead_text,2.8,9,7,0.7777777777777778,7,7.162,unidade-02-nivel-de-aplicacao,16,5,0.3125,winner_score=7.16|rotulo-decomposto
FR,cru,04-protocolo-http,0,1,0,0,0,2a-propagado,2a,paradigmas-clienteservidor-e-p2p,paradigmas-clienteservidor-e-p2p,4.638,1.2959999999999998,3.342,0.27943078913324704,0.6306849764278839,5,5,1,2,1,1,alias,markdown_lead_text,2.8,7,3,0.42857142857142855,5,1,2,1,1,alias,markdown_lead_text,2.8,7,3,0.42857142857142855,5,4.638,unidade-02-nivel-de-aplicacao,16,7,0.4375,winner_score=4.64|propagado-headings
FR,cru,05-protocolo-dns,0,1,0,0,0,2a-rotulo,2a,protocolos-de-aplicacao-para-o-usuario-http-https-smtp-pop3-imap,protocolos-de-aplicacao-para-o-usuario-http-https-smtp-pop3-imap,5.178,1.0368,4.1411999999999995,0.20023174971031285,0.6879237387033835,5,5,1,2,1,1,alias,markdown_lead_text,2.8,9,6,0.6666666666666666,7,1,2,1,1,alias,markdown_lead_text,2.8,9,6,0.6666666666666666,7,5.178,unidade-02-nivel-de-aplicacao,16,5,0.3125,winner_score=5.18|rotulo-decomposto
FR,cru,06-protocolo-dhcp,0,1,1,1,0,2a-rotulo,2a,protocolos-de-aplicacao-para-infraestrutura-dns-dhcp-snmp-nat,protocolos-de-aplicacao-para-infraestrutura-dns-dhcp-snmp-nat,12.099999999999998,2.342,9.757999999999997,0.1935537190082645,0.7680492955517875,5,5,1,5,1,1,alias,markdown_headings_text,4.4,7,4,0.5714285714285714,5,1,5,1,1,alias,markdown_headings_text,4.4,7,4,0.5714285714285714,5,12.099999999999998,unidade-02-nivel-de-aplicacao,16,3,0.1875,winner_score=12.10|rotulo-decomposto
FR,cru,lista-de-exercicios-1-camada-de-aplicacao,0,1,1,0,0,2a-propagado,2a,paradigmas-clienteservidor-e-p2p,paradigmas-clienteservidor-e-p2p,4.718,2.422,2.296,0.513353115727003,0.5439328398306076,5,5,1,2,1,1,alias,markdown_lead_text,2.8,7,3,0.42857142857142855,5,1,2,1,1,alias,markdown_lead_text,2.8,7,3,0.42857142857142855,5,4.718,unidade-02-nivel-de-aplicacao,16,7,0.4375,winner_score=4.72|propagado-headings
FR,cru,unidade2-exercicios-dhcp,0,1,1,1,0,2a-rotulo,2a,protocolos-de-aplicacao-para-infraestrutura-dns-dhcp-snmp-nat,protocolos-de-aplicacao-para-infraestrutura-dns-dhcp-snmp-nat,11.999999999999998,2.422,9.577999999999998,0.20183333333333336,0.8229654680617196,4,5,1,5,1,1,alias,markdown_headings_text,4.4,7,3,0.42857142857142855,5,1,5,1,1,alias,markdown_headings_text,4.4,7,3,0.42857142857142855,5,11.999999999999998,unidade-02-nivel-de-aplicacao,16,3,0.1875,winner_score=12.00|rotulo-decomposto
FR,cru,unidade2-exercicios-dns,0,1,1,1,0,1a,1a,protocolos-de-aplicacao-para-infraestrutura-dns-dhcp-snmp-nat,protocolos-de-aplicacao-para-infraestrutura-dns-dhcp-snmp-nat,0.9648,0.14217984000000003,0.8226201599999999,0.1473671641791045,0.7618484490130083,4,5,0,0,0,0,,,0.0,7,2,0.2857142857142857,1,0,0,0,0,,,0.0,7,2,0.2857142857142857,1,0.9648,unidade-02-nivel-de-aplicacao,16,3,0.1875,winner_score=0.96
FR,cru,unidade2-exercicios-http,0,1,0,0,0,2a-propagado,2a,paradigmas-clienteservidor-e-p2p,paradigmas-clienteservidor-e-p2p,4.718,1.3536,3.3644,0.2869012293344637,0.6310975419224266,5,5,1,2,1,1,alias,markdown_lead_text,2.8,7,3,0.42857142857142855,5,1,2,1,1,alias,markdown_lead_text,2.8,7,3,0.42857142857142855,5,4.718,unidade-02-nivel-de-aplicacao,16,7,0.4375,winner_score=4.72|propagado-headings
FR,cru,07-protocolos-de-e-mail,0,1,1,1,0,2a-rotulo,2a,protocolos-de-aplicacao-para-o-usuario-http-https-smtp-pop3-imap,protocolos-de-aplicacao-para-o-usuario-http-https-smtp-pop3-imap,16.854,2.342,14.511999999999999,0.13895811083422335,0.8166569281595886,5,5,1,7,1,1,alias,markdown_headings_text,4.4,9,8,0.8888888888888888,7,1,7,1,1,alias,markdown_headings_text,4.4,9,8,0.8888888888888888,7,16.854,unidade-02-nivel-de-aplicacao,16,5,0.3125,winner_score=16.85|rotulo-decomposto
FR,cru,08-desenvolvimento-de-aplicacoes,0,0,0,0,1,vazio-empate-exato,1a,,protocolos-de-aplicacao-para-infraestrutura-dns-dhcp-snmp-nat,1.0368,1.0368,0.0,1.0,0.29677895903131346,5,5,0,0,0,0,,,0.0,7,3,0.42857142857142855,5,0,0,0,0,,,0.0,0,0,0.0,0,0.0,unidade-02-nivel-de-aplicacao,16,1,0.0625,empate-exato 2x score=1.04
FR,cru,udp-example-c,0,1,0,0,0,1a,1a,paradigmas-clienteservidor-e-p2p,paradigmas-clienteservidor-e-p2p,0.9072,0.01723392,0.88996608,0.018996825396825397,0.9813573262218678,2,5,0,0,0,0,,,0.0,4,2,0.5,1,0,0,0,0,,,0.0,4,2,0.5,1,0.9072,unidade-02-nivel-de-aplicacao,16,7,0.4375,winner_score=0.91
FR,cru,udp-example-java,0,1,0,0,0,1a,1a,paradigmas-clienteservidor-e-p2p,paradigmas-clienteservidor-e-p2p,0.9072,0.01723392,0.88996608,0.018996825396825397,0.9813573262218678,2,5,0,0,0,0,,,0.0,4,2,0.5,1,0,0,0,0,,,0.0,4,2,0.5,1,0.9072,unidade-02-nivel-de-aplicacao,16,7,0.4375,winner_score=0.91
FR,cru,tcp-chat-c,0,1,0,0,0,1a,1a,paradigmas-clienteservidor-e-p2p,paradigmas-clienteservidor-e-p2p,0.9072,0.01723392,0.88996608,0.018996825396825397,0.9813573262218678,2,5,0,0,0,0,,,0.0,4,2,0.5,1,0,0,0,0,,,0.0,4,2,0.5,1,0.9072,unidade-02-nivel-de-aplicacao,16,7,0.4375,winner_score=0.91
FR,cru,tcp-example,0,1,0,0,0,1a,1a,paradigmas-clienteservidor-e-p2p,paradigmas-clienteservidor-e-p2p,0.9072,0.01723392,0.88996608,0.018996825396825397,0.9813573262218678,2,5,0,0,0,0,,,0.0,4,2,0.5,1,0,0,0,0,,,0.0,4,2,0.5,1,0.9072,unidade-02-nivel-de-aplicacao,16,7,0.4375,winner_score=0.91
FR,produto,01-protocolos-de-rede,0,1,1,1,0,1a,1a,conceito-de-protocolo-de-redes-pessoais-locais-metropolitanas-e-de-longa-distancia,conceito-de-protocolo-de-redes-pessoais-locais-metropolitanas-e-de-longa-distancia,18.726,12.099999999999998,6.626000000000001,0.6461604186692299,0.607474210082398,2,3,1,8,3,3,alias,markdown_headings_text,4.4,12,2,0.16666666666666666,11,1,8,3,3,alias,markdown_headings_text,4.4,12,2,0.16666666666666666,11,18.726,unidade-01-introducao-a-redes-de-computadores,6,3,0.5,winner_score=18.73
FR,produto,02-modelos-de-referencia,0,1,1,1,0,1a,1a,modelos-osi-e-tcpip,modelos-osi-e-tcpip,71.94,9.328,62.611999999999995,0.12966360856269113,0.8604233943308216,3,3,1,30,3,2,alias,markdown_headings_text,4.4,15,15,1.0,14,1,30,3,2,alias,markdown_headings_text,4.4,15,15,1.0,14,71.94,unidade-01-introducao-a-redes-de-computadores,6,2,0.3333333333333333,winner_score=71.94
FR,produto,03-tipos-de-redes,0,1,1,1,0,2a-rotulo,2a,conceito-de-protocolo-de-redes-pessoais-locais-metropolitanas-e-de-longa-distancia,conceito-de-protocolo-de-redes-pessoais-locais-metropolitanas-e-de-longa-distancia,44.61800000000001,26.548000000000005,18.070000000000004,0.5950064996189879,0.5704021886425814,3,3,1,19,3,1,alias,markdown_headings_text,4.4,12,11,0.9166666666666666,11,1,19,3,1,alias,markdown_headings_text,4.4,12,11,0.9166666666666666,11,44.61800000000001,unidade-01-introducao-a-redes-de-computadores,6,3,0.5,winner_score=44.62|rotulo-decomposto
FR,produto,unidade1-exercicios,0,1,1,1,0,1a,1a,modelos-osi-e-tcpip,modelos-osi-e-tcpip,20.769999999999992,14.491999999999996,6.277999999999997,0.697737120847376,0.45576231019046776,3,3,1,12,3,3,alias,markdown_headings_text,4.4,15,15,1.0,15,1,12,3,3,alias,markdown_headings_text,4.4,15,15,1.0,15,20.769999999999992,unidade-01-introducao-a-redes-de-computadores,6,2,0.3333333333333333,winner_score=20.77
FR,produto,04-camada-de-aplicacao,0,0,1,0,0,1a,1a,paradigmas-clienteservidor-e-p2p,paradigmas-clienteservidor-e-p2p,15.411999999999999,14.035999999999998,1.3760000000000012,0.9107189203218271,0.3241356103306133,5,5,1,6,4,3,alias,markdown_headings_text,4.4,6,5,0.8333333333333334,4,1,6,4,3,alias,markdown_headings_text,4.4,6,5,0.8333333333333334,4,15.411999999999999,unidade-02-nivel-de-aplicacao,16,1,0.0625,winner_score=15.41|ambiguous
FR,produto,04-protocolo-http,0,1,1,1,0,1a,1a,protocolos-de-aplicacao-para-o-usuario-http-https-smtp-pop3-imap,protocolos-de-aplicacao-para-o-usuario-http-https-smtp-pop3-imap,29.791999999999998,4.638,25.153999999999996,0.15567937701396348,0.7526273241713825,5,5,1,13,2,1,alias,markdown_headings_text,4.4,19,12,0.631578947368421,11,1,13,2,1,alias,markdown_headings_text,4.4,19,12,0.631578947368421,11,29.791999999999998,unidade-02-nivel-de-aplicacao,16,5,0.3125,winner_score=29.79
FR,produto,05-protocolo-dns,0,1,1,1,0,1a,1a,protocolos-de-aplicacao-para-infraestrutura-dns-dhcp-snmp-nat,protocolos-de-aplicacao-para-infraestrutura-dns-dhcp-snmp-nat,28.086000000000002,5.538,22.548000000000002,0.19718008972441786,0.76667321802935,5,5,1,11,3,2,alias,markdown_headings_text,4.4,27,13,0.48148148148148145,14,1,11,3,2,alias,markdown_headings_text,4.4,27,13,0.48148148148148145,14,28.086000000000002,unidade-02-nivel-de-aplicacao,16,4,0.25,winner_score=28.09
FR,produto,06-protocolo-dhcp,0,1,1,1,0,1a,1a,protocolos-de-aplicacao-para-infraestrutura-dns-dhcp-snmp-nat,protocolos-de-aplicacao-para-infraestrutura-dns-dhcp-snmp-nat,46.092000000000006,1.0368,45.055200000000006,0.022494142150481643,0.9240725593032766,5,5,1,19,4,1,alias,markdown_headings_text,4.4,27,17,0.6296296296296297,14,1,19,4,1,alias,markdown_headings_text,4.4,27,17,0.6296296296296297,14,46.092000000000006,unidade-02-nivel-de-aplicacao,16,4,0.25,winner_score=46.09
FR,produto,lista-de-exercicios-1-camada-de-aplicacao,0,1,1,0,0,1a,1a,protocolos-de-aplicacao-para-o-usuario-http-https-smtp-pop3-imap,protocolos-de-aplicacao-para-o-usuario-http-https-smtp-pop3-imap,9.358,6.746,2.612,0.7208805300277837,0.4280721657029935,5,5,1,5,2,1,alias,markdown_lead_text,2.8,21,6,0.2857142857142857,16,1,5,2,1,alias,markdown_lead_text,2.8,21,6,0.2857142857142857,16,9.358,unidade-02-nivel-de-aplicacao,16,5,0.3125,winner_score=9.36
FR,produto,unidade2-exercicios-dhcp,0,1,1,1,0,1a,1a,protocolos-de-aplicacao-para-infraestrutura-dns-dhcp-snmp-nat,protocolos-de-aplicacao-para-infraestrutura-dns-dhcp-snmp-nat,29.756,1.0944,28.6616,0.036779136980776984,0.930613274122627,5,5,1,13,4,1,alias,markdown_headings_text,4.4,27,16,0.5925925925925926,14,1,13,4,1,alias,markdown_headings_text,4.4,27,16,0.5925925925925926,14,29.756,unidade-02-nivel-de-aplicacao,16,4,0.25,winner_score=29.76
FR,produto,unidade2-exercicios-dns,0,1,1,1,0,1a,1a,protocolos-de-aplicacao-para-infraestrutura-dns-dhcp-snmp-nat,protocolos-de-aplicacao-para-infraestrutura-dns-dhcp-snmp-nat,15.621999999999996,0.9648,14.657199999999996,0.06175905773908592,0.9250139693570382,5,5,1,7,2,2,alias,markdown_headings_text,4.4,27,8,0.2962962962962963,14,1,7,2,2,alias,markdown_headings_text,4.4,27,8,0.2962962962962963,14,15.621999999999996,unidade-02-nivel-de-aplicacao,16,4,0.25,winner_score=15.62
FR,produto,unidade2-exercicios-http,0,1,1,1,0,1a,1a,protocolos-de-aplicacao-para-o-usuario-http-https-smtp-pop3-imap,protocolos-de-aplicacao-para-o-usuario-http-https-smtp-pop3-imap,23.264,1.224,22.04,0.05261348005502063,0.8715055982067172,5,5,1,10,2,1,alias,markdown_headings_text,4.4,19,9,0.47368421052631576,11,1,10,2,1,alias,markdown_headings_text,4.4,19,9,0.47368421052631576,11,23.264,unidade-02-nivel-de-aplicacao,16,5,0.3125,winner_score=23.26
FR,produto,07-protocolos-de-e-mail,0,1,1,1,0,1a,1a,protocolos-de-aplicacao-para-o-usuario-http-https-smtp-pop3-imap,protocolos-de-aplicacao-para-o-usuario-http-https-smtp-pop3-imap,38.81,2.342,36.468,0.06034527183715537,0.8868579910463364,5,5,1,16,4,3,alias,markdown_headings_text,4.4,19,17,0.8947368421052632,11,1,16,4,3,alias,markdown_headings_text,4.4,19,17,0.8947368421052632,11,38.81,unidade-02-nivel-de-aplicacao,16,5,0.3125,winner_score=38.81
FR,produto,08-desenvolvimento-de-aplicacoes,0,1,1,1,0,1a,1a,implementacao-de-sockets,implementacao-de-sockets,17.485999999999997,8.426,9.059999999999997,0.48187121125471816,0.5998216245883644,5,5,1,7,2,1,alias,markdown_headings_text,4.4,8,4,0.5,7,1,7,2,1,alias,markdown_headings_text,4.4,8,4,0.5,7,17.485999999999997,unidade-02-nivel-de-aplicacao,16,5,0.3125,winner_score=17.49
FR,produto,udp-example-c,0,1,1,1,0,1a,1a,implementacao-de-sockets,implementacao-de-sockets,7.696,0.9072,6.7888,0.11787941787941789,0.8945508647944951,2,5,1,4,2,1,alias,markdown_lead_text,2.8,5,2,0.4,4,1,4,2,1,alias,markdown_lead_text,2.8,5,2,0.4,4,7.696,unidade-02-nivel-de-aplicacao,16,5,0.3125,winner_score=7.70
FR,produto,udp-example-java,0,1,1,1,0,1a,1a,implementacao-de-sockets,implementacao-de-sockets,4.498,0.9072,3.5908,0.20168963983992885,0.8321616221416414,2,5,1,2,1,1,alias,markdown_lead_text,2.8,5,2,0.4,4,1,2,1,1,alias,markdown_lead_text,2.8,5,2,0.4,4,4.498,unidade-02-nivel-de-aplicacao,16,5,0.3125,winner_score=4.50
FR,produto,tcp-chat-c,0,1,1,1,0,1a,1a,implementacao-de-sockets,implementacao-de-sockets,7.696,0.9072,6.7888,0.11787941787941789,0.8945508647944951,2,5,1,4,2,1,alias,markdown_lead_text,2.8,5,2,0.4,4,1,4,2,1,alias,markdown_lead_text,2.8,5,2,0.4,4,7.696,unidade-02-nivel-de-aplicacao,16,5,0.3125,winner_score=7.70
FR,produto,tcp-example,0,1,1,1,0,1a,1a,implementacao-de-sockets,implementacao-de-sockets,4.498,0.9072,3.5908,0.20168963983992885,0.8321616221416414,2,5,1,2,1,1,alias,markdown_lead_text,2.8,5,2,0.4,4,1,2,1,1,alias,markdown_lead_text,2.8,5,2,0.4,4,4.498,unidade-02-nivel-de-aplicacao,16,5,0.3125,winner_score=4.50
