curso,regime,entry_id,pino_manual,unidade,bloco,gold_primario,gold_extras,pred_controle,pred_A,pred_B,aceito_controle,aceito_A,aceito_B,prim_controle,prim_A,prim_B,conf_controle,conf_A,conf_B,sarc_slug,sarc_motivo,sarc_sessoes
MF,cru,archive-of-formal-proofs-355fb8,0,unidade-01-metodos-formais,c4bf9e4c-80f8-4e57-b2b1-a943c6656e52,provadores-de-teoremas,,abordagens-para-verificacao-formal,abordagens-para-verificacao-formal,abordagens-para-verificacao-formal,0,0,0,0,0,0,1,1,1,,nenhum,
MF,cru,exerciciosformalizacaoalgoritmosrecursao3,0,unidade-01-metodos-formais,7ccdaf5e-76b8-48e5-82b5-05f80b3f054b,especificacao-de-funcoes-recursivas,especificacao-de-conjuntos-indutivos,especificacao-de-funcoes-recursivas,especificacao-de-conjuntos-indutivos,especificacao-de-funcoes-recursivas,1,1,1,1,0,1,1,1,1,especificacao-de-conjuntos-indutivos,decide,bloco-04-sessao-2026-03-11::conjuntos indutivos e equacoes recursivas aula::especificacao-de-conjuntos-indutivos
MF,cru,formalizacaoalgoritmos-recursao2,0,unidade-01-metodos-formais,7ccdaf5e-76b8-48e5-82b5-05f80b3f054b,especificacao-de-funcoes-recursivas,especificacao-de-conjuntos-indutivos,especificacao-de-conjuntos-indutivos,especificacao-de-conjuntos-indutivos,especificacao-de-conjuntos-indutivos,1,1,1,0,0,0,1,1,1,especificacao-de-conjuntos-indutivos,decide,bloco-04-sessao-2026-03-11::conjuntos indutivos e equacoes recursivas aula::especificacao-de-conjuntos-indutivos
MF,cru,exerciciosconjuntosindutivos,0,unidade-01-metodos-formais,7ccdaf5e-76b8-48e5-82b5-05f80b3f054b,especificacao-de-conjuntos-indutivos,,especificacao-de-conjuntos-indutivos,especificacao-de-conjuntos-indutivos,especificacao-de-conjuntos-indutivos,1,1,1,1,1,1,1,1,1,especificacao-de-conjuntos-indutivos,decide,bloco-04-sessao-2026-03-11::conjuntos indutivos e equacoes recursivas aula::especificacao-de-conjuntos-indutivos
MF,cru,conjuntosindutivos,0,unidade-01-metodos-formais,7ccdaf5e-76b8-48e5-82b5-05f80b3f054b,especificacao-de-conjuntos-indutivos,,especificacao-de-conjuntos-indutivos,especificacao-de-conjuntos-indutivos,especificacao-de-conjuntos-indutivos,1,1,1,1,1,1,1,1,1,especificacao-de-conjuntos-indutivos,decide,bloco-04-sessao-2026-03-11::conjuntos indutivos e equacoes recursivas aula::especificacao-de-conjuntos-indutivos
MF,cru,logicapredicados-semantica,0,unidade-01-metodos-formais,2edd762f-2dc8-4437-90c7-c207b796434a,fundamentos-de-logica-de-primeira-ordem,,especificacao-de-funcoes-recursivas,especificacao-de-funcoes-recursivas,especificacao-de-funcoes-recursivas,0,0,0,0,0,0,1,1,1,,nenhum,
MF,cru,logicapredicados-sintaxe,0,unidade-01-metodos-formais,2edd762f-2dc8-4437-90c7-c207b796434a,fundamentos-de-logica-de-primeira-ordem,,fundamentos-de-logica-de-primeira-ordem,fundamentos-de-logica-de-primeira-ordem,fundamentos-de-logica-de-primeira-ordem,1,1,1,1,1,1,1,1,1,,nenhum,
MF,cru,logicaproposicional-sintaxe,0,unidade-01-metodos-formais,2edd762f-2dc8-4437-90c7-c207b796434a,linguagens-de-especificacao-e-logicas,fundamentos-de-logica-de-primeira-ordem,especificacao-de-funcoes-recursivas,especificacao-de-funcoes-recursivas,especificacao-de-funcoes-recursivas,0,0,0,0,0,0,1,1,1,,nenhum,
MF,cru,revisao,0,unidade-01-metodos-formais,2edd762f-2dc8-4437-90c7-c207b796434a,sistemas-formais,,especificacao-de-conjuntos-indutivos,especificacao-de-conjuntos-indutivos,especificacao-de-conjuntos-indutivos,0,0,0,0,0,0,1,1,1,,nenhum,
MF,cru,introducao,0,unidade-01-metodos-formais,1e73625a-de3e-4c8a-87c4-d301a3138c0b,abordagens-para-verificacao-formal,exemplos-de-aplicacoes,exemplos-de-aplicacoes,exemplos-de-aplicacoes,exemplos-de-aplicacoes,1,1,1,0,0,0,1,1,1,,nenhum,
MF,cru,provasindutivas-especificacoesrecursivas,0,unidade-01-metodos-formais,7a5e29db-f228-4e96-bd4b-272d5b74e2ae,especificacao-de-funcoes-recursivas,abordagens-para-verificacao-formal,especificacao-de-funcoes-recursivas,especificacao-de-funcoes-recursivas,especificacao-de-funcoes-recursivas,1,1,1,1,1,1,1,1,1,,nenhum,
MF,cru,provasindutivas-especificacoesrecursivas-arvores,0,unidade-01-metodos-formais,7a5e29db-f228-4e96-bd4b-272d5b74e2ae,especificacao-de-funcoes-recursivas,abordagens-para-verificacao-formal,especificacao-de-funcoes-recursivas,especificacao-de-funcoes-recursivas,especificacao-de-funcoes-recursivas,1,1,1,1,1,1,1,1,1,,nenhum,
MF,cru,provasindutivas-especificacoesrecursivas-listas,0,unidade-01-metodos-formais,7a5e29db-f228-4e96-bd4b-272d5b74e2ae,especificacao-de-funcoes-recursivas,abordagens-para-verificacao-formal,especificacao-de-funcoes-recursivas,especificacao-de-funcoes-recursivas,especificacao-de-funcoes-recursivas,1,1,1,1,1,1,1,1,1,,nenhum,
MF,cru,exercicioscorrecaoinducaomatematica,0,unidade-01-metodos-formais,7a5e29db-f228-4e96-bd4b-272d5b74e2ae,especificacao-de-funcoes-recursivas,abordagens-para-verificacao-formal,especificacao-de-funcoes-recursivas,especificacao-de-funcoes-recursivas,especificacao-de-funcoes-recursivas,1,1,1,1,1,1,1,1,1,,nenhum,
MF,cru,exerciciosespecificacao-respostas,0,unidade-01-metodos-formais,2edd762f-2dc8-4437-90c7-c207b796434a,linguagens-de-especificacao-e-logicas,,especificacao-de-funcoes-recursivas,especificacao-de-funcoes-recursivas,especificacao-de-funcoes-recursivas,0,0,0,0,0,0,1,1,1,,nenhum,
MF,cru,exerciciosespecificacao,0,unidade-01-metodos-formais,2edd762f-2dc8-4437-90c7-c207b796434a,linguagens-de-especificacao-e-logicas,,,,,0,0,0,0,0,0,0,0,0,,nenhum,
MF,cru,exerciciosformalizacaoalgoritmosrecursao2,0,unidade-01-metodos-formais,7ccdaf5e-76b8-48e5-82b5-05f80b3f054b,especificacao-de-funcoes-recursivas,especificacao-de-conjuntos-indutivos,especificacao-de-funcoes-recursivas,especificacao-de-conjuntos-indutivos,especificacao-de-funcoes-recursivas,1,1,1,1,0,1,1,1,1,especificacao-de-conjuntos-indutivos,decide,bloco-04-sessao-2026-03-11::conjuntos indutivos e equacoes recursivas aula::especificacao-de-conjuntos-indutivos
MF,cru,exerciciosisabelle2,0,unidade-01-metodos-formais,5599d015-10e0-4f6e-ad17-c526b903dc09,provadores-de-teoremas,especificacao-de-funcoes-recursivas,especificacao-de-funcoes-recursivas,especificacao-de-funcoes-recursivas,especificacao-de-funcoes-recursivas,1,1,1,0,0,0,1,1,1,,nenhum,
MF,cru,logicaproposicional-semantica,0,unidade-01-metodos-formais,2edd762f-2dc8-4437-90c7-c207b796434a,linguagens-de-especificacao-e-logicas,fundamentos-de-logica-de-primeira-ordem,,,,0,0,0,0,0,0,0,0,0,,nenhum,
MF,cru,exerciciosformalizacaoalgoritmosrecursao-respostas,0,unidade-01-metodos-formais,7ccdaf5e-76b8-48e5-82b5-05f80b3f054b,especificacao-de-funcoes-recursivas,,especificacao-de-funcoes-recursivas,especificacao-de-conjuntos-indutivos,especificacao-de-funcoes-recursivas,1,0,1,1,0,1,0,0,0,especificacao-de-conjuntos-indutivos,decide,bloco-04-sessao-2026-03-11::conjuntos indutivos e equacoes recursivas aula::especificacao-de-conjuntos-indutivos
MF,cru,formalizacaoalgoritmos-recursao,0,unidade-01-metodos-formais,7ccdaf5e-76b8-48e5-82b5-05f80b3f054b,especificacao-de-funcoes-recursivas,,especificacao-de-funcoes-recursivas,especificacao-de-conjuntos-indutivos,especificacao-de-funcoes-recursivas,1,0,1,1,0,1,1,1,1,especificacao-de-conjuntos-indutivos,decide,bloco-04-sessao-2026-03-11::conjuntos indutivos e equacoes recursivas aula::especificacao-de-conjuntos-indutivos
MF,cru,formalizacaoalgoritmos-recursao3,0,unidade-01-metodos-formais,7ccdaf5e-76b8-48e5-82b5-05f80b3f054b,especificacao-de-funcoes-recursivas,especificacao-de-conjuntos-indutivos,especificacao-de-funcoes-recursivas,especificacao-de-conjuntos-indutivos,especificacao-de-funcoes-recursivas,1,1,1,1,0,1,1,1,1,especificacao-de-conjuntos-indutivos,decide,bloco-04-sessao-2026-03-11::conjuntos indutivos e equacoes recursivas aula::especificacao-de-conjuntos-indutivos
MF,cru,exerciciosisabelle,0,unidade-01-metodos-formais,5599d015-10e0-4f6e-ad17-c526b903dc09,provadores-de-teoremas,especificacao-de-funcoes-recursivas,especificacao-de-funcoes-recursivas,especificacao-de-funcoes-recursivas,especificacao-de-funcoes-recursivas,1,1,1,0,0,0,1,1,1,,nenhum,
MF,cru,exerciciosformalizacaoalgoritmosrecursao,0,unidade-01-metodos-formais,7ccdaf5e-76b8-48e5-82b5-05f80b3f054b,especificacao-de-funcoes-recursivas,,especificacao-de-funcoes-recursivas,especificacao-de-conjuntos-indutivos,especificacao-de-funcoes-recursivas,1,0,1,1,0,1,1,1,1,especificacao-de-conjuntos-indutivos,decide,bloco-04-sessao-2026-03-11::conjuntos indutivos e equacoes recursivas aula::especificacao-de-conjuntos-indutivos
MF,cru,arvores,1,unidade-01-metodos-formais,7a5e29db-f228-4e96-bd4b-272d5b74e2ae,provadores-de-teoremas,especificacao-de-funcoes-recursivas,abordagens-para-verificacao-formal,abordagens-para-verificacao-formal,abordagens-para-verificacao-formal,0,0,0,0,0,0,1,1,1,,nenhum,
MF,cru,exemplos,0,unidade-01-metodos-formais,5599d015-10e0-4f6e-ad17-c526b903dc09,provadores-de-teoremas,especificacao-de-funcoes-recursivas;especificacao-de-conjuntos-indutivos,exemplos-de-aplicacoes,exemplos-de-aplicacoes,exemplos-de-aplicacoes,0,0,0,0,0,0,1,1,1,,nenhum,
MF,cru,intro,0,unidade-01-metodos-formais,5599d015-10e0-4f6e-ad17-c526b903dc09,provadores-de-teoremas,especificacao-de-conjuntos-indutivos;especificacao-de-funcoes-recursivas,abordagens-para-verificacao-formal,abordagens-para-verificacao-formal,abordagens-para-verificacao-formal,0,0,0,0,0,0,1,1,1,,nenhum,
MF,cru,listas,1,unidade-01-metodos-formais,7a5e29db-f228-4e96-bd4b-272d5b74e2ae,provadores-de-teoremas,especificacao-de-funcoes-recursivas,abordagens-para-verificacao-formal,abordagens-para-verificacao-formal,abordagens-para-verificacao-formal,0,0,0,0,0,0,1,1,1,,nenhum,
MF,cru,provas,0,unidade-01-metodos-formais,5599d015-10e0-4f6e-ad17-c526b903dc09,provadores-de-teoremas,especificacao-de-funcoes-recursivas,abordagens-para-verificacao-formal,abordagens-para-verificacao-formal,abordagens-para-verificacao-formal,0,0,0,0,0,0,1,1,1,,nenhum,
MF,cru,correcaoterminacao,0,unidade-02-verificacao-de-programas,c9f5f7cf-3477-4531-be7a-f7b68727009c,correcao-parcial-e-total,invariante-e-variante-de-laco,correcao-parcial-e-total,correcao-parcial-e-total,correcao-parcial-e-total,1,1,1,1,1,1,1,1,1,,multiplos,bloco-11-sessao-2026-05-06::logica de programas correcao parcial correcao total e terminacao invariantes de laco::MULTI:correcao-parcial-e-total+softwares-de-suporte-a-verificacao-formal-de-programas+verificacao-de-programas
MF,cru,exercicioscorrecaoterminacao,1,unidade-02-verificacao-de-programas,c9f5f7cf-3477-4531-be7a-f7b68727009c,correcao-parcial-e-total,invariante-e-variante-de-laco;softwares-de-suporte-a-verificacao-formal-de-programas,correcao-parcial-e-total,correcao-parcial-e-total,correcao-parcial-e-total,1,1,1,1,1,1,1,1,1,,multiplos,bloco-11-sessao-2026-05-06::logica de programas correcao parcial correcao total e terminacao invariantes de laco::MULTI:correcao-parcial-e-total+softwares-de-suporte-a-verificacao-formal-de-programas+verificacao-de-programas
MF,cru,exerciciosformalizacaoalgoritmosinvariantes,0,unidade-02-verificacao-de-programas,c9f5f7cf-3477-4531-be7a-f7b68727009c,invariante-e-variante-de-laco,,invariante-e-variante-de-laco,invariante-e-variante-de-laco,invariante-e-variante-de-laco,1,1,1,1,1,1,1,1,1,,multiplos,bloco-11-sessao-2026-05-06::logica de programas correcao parcial correcao total e terminacao invariantes de laco::MULTI:correcao-parcial-e-total+softwares-de-suporte-a-verificacao-formal-de-programas+verificacao-de-programas
MF,cru,formalizacaoalgoritmos-invarianteslaco,0,unidade-02-verificacao-de-programas,c9f5f7cf-3477-4531-be7a-f7b68727009c,invariante-e-variante-de-laco,,invariante-e-variante-de-laco,invariante-e-variante-de-laco,invariante-e-variante-de-laco,1,1,1,1,1,1,1,1,1,,multiplos,bloco-11-sessao-2026-05-06::logica de programas correcao parcial correcao total e terminacao invariantes de laco::MULTI:correcao-parcial-e-total+softwares-de-suporte-a-verificacao-formal-de-programas+verificacao-de-programas
MF,cru,logicadehoare,0,unidade-02-verificacao-de-programas,171a1a09-a72d-490d-b4d8-5843cfb301b4,logica-de-hoare,pre-e-pos-condicoes,logica-de-hoare,logica-de-hoare,logica-de-hoare,1,1,1,1,1,1,1,1,1,,so-o-pai,bloco-10-sessao-2026-04-27::logica de hoare aula::PAI:logica-de-hoare || bloco-10-sessao-2026-04-29::logica de hoare aula::PAI:logica-de-hoare
MF,cru,logicadehoare2,1,unidade-02-verificacao-de-programas,171a1a09-a72d-490d-b4d8-5843cfb301b4,logica-de-hoare,invariante-e-variante-de-laco;pre-e-pos-condicoes,logica-de-hoare,logica-de-hoare,logica-de-hoare,1,1,1,1,1,1,1,1,1,,so-o-pai,bloco-10-sessao-2026-04-27::logica de hoare aula::PAI:logica-de-hoare || bloco-10-sessao-2026-04-29::logica de hoare aula::PAI:logica-de-hoare
MF,cru,exerciciosdafny1,0,unidade-02-verificacao-de-programas,e3bc8a61-e729-4f25-9bc5-12b8a47151e3,softwares-de-suporte-a-verificacao-formal-de-programas,verificacao-de-programas;pre-e-pos-condicoes,verificacao-de-programas,verificacao-de-programas,verificacao-de-programas,1,1,1,0,0,0,1,1,1,,nenhum,
MF,cru,exerciciosdafny2,0,unidade-02-verificacao-de-programas,de7d1b70-fb58-4a18-ad49-d1a64c6c7684,softwares-de-suporte-a-verificacao-formal-de-programas,verificacao-de-programas,verificacao-de-programas,verificacao-de-programas,verificacao-de-programas,1,1,1,0,0,0,1,1,1,,multiplos,bloco-13-sessao-2026-05-13::logica de programas introducao ao dafny aula::MULTI:softwares-de-suporte-a-verificacao-formal-de-programas+verificacao-de-programas || bloco-13-sessao-2026-05-18::logica de programas colecoes dafny arrays aula::MULTI:softwares-de-suporte-a-verificacao-formal-de-programas+verificacao-de-programas || bloco-13-sessao-2026-05-20::logica de programas colecoes dafny sequencia
MF,cru,exerciciosdafny3,0,unidade-02-verificacao-de-programas,de7d1b70-fb58-4a18-ad49-d1a64c6c7684,softwares-de-suporte-a-verificacao-formal-de-programas,verificacao-de-programas,verificacao-de-programas,verificacao-de-programas,verificacao-de-programas,1,1,1,0,0,0,1,1,1,,multiplos,bloco-13-sessao-2026-05-13::logica de programas introducao ao dafny aula::MULTI:softwares-de-suporte-a-verificacao-formal-de-programas+verificacao-de-programas || bloco-13-sessao-2026-05-18::logica de programas colecoes dafny arrays aula::MULTI:softwares-de-suporte-a-verificacao-formal-de-programas+verificacao-de-programas || bloco-13-sessao-2026-05-20::logica de programas colecoes dafny sequencia
MF,cru,exerciciosdafny4,0,unidade-02-verificacao-de-programas,de7d1b70-fb58-4a18-ad49-d1a64c6c7684,softwares-de-suporte-a-verificacao-formal-de-programas,verificacao-de-programas,verificacao-de-programas,verificacao-de-programas,verificacao-de-programas,1,1,1,0,0,0,1,1,1,,multiplos,bloco-13-sessao-2026-05-13::logica de programas introducao ao dafny aula::MULTI:softwares-de-suporte-a-verificacao-formal-de-programas+verificacao-de-programas || bloco-13-sessao-2026-05-18::logica de programas colecoes dafny arrays aula::MULTI:softwares-de-suporte-a-verificacao-formal-de-programas+verificacao-de-programas || bloco-13-sessao-2026-05-20::logica de programas colecoes dafny sequencia
MF,cru,exerciciosdafny5,0,unidade-02-verificacao-de-programas,95d7c9fb-d9e3-43cd-b1fb-5fcebddb49f0,softwares-de-suporte-a-verificacao-formal-de-programas,verificacao-de-programas;pre-e-pos-condicoes,verificacao-de-programas,verificacao-de-programas,verificacao-de-programas,1,1,1,0,0,0,1,1,1,,multiplos,bloco-15-sessao-2026-06-01::logica de programas orientacao a objetos dafny ghosts autocontrato aula::MULTI:softwares-de-suporte-a-verificacao-formal-de-programas+verificacao-de-programas || bloco-15-sessao-2026-06-03::logica de programas orientacao a objetos dafny ghosts autocontrato::MULTI:softwares-de-suporte-a-verificacao-formal-de-programas+verificacao-de-programas || bloco-15-sessao-2026-06-0
MF,cru,verificacaomodelos,0,unidade-03-verificacao-de-modelos,a6ac04f2-7611-4bef-b74a-54390cef4084,verificacao-de-modelos-model-checking,fundamentos-de-logicas-temporais;especificacao-de-propriedades-para-sistemas-sequenciais-e-concorrentes;modelos-de-kripke,especificacao-de-propriedades-para-sistemas-sequenciais-e-concorrentes,softwares-de-suporte-a-verificacao-formal-de-modelos,especificacao-de-propriedades-para-sistemas-sequenciais-e-concorrentes,1,0,1,0,0,0,1,1,1,softwares-de-suporte-a-verificacao-formal-de-modelos,decide,bloco-16-sessao-2026-06-15::verificacao de modelos logica temporal aula::softwares-de-suporte-a-verificacao-formal-de-modelos || bloco-16-sessao-2026-06-17::verificacao de modelos logica temporal aula::softwares-de-suporte-a-verificacao-formal-de-modelos
MF,cru,exercicioslogicatemporal,0,unidade-03-verificacao-de-modelos,a6ac04f2-7611-4bef-b74a-54390cef4084,fundamentos-de-logicas-temporais,verificacao-de-modelos-model-checking;logica-temporal-linear;logica-temporal-ramificada,logica-temporal-linear,softwares-de-suporte-a-verificacao-formal-de-modelos,logica-temporal-linear,1,0,1,0,0,0,1,1,1,softwares-de-suporte-a-verificacao-formal-de-modelos,decide,bloco-16-sessao-2026-06-15::verificacao de modelos logica temporal aula::softwares-de-suporte-a-verificacao-formal-de-modelos || bloco-16-sessao-2026-06-17::verificacao de modelos logica temporal aula::softwares-de-suporte-a-verificacao-formal-de-modelos
MF,cru,exerciciosnusmv,0,unidade-03-verificacao-de-modelos,a6ac04f2-7611-4bef-b74a-54390cef4084,softwares-de-suporte-a-verificacao-formal-de-modelos,verificacao-de-modelos-model-checking,verificacao-de-modelos-model-checking,softwares-de-suporte-a-verificacao-formal-de-modelos,verificacao-de-modelos-model-checking,1,1,1,0,1,0,1,1,1,softwares-de-suporte-a-verificacao-formal-de-modelos,decide,bloco-16-sessao-2026-06-15::verificacao de modelos logica temporal aula::softwares-de-suporte-a-verificacao-formal-de-modelos || bloco-16-sessao-2026-06-17::verificacao de modelos logica temporal aula::softwares-de-suporte-a-verificacao-formal-de-modelos
MF,cru,classes-parte1,0,unidade-02-verificacao-de-programas,95d7c9fb-d9e3-43cd-b1fb-5fcebddb49f0,pre-e-pos-condicoes,softwares-de-suporte-a-verificacao-formal-de-programas;verificacao-de-programas,verificacao-de-programas,verificacao-de-programas,verificacao-de-programas,1,1,1,0,0,0,0,0,0,,multiplos,bloco-15-sessao-2026-06-01::logica de programas orientacao a objetos dafny ghosts autocontrato aula::MULTI:softwares-de-suporte-a-verificacao-formal-de-programas+verificacao-de-programas || bloco-15-sessao-2026-06-03::logica de programas orientacao a objetos dafny ghosts autocontrato::MULTI:softwares-de-suporte-a-verificacao-formal-de-programas+verificacao-de-programas || bloco-15-sessao-2026-06-0
MF,cru,colecoes-arrays,0,unidade-02-verificacao-de-programas,de7d1b70-fb58-4a18-ad49-d1a64c6c7684,softwares-de-suporte-a-verificacao-formal-de-programas,verificacao-de-programas,verificacao-de-programas,verificacao-de-programas,verificacao-de-programas,1,1,1,0,0,0,0,0,0,,multiplos,bloco-13-sessao-2026-05-13::logica de programas introducao ao dafny aula::MULTI:softwares-de-suporte-a-verificacao-formal-de-programas+verificacao-de-programas || bloco-13-sessao-2026-05-18::logica de programas colecoes dafny arrays aula::MULTI:softwares-de-suporte-a-verificacao-formal-de-programas+verificacao-de-programas || bloco-13-sessao-2026-05-20::logica de programas colecoes dafny sequencia
MF,cru,colecoes-conjuntos,0,unidade-02-verificacao-de-programas,de7d1b70-fb58-4a18-ad49-d1a64c6c7684,softwares-de-suporte-a-verificacao-formal-de-programas,verificacao-de-programas,verificacao-de-programas,verificacao-de-programas,verificacao-de-programas,1,1,1,0,0,0,0,0,0,,multiplos,bloco-13-sessao-2026-05-13::logica de programas introducao ao dafny aula::MULTI:softwares-de-suporte-a-verificacao-formal-de-programas+verificacao-de-programas || bloco-13-sessao-2026-05-18::logica de programas colecoes dafny arrays aula::MULTI:softwares-de-suporte-a-verificacao-formal-de-programas+verificacao-de-programas || bloco-13-sessao-2026-05-20::logica de programas colecoes dafny sequencia
MF,cru,colecoes-sequences,0,unidade-02-verificacao-de-programas,de7d1b70-fb58-4a18-ad49-d1a64c6c7684,softwares-de-suporte-a-verificacao-formal-de-programas,verificacao-de-programas,verificacao-de-programas,verificacao-de-programas,verificacao-de-programas,1,1,1,0,0,0,1,1,1,,multiplos,bloco-13-sessao-2026-05-13::logica de programas introducao ao dafny aula::MULTI:softwares-de-suporte-a-verificacao-formal-de-programas+verificacao-de-programas || bloco-13-sessao-2026-05-18::logica de programas colecoes dafny arrays aula::MULTI:softwares-de-suporte-a-verificacao-formal-de-programas+verificacao-de-programas || bloco-13-sessao-2026-05-20::logica de programas colecoes dafny sequencia
MF,cru,exercicios-conjuntos,0,unidade-02-verificacao-de-programas,de7d1b70-fb58-4a18-ad49-d1a64c6c7684,softwares-de-suporte-a-verificacao-formal-de-programas,verificacao-de-programas;invariante-e-variante-de-laco,verificacao-de-programas,verificacao-de-programas,verificacao-de-programas,1,1,1,0,0,0,0,0,0,,multiplos,bloco-13-sessao-2026-05-13::logica de programas introducao ao dafny aula::MULTI:softwares-de-suporte-a-verificacao-formal-de-programas+verificacao-de-programas || bloco-13-sessao-2026-05-18::logica de programas colecoes dafny arrays aula::MULTI:softwares-de-suporte-a-verificacao-formal-de-programas+verificacao-de-programas || bloco-13-sessao-2026-05-20::logica de programas colecoes dafny sequencia
MF,cru,hoare,0,unidade-02-verificacao-de-programas,171a1a09-a72d-490d-b4d8-5843cfb301b4,logica-de-hoare,softwares-de-suporte-a-verificacao-formal-de-programas;verificacao-de-programas,correcao-parcial-e-total,correcao-parcial-e-total,correcao-parcial-e-total,0,0,0,0,0,0,1,1,1,,so-o-pai,bloco-10-sessao-2026-04-27::logica de hoare aula::PAI:logica-de-hoare || bloco-10-sessao-2026-04-29::logica de hoare aula::PAI:logica-de-hoare
MF,cru,introducao-zip,0,unidade-02-verificacao-de-programas,e3bc8a61-e729-4f25-9bc5-12b8a47151e3,softwares-de-suporte-a-verificacao-formal-de-programas,verificacao-de-programas,verificacao-de-programas,verificacao-de-programas,verificacao-de-programas,1,1,1,0,0,0,0,0,0,,nenhum,
MF,cru,invariantes,0,unidade-02-verificacao-de-programas,c9f5f7cf-3477-4531-be7a-f7b68727009c,invariante-e-variante-de-laco,,invariante-e-variante-de-laco,invariante-e-variante-de-laco,invariante-e-variante-de-laco,1,1,1,1,1,1,1,1,1,,multiplos,bloco-11-sessao-2026-05-06::logica de programas correcao parcial correcao total e terminacao invariantes de laco::MULTI:correcao-parcial-e-total+softwares-de-suporte-a-verificacao-formal-de-programas+verificacao-de-programas
MF,cru,terminacao,1,unidade-02-verificacao-de-programas,e3bc8a61-e729-4f25-9bc5-12b8a47151e3,correcao-parcial-e-total,invariante-e-variante-de-laco,,,,0,0,0,0,0,0,0,0,0,,nenhum,
MF,cru,tiposindutivos,1,unidade-02-verificacao-de-programas,95d7c9fb-d9e3-43cd-b1fb-5fcebddb49f0,softwares-de-suporte-a-verificacao-formal-de-programas,,verificacao-de-programas,verificacao-de-programas,verificacao-de-programas,0,0,0,0,0,0,1,1,1,,multiplos,bloco-15-sessao-2026-06-01::logica de programas orientacao a objetos dafny ghosts autocontrato aula::MULTI:softwares-de-suporte-a-verificacao-formal-de-programas+verificacao-de-programas || bloco-15-sessao-2026-06-03::logica de programas orientacao a objetos dafny ghosts autocontrato::MULTI:softwares-de-suporte-a-verificacao-formal-de-programas+verificacao-de-programas || bloco-15-sessao-2026-06-0
MF,cru,exemplos-zip,0,unidade-03-verificacao-de-modelos,a6ac04f2-7611-4bef-b74a-54390cef4084,softwares-de-suporte-a-verificacao-formal-de-modelos,verificacao-de-modelos-model-checking,verificacao-de-modelos-model-checking,softwares-de-suporte-a-verificacao-formal-de-modelos,verificacao-de-modelos-model-checking,1,1,1,0,1,0,1,1,1,softwares-de-suporte-a-verificacao-formal-de-modelos,decide,bloco-16-sessao-2026-06-15::verificacao de modelos logica temporal aula::softwares-de-suporte-a-verificacao-formal-de-modelos || bloco-16-sessao-2026-06-17::verificacao de modelos logica temporal aula::softwares-de-suporte-a-verificacao-formal-de-modelos
MF,cru,exerciciosformalizacaoalgoritmosrecursao3-respostas,0,unidade-01-metodos-formais,7ccdaf5e-76b8-48e5-82b5-05f80b3f054b,especificacao-de-funcoes-recursivas,,especificacao-de-funcoes-recursivas,especificacao-de-conjuntos-indutivos,especificacao-de-funcoes-recursivas,1,0,1,1,0,1,1,1,1,especificacao-de-conjuntos-indutivos,decide,bloco-04-sessao-2026-03-11::conjuntos indutivos e equacoes recursivas aula::especificacao-de-conjuntos-indutivos
MF,cru,classes-parte2,0,unidade-02-verificacao-de-programas,95d7c9fb-d9e3-43cd-b1fb-5fcebddb49f0,verificacao-de-programas,invariante-e-variante-de-laco;pre-e-pos-condicoes;softwares-de-suporte-a-verificacao-formal-de-programas,verificacao-de-programas,verificacao-de-programas,verificacao-de-programas,1,1,1,1,1,1,0,0,0,,multiplos,bloco-15-sessao-2026-06-01::logica de programas orientacao a objetos dafny ghosts autocontrato aula::MULTI:softwares-de-suporte-a-verificacao-formal-de-programas+verificacao-de-programas || bloco-15-sessao-2026-06-03::logica de programas orientacao a objetos dafny ghosts autocontrato::MULTI:softwares-de-suporte-a-verificacao-formal-de-programas+verificacao-de-programas || bloco-15-sessao-2026-06-0
MF,cru,exercicios-arrays,0,unidade-02-verificacao-de-programas,de7d1b70-fb58-4a18-ad49-d1a64c6c7684,softwares-de-suporte-a-verificacao-formal-de-programas,verificacao-de-programas;invariante-e-variante-de-laco;pre-e-pos-condicoes,verificacao-de-programas,verificacao-de-programas,verificacao-de-programas,1,1,1,0,0,0,1,1,1,,multiplos,bloco-13-sessao-2026-05-13::logica de programas introducao ao dafny aula::MULTI:softwares-de-suporte-a-verificacao-formal-de-programas+verificacao-de-programas || bloco-13-sessao-2026-05-18::logica de programas colecoes dafny arrays aula::MULTI:softwares-de-suporte-a-verificacao-formal-de-programas+verificacao-de-programas || bloco-13-sessao-2026-05-20::logica de programas colecoes dafny sequencia
MF,cru,logicadehoare-exercicios-respostas,0,unidade-02-verificacao-de-programas,171a1a09-a72d-490d-b4d8-5843cfb301b4,logica-de-hoare,,logica-de-hoare,logica-de-hoare,logica-de-hoare,1,1,1,1,1,1,1,1,1,,so-o-pai,bloco-10-sessao-2026-04-27::logica de hoare aula::PAI:logica-de-hoare || bloco-10-sessao-2026-04-29::logica de hoare aula::PAI:logica-de-hoare
MF,produto,archive-of-formal-proofs-355fb8,0,unidade-01-metodos-formais,c4bf9e4c-80f8-4e57-b2b1-a943c6656e52,provadores-de-teoremas,,abordagens-para-verificacao-formal,abordagens-para-verificacao-formal,abordagens-para-verificacao-formal,0,0,0,0,0,0,1,1,1,,nenhum,
MF,produto,exerciciosformalizacaoalgoritmosrecursao3,0,unidade-01-metodos-formais,7ccdaf5e-76b8-48e5-82b5-05f80b3f054b,especificacao-de-funcoes-recursivas,especificacao-de-conjuntos-indutivos,especificacao-de-funcoes-recursivas,especificacao-de-funcoes-recursivas,especificacao-de-funcoes-recursivas,1,1,1,1,1,1,1,1,1,,multiplos,bloco-04-sessao-2026-03-11::conjuntos indutivos e equacoes recursivas aula::MULTI:especificacao-de-conjuntos-indutivos+especificacao-de-funcoes-recursivas
MF,produto,formalizacaoalgoritmos-recursao2,0,unidade-01-metodos-formais,7ccdaf5e-76b8-48e5-82b5-05f80b3f054b,especificacao-de-funcoes-recursivas,especificacao-de-conjuntos-indutivos,especificacao-de-funcoes-recursivas,especificacao-de-funcoes-recursivas,especificacao-de-funcoes-recursivas,1,1,1,1,1,1,1,1,1,,multiplos,bloco-04-sessao-2026-03-11::conjuntos indutivos e equacoes recursivas aula::MULTI:especificacao-de-conjuntos-indutivos+especificacao-de-funcoes-recursivas
MF,produto,exerciciosconjuntosindutivos,0,unidade-01-metodos-formais,7ccdaf5e-76b8-48e5-82b5-05f80b3f054b,especificacao-de-conjuntos-indutivos,,especificacao-de-conjuntos-indutivos,especificacao-de-conjuntos-indutivos,especificacao-de-conjuntos-indutivos,1,1,1,1,1,1,1,1,1,,multiplos,bloco-04-sessao-2026-03-11::conjuntos indutivos e equacoes recursivas aula::MULTI:especificacao-de-conjuntos-indutivos+especificacao-de-funcoes-recursivas
MF,produto,conjuntosindutivos,0,unidade-01-metodos-formais,7ccdaf5e-76b8-48e5-82b5-05f80b3f054b,especificacao-de-conjuntos-indutivos,,especificacao-de-conjuntos-indutivos,especificacao-de-conjuntos-indutivos,especificacao-de-conjuntos-indutivos,1,1,1,1,1,1,1,1,1,,multiplos,bloco-04-sessao-2026-03-11::conjuntos indutivos e equacoes recursivas aula::MULTI:especificacao-de-conjuntos-indutivos+especificacao-de-funcoes-recursivas
MF,produto,logicapredicados-semantica,0,unidade-01-metodos-formais,2edd762f-2dc8-4437-90c7-c207b796434a,fundamentos-de-logica-de-primeira-ordem,,fundamentos-de-logica-de-primeira-ordem,fundamentos-de-logica-de-primeira-ordem,fundamentos-de-logica-de-primeira-ordem,1,1,1,1,1,1,1,1,1,fundamentos-de-logica-de-primeira-ordem,decide,bloco-03-sessao-2026-03-09::revisao de logica de predicados exercicios aula::fundamentos-de-logica-de-primeira-ordem
MF,produto,logicapredicados-sintaxe,0,unidade-01-metodos-formais,2edd762f-2dc8-4437-90c7-c207b796434a,fundamentos-de-logica-de-primeira-ordem,,fundamentos-de-logica-de-primeira-ordem,fundamentos-de-logica-de-primeira-ordem,fundamentos-de-logica-de-primeira-ordem,1,1,1,1,1,1,1,1,1,fundamentos-de-logica-de-primeira-ordem,decide,bloco-03-sessao-2026-03-09::revisao de logica de predicados exercicios aula::fundamentos-de-logica-de-primeira-ordem
MF,produto,logicaproposicional-sintaxe,0,unidade-01-metodos-formais,2edd762f-2dc8-4437-90c7-c207b796434a,linguagens-de-especificacao-e-logicas,fundamentos-de-logica-de-primeira-ordem,linguagens-de-especificacao-e-logicas,fundamentos-de-logica-de-primeira-ordem,linguagens-de-especificacao-e-logicas,1,1,1,1,0,1,1,1,1,fundamentos-de-logica-de-primeira-ordem,decide,bloco-03-sessao-2026-03-09::revisao de logica de predicados exercicios aula::fundamentos-de-logica-de-primeira-ordem
MF,produto,revisao,0,unidade-01-metodos-formais,2edd762f-2dc8-4437-90c7-c207b796434a,sistemas-formais,,sistemas-formais,fundamentos-de-logica-de-primeira-ordem,sistemas-formais,1,0,1,1,0,1,1,1,1,fundamentos-de-logica-de-primeira-ordem,decide,bloco-03-sessao-2026-03-09::revisao de logica de predicados exercicios aula::fundamentos-de-logica-de-primeira-ordem
MF,produto,introducao,0,unidade-01-metodos-formais,1e73625a-de3e-4c8a-87c4-d301a3138c0b,abordagens-para-verificacao-formal,exemplos-de-aplicacoes,exemplos-de-aplicacoes,exemplos-de-aplicacoes,exemplos-de-aplicacoes,1,1,1,0,0,0,1,1,1,,nenhum,
MF,produto,provasindutivas-especificacoesrecursivas,0,unidade-01-metodos-formais,7a5e29db-f228-4e96-bd4b-272d5b74e2ae,especificacao-de-funcoes-recursivas,abordagens-para-verificacao-formal,especificacao-de-funcoes-recursivas,especificacao-de-funcoes-recursivas,especificacao-de-funcoes-recursivas,1,1,1,1,1,1,1,1,1,,nenhum,
MF,produto,provasindutivas-especificacoesrecursivas-arvores,0,unidade-01-metodos-formais,7a5e29db-f228-4e96-bd4b-272d5b74e2ae,especificacao-de-funcoes-recursivas,abordagens-para-verificacao-formal,especificacao-de-funcoes-recursivas,especificacao-de-funcoes-recursivas,especificacao-de-funcoes-recursivas,1,1,1,1,1,1,1,1,1,,nenhum,
MF,produto,provasindutivas-especificacoesrecursivas-listas,0,unidade-01-metodos-formais,7a5e29db-f228-4e96-bd4b-272d5b74e2ae,especificacao-de-funcoes-recursivas,abordagens-para-verificacao-formal,especificacao-de-funcoes-recursivas,especificacao-de-funcoes-recursivas,especificacao-de-funcoes-recursivas,1,1,1,1,1,1,1,1,1,,nenhum,
MF,produto,exercicioscorrecaoinducaomatematica,0,unidade-01-metodos-formais,7a5e29db-f228-4e96-bd4b-272d5b74e2ae,especificacao-de-funcoes-recursivas,abordagens-para-verificacao-formal,especificacao-de-funcoes-recursivas,especificacao-de-funcoes-recursivas,especificacao-de-funcoes-recursivas,1,1,1,1,1,1,1,1,1,,nenhum,
MF,produto,exerciciosespecificacao-respostas,0,unidade-01-metodos-formais,2edd762f-2dc8-4437-90c7-c207b796434a,linguagens-de-especificacao-e-logicas,,linguagens-de-especificacao-e-logicas,fundamentos-de-logica-de-primeira-ordem,linguagens-de-especificacao-e-logicas,1,0,1,1,0,1,0,1,0,fundamentos-de-logica-de-primeira-ordem,decide,bloco-03-sessao-2026-03-09::revisao de logica de predicados exercicios aula::fundamentos-de-logica-de-primeira-ordem
MF,produto,exerciciosespecificacao,0,unidade-01-metodos-formais,2edd762f-2dc8-4437-90c7-c207b796434a,linguagens-de-especificacao-e-logicas,,linguagens-de-especificacao-e-logicas,fundamentos-de-logica-de-primeira-ordem,linguagens-de-especificacao-e-logicas,1,0,1,1,0,1,0,1,0,fundamentos-de-logica-de-primeira-ordem,decide,bloco-03-sessao-2026-03-09::revisao de logica de predicados exercicios aula::fundamentos-de-logica-de-primeira-ordem
MF,produto,exerciciosformalizacaoalgoritmosrecursao2,0,unidade-01-metodos-formais,7ccdaf5e-76b8-48e5-82b5-05f80b3f054b,especificacao-de-funcoes-recursivas,especificacao-de-conjuntos-indutivos,especificacao-de-funcoes-recursivas,especificacao-de-funcoes-recursivas,especificacao-de-funcoes-recursivas,1,1,1,1,1,1,1,1,1,,multiplos,bloco-04-sessao-2026-03-11::conjuntos indutivos e equacoes recursivas aula::MULTI:especificacao-de-conjuntos-indutivos+especificacao-de-funcoes-recursivas
MF,produto,exerciciosisabelle2,0,unidade-01-metodos-formais,5599d015-10e0-4f6e-ad17-c526b903dc09,provadores-de-teoremas,especificacao-de-funcoes-recursivas,provadores-de-teoremas,provadores-de-teoremas,provadores-de-teoremas,1,1,1,1,1,1,1,1,1,,multiplos,bloco-06-sessao-2026-04-06::prova interativa de teoremas isabelle aula::MULTI:linguagens-de-especificacao-e-logicas+provadores-de-teoremas || bloco-06-sessao-2026-04-08::prova interativa de teoremas isabelle aula::MULTI:linguagens-de-especificacao-e-logicas+provadores-de-teoremas
MF,produto,logicaproposicional-semantica,0,unidade-01-metodos-formais,2edd762f-2dc8-4437-90c7-c207b796434a,linguagens-de-especificacao-e-logicas,fundamentos-de-logica-de-primeira-ordem,linguagens-de-especificacao-e-logicas,fundamentos-de-logica-de-primeira-ordem,linguagens-de-especificacao-e-logicas,1,1,1,1,0,1,1,1,1,fundamentos-de-logica-de-primeira-ordem,decide,bloco-03-sessao-2026-03-09::revisao de logica de predicados exercicios aula::fundamentos-de-logica-de-primeira-ordem
MF,produto,exerciciosformalizacaoalgoritmosrecursao-respostas,0,unidade-01-metodos-formais,7ccdaf5e-76b8-48e5-82b5-05f80b3f054b,especificacao-de-funcoes-recursivas,,especificacao-de-funcoes-recursivas,especificacao-de-funcoes-recursivas,especificacao-de-funcoes-recursivas,1,1,1,1,1,1,0,0,0,,multiplos,bloco-04-sessao-2026-03-11::conjuntos indutivos e equacoes recursivas aula::MULTI:especificacao-de-conjuntos-indutivos+especificacao-de-funcoes-recursivas
MF,produto,formalizacaoalgoritmos-recursao,0,unidade-01-metodos-formais,7ccdaf5e-76b8-48e5-82b5-05f80b3f054b,especificacao-de-funcoes-recursivas,,especificacao-de-funcoes-recursivas,especificacao-de-funcoes-recursivas,especificacao-de-funcoes-recursivas,1,1,1,1,1,1,1,1,1,,multiplos,bloco-04-sessao-2026-03-11::conjuntos indutivos e equacoes recursivas aula::MULTI:especificacao-de-conjuntos-indutivos+especificacao-de-funcoes-recursivas
MF,produto,formalizacaoalgoritmos-recursao3,0,unidade-01-metodos-formais,7ccdaf5e-76b8-48e5-82b5-05f80b3f054b,especificacao-de-funcoes-recursivas,especificacao-de-conjuntos-indutivos,especificacao-de-funcoes-recursivas,especificacao-de-funcoes-recursivas,especificacao-de-funcoes-recursivas,1,1,1,1,1,1,1,1,1,,multiplos,bloco-04-sessao-2026-03-11::conjuntos indutivos e equacoes recursivas aula::MULTI:especificacao-de-conjuntos-indutivos+especificacao-de-funcoes-recursivas
MF,produto,exerciciosisabelle,0,unidade-01-metodos-formais,5599d015-10e0-4f6e-ad17-c526b903dc09,provadores-de-teoremas,especificacao-de-funcoes-recursivas,provadores-de-teoremas,provadores-de-teoremas,provadores-de-teoremas,1,1,1,1,1,1,1,1,1,,multiplos,bloco-06-sessao-2026-04-06::prova interativa de teoremas isabelle aula::MULTI:linguagens-de-especificacao-e-logicas+provadores-de-teoremas || bloco-06-sessao-2026-04-08::prova interativa de teoremas isabelle aula::MULTI:linguagens-de-especificacao-e-logicas+provadores-de-teoremas
MF,produto,exerciciosformalizacaoalgoritmosrecursao,0,unidade-01-metodos-formais,7ccdaf5e-76b8-48e5-82b5-05f80b3f054b,especificacao-de-funcoes-recursivas,,especificacao-de-funcoes-recursivas,especificacao-de-funcoes-recursivas,especificacao-de-funcoes-recursivas,1,1,1,1,1,1,1,1,1,,multiplos,bloco-04-sessao-2026-03-11::conjuntos indutivos e equacoes recursivas aula::MULTI:especificacao-de-conjuntos-indutivos+especificacao-de-funcoes-recursivas
MF,produto,arvores,1,unidade-01-metodos-formais,7a5e29db-f228-4e96-bd4b-272d5b74e2ae,provadores-de-teoremas,especificacao-de-funcoes-recursivas,provadores-de-teoremas,provadores-de-teoremas,provadores-de-teoremas,1,1,1,1,1,1,1,1,1,,nenhum,
MF,produto,exemplos,0,unidade-01-metodos-formais,5599d015-10e0-4f6e-ad17-c526b903dc09,provadores-de-teoremas,especificacao-de-funcoes-recursivas;especificacao-de-conjuntos-indutivos,exemplos-de-aplicacoes,exemplos-de-aplicacoes,exemplos-de-aplicacoes,0,0,0,0,0,0,1,1,1,,multiplos,bloco-06-sessao-2026-04-06::prova interativa de teoremas isabelle aula::MULTI:linguagens-de-especificacao-e-logicas+provadores-de-teoremas || bloco-06-sessao-2026-04-08::prova interativa de teoremas isabelle aula::MULTI:linguagens-de-especificacao-e-logicas+provadores-de-teoremas
MF,produto,intro,0,unidade-01-metodos-formais,5599d015-10e0-4f6e-ad17-c526b903dc09,provadores-de-teoremas,especificacao-de-conjuntos-indutivos;especificacao-de-funcoes-recursivas,especificacao-de-conjuntos-indutivos,especificacao-de-conjuntos-indutivos,especificacao-de-conjuntos-indutivos,1,1,1,0,0,0,1,1,1,,multiplos,bloco-06-sessao-2026-04-06::prova interativa de teoremas isabelle aula::MULTI:linguagens-de-especificacao-e-logicas+provadores-de-teoremas || bloco-06-sessao-2026-04-08::prova interativa de teoremas isabelle aula::MULTI:linguagens-de-especificacao-e-logicas+provadores-de-teoremas
MF,produto,listas,1,unidade-01-metodos-formais,7a5e29db-f228-4e96-bd4b-272d5b74e2ae,provadores-de-teoremas,especificacao-de-funcoes-recursivas,provadores-de-teoremas,provadores-de-teoremas,provadores-de-teoremas,1,1,1,1,1,1,1,1,1,,nenhum,
MF,produto,provas,0,unidade-01-metodos-formais,5599d015-10e0-4f6e-ad17-c526b903dc09,provadores-de-teoremas,especificacao-de-funcoes-recursivas,provadores-de-teoremas,provadores-de-teoremas,provadores-de-teoremas,1,1,1,1,1,1,1,1,1,,multiplos,bloco-06-sessao-2026-04-06::prova interativa de teoremas isabelle aula::MULTI:linguagens-de-especificacao-e-logicas+provadores-de-teoremas || bloco-06-sessao-2026-04-08::prova interativa de teoremas isabelle aula::MULTI:linguagens-de-especificacao-e-logicas+provadores-de-teoremas
MF,produto,correcaoterminacao,0,unidade-02-verificacao-de-programas,c9f5f7cf-3477-4531-be7a-f7b68727009c,correcao-parcial-e-total,invariante-e-variante-de-laco,correcao-parcial-e-total,correcao-parcial-e-total,correcao-parcial-e-total,1,1,1,1,1,1,1,1,1,,multiplos,bloco-11-sessao-2026-05-06::logica de programas correcao parcial correcao total e terminacao invariantes de laco::MULTI:correcao-parcial-e-total+invariante-e-variante-de-laco+softwares-de-suporte-a-verificacao-formal-de-programas+verificacao-de-programas
MF,produto,exercicioscorrecaoterminacao,1,unidade-02-verificacao-de-programas,c9f5f7cf-3477-4531-be7a-f7b68727009c,correcao-parcial-e-total,invariante-e-variante-de-laco;softwares-de-suporte-a-verificacao-formal-de-programas,correcao-parcial-e-total,correcao-parcial-e-total,correcao-parcial-e-total,1,1,1,1,1,1,1,1,1,,multiplos,bloco-11-sessao-2026-05-06::logica de programas correcao parcial correcao total e terminacao invariantes de laco::MULTI:correcao-parcial-e-total+invariante-e-variante-de-laco+softwares-de-suporte-a-verificacao-formal-de-programas+verificacao-de-programas
MF,produto,exerciciosformalizacaoalgoritmosinvariantes,0,unidade-02-verificacao-de-programas,c9f5f7cf-3477-4531-be7a-f7b68727009c,invariante-e-variante-de-laco,,invariante-e-variante-de-laco,invariante-e-variante-de-laco,invariante-e-variante-de-laco,1,1,1,1,1,1,1,1,1,,multiplos,bloco-11-sessao-2026-05-06::logica de programas correcao parcial correcao total e terminacao invariantes de laco::MULTI:correcao-parcial-e-total+invariante-e-variante-de-laco+softwares-de-suporte-a-verificacao-formal-de-programas+verificacao-de-programas
MF,produto,formalizacaoalgoritmos-invarianteslaco,0,unidade-02-verificacao-de-programas,c9f5f7cf-3477-4531-be7a-f7b68727009c,invariante-e-variante-de-laco,,invariante-e-variante-de-laco,invariante-e-variante-de-laco,invariante-e-variante-de-laco,1,1,1,1,1,1,1,1,1,,multiplos,bloco-11-sessao-2026-05-06::logica de programas correcao parcial correcao total e terminacao invariantes de laco::MULTI:correcao-parcial-e-total+invariante-e-variante-de-laco+softwares-de-suporte-a-verificacao-formal-de-programas+verificacao-de-programas
MF,produto,logicadehoare,0,unidade-02-verificacao-de-programas,171a1a09-a72d-490d-b4d8-5843cfb301b4,logica-de-hoare,pre-e-pos-condicoes,logica-de-hoare,logica-de-hoare,logica-de-hoare,1,1,1,1,1,1,1,1,1,,so-o-pai,bloco-10-sessao-2026-04-27::logica de hoare aula::PAI:logica-de-hoare || bloco-10-sessao-2026-04-29::logica de hoare aula::PAI:logica-de-hoare
MF,produto,logicadehoare2,1,unidade-02-verificacao-de-programas,171a1a09-a72d-490d-b4d8-5843cfb301b4,logica-de-hoare,invariante-e-variante-de-laco;pre-e-pos-condicoes,logica-de-hoare,logica-de-hoare,logica-de-hoare,1,1,1,1,1,1,1,1,1,,so-o-pai,bloco-10-sessao-2026-04-27::logica de hoare aula::PAI:logica-de-hoare || bloco-10-sessao-2026-04-29::logica de hoare aula::PAI:logica-de-hoare
MF,produto,exerciciosdafny1,0,unidade-02-verificacao-de-programas,e3bc8a61-e729-4f25-9bc5-12b8a47151e3,softwares-de-suporte-a-verificacao-formal-de-programas,verificacao-de-programas;pre-e-pos-condicoes,verificacao-de-programas,correcao-parcial-e-total,verificacao-de-programas,1,0,1,0,0,0,1,1,1,correcao-parcial-e-total,decide,bloco-12-sessao-2026-05-11::terminacao introducao ao dafny aula::correcao-parcial-e-total
MF,produto,exerciciosdafny2,0,unidade-02-verificacao-de-programas,de7d1b70-fb58-4a18-ad49-d1a64c6c7684,softwares-de-suporte-a-verificacao-formal-de-programas,verificacao-de-programas,verificacao-de-programas,verificacao-de-programas,verificacao-de-programas,1,1,1,0,0,0,1,1,1,,multiplos,bloco-13-sessao-2026-05-13::logica de programas introducao ao dafny aula::MULTI:softwares-de-suporte-a-verificacao-formal-de-programas+verificacao-de-programas || bloco-13-sessao-2026-05-18::logica de programas colecoes dafny arrays aula::MULTI:softwares-de-suporte-a-verificacao-formal-de-programas+verificacao-de-programas || bloco-13-sessao-2026-05-20::logica de programas colecoes dafny sequencia
MF,produto,exerciciosdafny3,0,unidade-02-verificacao-de-programas,de7d1b70-fb58-4a18-ad49-d1a64c6c7684,softwares-de-suporte-a-verificacao-formal-de-programas,verificacao-de-programas,verificacao-de-programas,verificacao-de-programas,verificacao-de-programas,1,1,1,0,0,0,1,1,1,,multiplos,bloco-13-sessao-2026-05-13::logica de programas introducao ao dafny aula::MULTI:softwares-de-suporte-a-verificacao-formal-de-programas+verificacao-de-programas || bloco-13-sessao-2026-05-18::logica de programas colecoes dafny arrays aula::MULTI:softwares-de-suporte-a-verificacao-formal-de-programas+verificacao-de-programas || bloco-13-sessao-2026-05-20::logica de programas colecoes dafny sequencia
MF,produto,exerciciosdafny4,0,unidade-02-verificacao-de-programas,de7d1b70-fb58-4a18-ad49-d1a64c6c7684,softwares-de-suporte-a-verificacao-formal-de-programas,verificacao-de-programas,verificacao-de-programas,verificacao-de-programas,verificacao-de-programas,1,1,1,0,0,0,1,1,1,,multiplos,bloco-13-sessao-2026-05-13::logica de programas introducao ao dafny aula::MULTI:softwares-de-suporte-a-verificacao-formal-de-programas+verificacao-de-programas || bloco-13-sessao-2026-05-18::logica de programas colecoes dafny arrays aula::MULTI:softwares-de-suporte-a-verificacao-formal-de-programas+verificacao-de-programas || bloco-13-sessao-2026-05-20::logica de programas colecoes dafny sequencia
MF,produto,exerciciosdafny5,0,unidade-02-verificacao-de-programas,95d7c9fb-d9e3-43cd-b1fb-5fcebddb49f0,softwares-de-suporte-a-verificacao-formal-de-programas,verificacao-de-programas;pre-e-pos-condicoes,verificacao-de-programas,verificacao-de-programas,verificacao-de-programas,1,1,1,0,0,0,1,1,1,,multiplos,bloco-15-sessao-2026-06-01::logica de programas orientacao a objetos dafny ghosts autocontrato aula::MULTI:softwares-de-suporte-a-verificacao-formal-de-programas+verificacao-de-programas || bloco-15-sessao-2026-06-03::logica de programas orientacao a objetos dafny ghosts autocontrato::MULTI:softwares-de-suporte-a-verificacao-formal-de-programas+verificacao-de-programas || bloco-15-sessao-2026-06-0
MF,produto,verificacaomodelos,0,unidade-03-verificacao-de-modelos,a6ac04f2-7611-4bef-b74a-54390cef4084,verificacao-de-modelos-model-checking,fundamentos-de-logicas-temporais;especificacao-de-propriedades-para-sistemas-sequenciais-e-concorrentes;modelos-de-kripke,especificacao-de-propriedades-para-sistemas-sequenciais-e-concorrentes,especificacao-de-propriedades-para-sistemas-sequenciais-e-concorrentes,especificacao-de-propriedades-para-sistemas-sequenciais-e-concorrentes,1,1,1,0,0,0,1,1,1,,multiplos,bloco-16-sessao-2026-06-15::verificacao de modelos logica temporal aula::MULTI:softwares-de-suporte-a-verificacao-formal-de-modelos+verificacao-de-modelos-model-checking || bloco-16-sessao-2026-06-17::verificacao de modelos logica temporal aula::MULTI:softwares-de-suporte-a-verificacao-formal-de-modelos+verificacao-de-modelos-model-checking
MF,produto,exercicioslogicatemporal,0,unidade-03-verificacao-de-modelos,a6ac04f2-7611-4bef-b74a-54390cef4084,fundamentos-de-logicas-temporais,verificacao-de-modelos-model-checking;logica-temporal-linear;logica-temporal-ramificada,verificacao-de-modelos-model-checking,verificacao-de-modelos-model-checking,verificacao-de-modelos-model-checking,1,1,1,0,0,0,1,1,1,,multiplos,bloco-16-sessao-2026-06-15::verificacao de modelos logica temporal aula::MULTI:softwares-de-suporte-a-verificacao-formal-de-modelos+verificacao-de-modelos-model-checking || bloco-16-sessao-2026-06-17::verificacao de modelos logica temporal aula::MULTI:softwares-de-suporte-a-verificacao-formal-de-modelos+verificacao-de-modelos-model-checking
MF,produto,exerciciosnusmv,0,unidade-03-verificacao-de-modelos,a6ac04f2-7611-4bef-b74a-54390cef4084,softwares-de-suporte-a-verificacao-formal-de-modelos,verificacao-de-modelos-model-checking,softwares-de-suporte-a-verificacao-formal-de-modelos,softwares-de-suporte-a-verificacao-formal-de-modelos,softwares-de-suporte-a-verificacao-formal-de-modelos,1,1,1,1,1,1,0,0,0,,multiplos,bloco-16-sessao-2026-06-15::verificacao de modelos logica temporal aula::MULTI:softwares-de-suporte-a-verificacao-formal-de-modelos+verificacao-de-modelos-model-checking || bloco-16-sessao-2026-06-17::verificacao de modelos logica temporal aula::MULTI:softwares-de-suporte-a-verificacao-formal-de-modelos+verificacao-de-modelos-model-checking
MF,produto,classes-parte1,0,unidade-02-verificacao-de-programas,95d7c9fb-d9e3-43cd-b1fb-5fcebddb49f0,pre-e-pos-condicoes,softwares-de-suporte-a-verificacao-formal-de-programas;verificacao-de-programas,verificacao-de-programas,verificacao-de-programas,verificacao-de-programas,1,1,1,0,0,0,0,0,0,,multiplos,bloco-15-sessao-2026-06-01::logica de programas orientacao a objetos dafny ghosts autocontrato aula::MULTI:softwares-de-suporte-a-verificacao-formal-de-programas+verificacao-de-programas || bloco-15-sessao-2026-06-03::logica de programas orientacao a objetos dafny ghosts autocontrato::MULTI:softwares-de-suporte-a-verificacao-formal-de-programas+verificacao-de-programas || bloco-15-sessao-2026-06-0
MF,produto,colecoes-arrays,0,unidade-02-verificacao-de-programas,de7d1b70-fb58-4a18-ad49-d1a64c6c7684,softwares-de-suporte-a-verificacao-formal-de-programas,verificacao-de-programas,verificacao-de-programas,verificacao-de-programas,verificacao-de-programas,1,1,1,0,0,0,0,0,0,,multiplos,bloco-13-sessao-2026-05-13::logica de programas introducao ao dafny aula::MULTI:softwares-de-suporte-a-verificacao-formal-de-programas+verificacao-de-programas || bloco-13-sessao-2026-05-18::logica de programas colecoes dafny arrays aula::MULTI:softwares-de-suporte-a-verificacao-formal-de-programas+verificacao-de-programas || bloco-13-sessao-2026-05-20::logica de programas colecoes dafny sequencia
MF,produto,colecoes-conjuntos,0,unidade-02-verificacao-de-programas,de7d1b70-fb58-4a18-ad49-d1a64c6c7684,softwares-de-suporte-a-verificacao-formal-de-programas,verificacao-de-programas,verificacao-de-programas,verificacao-de-programas,verificacao-de-programas,1,1,1,0,0,0,0,0,0,,multiplos,bloco-13-sessao-2026-05-13::logica de programas introducao ao dafny aula::MULTI:softwares-de-suporte-a-verificacao-formal-de-programas+verificacao-de-programas || bloco-13-sessao-2026-05-18::logica de programas colecoes dafny arrays aula::MULTI:softwares-de-suporte-a-verificacao-formal-de-programas+verificacao-de-programas || bloco-13-sessao-2026-05-20::logica de programas colecoes dafny sequencia
MF,produto,colecoes-sequences,0,unidade-02-verificacao-de-programas,de7d1b70-fb58-4a18-ad49-d1a64c6c7684,softwares-de-suporte-a-verificacao-formal-de-programas,verificacao-de-programas,verificacao-de-programas,verificacao-de-programas,verificacao-de-programas,1,1,1,0,0,0,1,1,1,,multiplos,bloco-13-sessao-2026-05-13::logica de programas introducao ao dafny aula::MULTI:softwares-de-suporte-a-verificacao-formal-de-programas+verificacao-de-programas || bloco-13-sessao-2026-05-18::logica de programas colecoes dafny arrays aula::MULTI:softwares-de-suporte-a-verificacao-formal-de-programas+verificacao-de-programas || bloco-13-sessao-2026-05-20::logica de programas colecoes dafny sequencia
MF,produto,exercicios-conjuntos,0,unidade-02-verificacao-de-programas,de7d1b70-fb58-4a18-ad49-d1a64c6c7684,softwares-de-suporte-a-verificacao-formal-de-programas,verificacao-de-programas;invariante-e-variante-de-laco,verificacao-de-programas,verificacao-de-programas,verificacao-de-programas,1,1,1,0,0,0,0,0,0,,multiplos,bloco-13-sessao-2026-05-13::logica de programas introducao ao dafny aula::MULTI:softwares-de-suporte-a-verificacao-formal-de-programas+verificacao-de-programas || bloco-13-sessao-2026-05-18::logica de programas colecoes dafny arrays aula::MULTI:softwares-de-suporte-a-verificacao-formal-de-programas+verificacao-de-programas || bloco-13-sessao-2026-05-20::logica de programas colecoes dafny sequencia
MF,produto,hoare,0,unidade-02-verificacao-de-programas,171a1a09-a72d-490d-b4d8-5843cfb301b4,logica-de-hoare,softwares-de-suporte-a-verificacao-formal-de-programas;verificacao-de-programas,logica-de-hoare,logica-de-hoare,logica-de-hoare,1,1,1,1,1,1,1,1,1,,so-o-pai,bloco-10-sessao-2026-04-27::logica de hoare aula::PAI:logica-de-hoare || bloco-10-sessao-2026-04-29::logica de hoare aula::PAI:logica-de-hoare
MF,produto,introducao-zip,0,unidade-02-verificacao-de-programas,e3bc8a61-e729-4f25-9bc5-12b8a47151e3,softwares-de-suporte-a-verificacao-formal-de-programas,verificacao-de-programas,verificacao-de-programas,correcao-parcial-e-total,verificacao-de-programas,1,0,1,0,0,0,0,0,0,correcao-parcial-e-total,decide,bloco-12-sessao-2026-05-11::terminacao introducao ao dafny aula::correcao-parcial-e-total
MF,produto,invariantes,0,unidade-02-verificacao-de-programas,c9f5f7cf-3477-4531-be7a-f7b68727009c,invariante-e-variante-de-laco,,invariante-e-variante-de-laco,invariante-e-variante-de-laco,invariante-e-variante-de-laco,1,1,1,1,1,1,1,1,1,,multiplos,bloco-11-sessao-2026-05-06::logica de programas correcao parcial correcao total e terminacao invariantes de laco::MULTI:correcao-parcial-e-total+invariante-e-variante-de-laco+softwares-de-suporte-a-verificacao-formal-de-programas+verificacao-de-programas
MF,produto,terminacao,1,unidade-02-verificacao-de-programas,e3bc8a61-e729-4f25-9bc5-12b8a47151e3,correcao-parcial-e-total,invariante-e-variante-de-laco,correcao-parcial-e-total,correcao-parcial-e-total,correcao-parcial-e-total,1,1,1,1,1,1,1,1,1,correcao-parcial-e-total,decide,bloco-12-sessao-2026-05-11::terminacao introducao ao dafny aula::correcao-parcial-e-total
MF,produto,tiposindutivos,1,unidade-02-verificacao-de-programas,95d7c9fb-d9e3-43cd-b1fb-5fcebddb49f0,softwares-de-suporte-a-verificacao-formal-de-programas,,verificacao-de-programas,verificacao-de-programas,verificacao-de-programas,0,0,0,0,0,0,1,1,1,,multiplos,bloco-15-sessao-2026-06-01::logica de programas orientacao a objetos dafny ghosts autocontrato aula::MULTI:softwares-de-suporte-a-verificacao-formal-de-programas+verificacao-de-programas || bloco-15-sessao-2026-06-03::logica de programas orientacao a objetos dafny ghosts autocontrato::MULTI:softwares-de-suporte-a-verificacao-formal-de-programas+verificacao-de-programas || bloco-15-sessao-2026-06-0
MF,produto,exemplos-zip,0,unidade-03-verificacao-de-modelos,a6ac04f2-7611-4bef-b74a-54390cef4084,softwares-de-suporte-a-verificacao-formal-de-modelos,verificacao-de-modelos-model-checking,softwares-de-suporte-a-verificacao-formal-de-modelos,softwares-de-suporte-a-verificacao-formal-de-modelos,softwares-de-suporte-a-verificacao-formal-de-modelos,1,1,1,1,1,1,1,1,1,,multiplos,bloco-16-sessao-2026-06-15::verificacao de modelos logica temporal aula::MULTI:softwares-de-suporte-a-verificacao-formal-de-modelos+verificacao-de-modelos-model-checking || bloco-16-sessao-2026-06-17::verificacao de modelos logica temporal aula::MULTI:softwares-de-suporte-a-verificacao-formal-de-modelos+verificacao-de-modelos-model-checking
MF,produto,exerciciosformalizacaoalgoritmosrecursao3-respostas,0,unidade-01-metodos-formais,7ccdaf5e-76b8-48e5-82b5-05f80b3f054b,especificacao-de-funcoes-recursivas,,especificacao-de-funcoes-recursivas,especificacao-de-funcoes-recursivas,especificacao-de-funcoes-recursivas,1,1,1,1,1,1,1,1,1,,multiplos,bloco-04-sessao-2026-03-11::conjuntos indutivos e equacoes recursivas aula::MULTI:especificacao-de-conjuntos-indutivos+especificacao-de-funcoes-recursivas
MF,produto,classes-parte2,0,unidade-02-verificacao-de-programas,95d7c9fb-d9e3-43cd-b1fb-5fcebddb49f0,verificacao-de-programas,invariante-e-variante-de-laco;pre-e-pos-condicoes;softwares-de-suporte-a-verificacao-formal-de-programas,verificacao-de-programas,verificacao-de-programas,verificacao-de-programas,1,1,1,1,1,1,0,0,0,,multiplos,bloco-15-sessao-2026-06-01::logica de programas orientacao a objetos dafny ghosts autocontrato aula::MULTI:softwares-de-suporte-a-verificacao-formal-de-programas+verificacao-de-programas || bloco-15-sessao-2026-06-03::logica de programas orientacao a objetos dafny ghosts autocontrato::MULTI:softwares-de-suporte-a-verificacao-formal-de-programas+verificacao-de-programas || bloco-15-sessao-2026-06-0
MF,produto,exercicios-arrays,0,unidade-02-verificacao-de-programas,de7d1b70-fb58-4a18-ad49-d1a64c6c7684,softwares-de-suporte-a-verificacao-formal-de-programas,verificacao-de-programas;invariante-e-variante-de-laco;pre-e-pos-condicoes,verificacao-de-programas,verificacao-de-programas,verificacao-de-programas,1,1,1,0,0,0,1,1,1,,multiplos,bloco-13-sessao-2026-05-13::logica de programas introducao ao dafny aula::MULTI:softwares-de-suporte-a-verificacao-formal-de-programas+verificacao-de-programas || bloco-13-sessao-2026-05-18::logica de programas colecoes dafny arrays aula::MULTI:softwares-de-suporte-a-verificacao-formal-de-programas+verificacao-de-programas || bloco-13-sessao-2026-05-20::logica de programas colecoes dafny sequencia
MF,produto,logicadehoare-exercicios-respostas,0,unidade-02-verificacao-de-programas,171a1a09-a72d-490d-b4d8-5843cfb301b4,logica-de-hoare,,logica-de-hoare,logica-de-hoare,logica-de-hoare,1,1,1,1,1,1,1,1,1,,so-o-pai,bloco-10-sessao-2026-04-27::logica de hoare aula::PAI:logica-de-hoare || bloco-10-sessao-2026-04-29::logica de hoare aula::PAI:logica-de-hoare
SO,cru,definicao-e-historico,0,unidade-01-introducao-ao-estudo-de-sistemas-operacionais,bdcc7b26-25b0-4102-9c5b-d3af31606ad3,evolucao-historica,servicos-dos-sistemas-operacionais,servicos-dos-sistemas-operacionais,chamadas-de-sistema,servicos-dos-sistemas-operacionais,1,0,1,0,0,0,1,1,1,chamadas-de-sistema,decide,bloco-03-sessao-2026-03-12::estruturas dos sistemas operacionais processos chamadas de sistema aula::chamadas-de-sistema || bloco-03-sessao-2026-03-17::estruturas dos sistemas operacionais processos chamadas de sistema aula::chamadas-de-sistema
SO,cru,1203-processos,0,unidade-01-introducao-ao-estudo-de-sistemas-operacionais,bdcc7b26-25b0-4102-9c5b-d3af31606ad3,chamadas-de-sistema,servicos-dos-sistemas-operacionais,chamadas-de-sistema,chamadas-de-sistema,chamadas-de-sistema,1,1,1,1,1,1,1,1,1,chamadas-de-sistema,decide,bloco-03-sessao-2026-03-12::estruturas dos sistemas operacionais processos chamadas de sistema aula::chamadas-de-sistema || bloco-03-sessao-2026-03-17::estruturas dos sistemas operacionais processos chamadas de sistema aula::chamadas-de-sistema
SO,cru,1703-chamada-de-sistema,0,unidade-01-introducao-ao-estudo-de-sistemas-operacionais,bdcc7b26-25b0-4102-9c5b-d3af31606ad3,chamadas-de-sistema,,chamadas-de-sistema,chamadas-de-sistema,chamadas-de-sistema,1,1,1,1,1,1,1,1,1,chamadas-de-sistema,decide,bloco-03-sessao-2026-03-12::estruturas dos sistemas operacionais processos chamadas de sistema aula::chamadas-de-sistema || bloco-03-sessao-2026-03-17::estruturas dos sistemas operacionais processos chamadas de sistema aula::chamadas-de-sistema
SO,cru,exemplo-criacao-de-processos-no-unix-linux-filho,0,unidade-01-introducao-ao-estudo-de-sistemas-operacionais,bdcc7b26-25b0-4102-9c5b-d3af31606ad3,chamadas-de-sistema,,chamadas-de-sistema,chamadas-de-sistema,chamadas-de-sistema,1,1,1,1,1,1,1,1,1,chamadas-de-sistema,decide,bloco-03-sessao-2026-03-12::estruturas dos sistemas operacionais processos chamadas de sistema aula::chamadas-de-sistema || bloco-03-sessao-2026-03-17::estruturas dos sistemas operacionais processos chamadas de sistema aula::chamadas-de-sistema
SO,cru,exemplo-criacao-de-processos-no-unix-linux-teste01,0,unidade-01-introducao-ao-estudo-de-sistemas-operacionais,bdcc7b26-25b0-4102-9c5b-d3af31606ad3,chamadas-de-sistema,,chamadas-de-sistema,chamadas-de-sistema,chamadas-de-sistema,1,1,1,1,1,1,1,1,1,chamadas-de-sistema,decide,bloco-03-sessao-2026-03-12::estruturas dos sistemas operacionais processos chamadas de sistema aula::chamadas-de-sistema || bloco-03-sessao-2026-03-17::estruturas dos sistemas operacionais processos chamadas de sistema aula::chamadas-de-sistema
SO,cru,exemplo-criacao-de-processos-no-unix-linux-teste02,0,unidade-01-introducao-ao-estudo-de-sistemas-operacionais,bdcc7b26-25b0-4102-9c5b-d3af31606ad3,chamadas-de-sistema,,chamadas-de-sistema,chamadas-de-sistema,chamadas-de-sistema,1,1,1,1,1,1,1,1,1,chamadas-de-sistema,decide,bloco-03-sessao-2026-03-12::estruturas dos sistemas operacionais processos chamadas de sistema aula::chamadas-de-sistema || bloco-03-sessao-2026-03-17::estruturas dos sistemas operacionais processos chamadas de sistema aula::chamadas-de-sistema
SO,cru,exemplo-criacao-de-processos-no-unix-linux-teste03,0,unidade-01-introducao-ao-estudo-de-sistemas-operacionais,bdcc7b26-25b0-4102-9c5b-d3af31606ad3,chamadas-de-sistema,,chamadas-de-sistema,chamadas-de-sistema,chamadas-de-sistema,1,1,1,1,1,1,1,1,1,chamadas-de-sistema,decide,bloco-03-sessao-2026-03-12::estruturas dos sistemas operacionais processos chamadas de sistema aula::chamadas-de-sistema || bloco-03-sessao-2026-03-17::estruturas dos sistemas operacionais processos chamadas de sistema aula::chamadas-de-sistema
SO,cru,1903-estruturas-de-controle,0,unidade-02-gerencia-do-processador,e4f7e22a-e091-46f8-b70e-a65f387dbf84,conceitos-basicos,,escalonamento,escalonamento,escalonamento,0,0,0,0,0,0,1,1,1,escalonamento,decide,bloco-04-sessao-2026-03-19::gerencia do processador processos chamadas de sistema escalonamento aula::escalonamento || bloco-04-sessao-2026-03-24::gerencia do processador processos chamadas de sistema escalonamento aula::escalonamento
SO,cru,2403-escalonamento-de-processos,0,unidade-02-gerencia-do-processador,e4f7e22a-e091-46f8-b70e-a65f387dbf84,escalonamento,,escalonamento,escalonamento,escalonamento,1,1,1,1,1,1,1,1,1,escalonamento,decide,bloco-04-sessao-2026-03-19::gerencia do processador processos chamadas de sistema escalonamento aula::escalonamento || bloco-04-sessao-2026-03-24::gerencia do processador processos chamadas de sistema escalonamento aula::escalonamento
SO,cru,2603-algoritmos-de-escalonamento,0,unidade-02-gerencia-do-processador,e4f7e22a-e091-46f8-b70e-a65f387dbf84,algoritmos-de-escalonamento,,algoritmos-de-escalonamento,escalonamento,algoritmos-de-escalonamento,1,0,1,1,0,1,0,1,0,escalonamento,decide,bloco-04-sessao-2026-03-19::gerencia do processador processos chamadas de sistema escalonamento aula::escalonamento || bloco-04-sessao-2026-03-24::gerencia do processador processos chamadas de sistema escalonamento aula::escalonamento
SO,cru,3103-threads,0,unidade-02-gerencia-do-processador,e4f7e22a-e091-46f8-b70e-a65f387dbf84,conceitos-basicos,,escalonamento,escalonamento,escalonamento,0,0,0,0,0,0,0,0,0,escalonamento,decide,bloco-04-sessao-2026-03-19::gerencia do processador processos chamadas de sistema escalonamento aula::escalonamento || bloco-04-sessao-2026-03-24::gerencia do processador processos chamadas de sistema escalonamento aula::escalonamento
SO,cru,exercicios,0,unidade-02-gerencia-do-processador,e4f7e22a-e091-46f8-b70e-a65f387dbf84,algoritmos-de-escalonamento,,,escalonamento,escalonamento,0,0,0,0,0,0,1,1,1,escalonamento,decide,bloco-04-sessao-2026-03-19::gerencia do processador processos chamadas de sistema escalonamento aula::escalonamento || bloco-04-sessao-2026-03-24::gerencia do processador processos chamadas de sistema escalonamento aula::escalonamento
SO,cru,exemplo-threads-em-c-exemplo1,0,unidade-02-gerencia-do-processador,e4f7e22a-e091-46f8-b70e-a65f387dbf84,conceitos-basicos,,escalonamento,escalonamento,escalonamento,0,0,0,0,0,0,0,0,0,escalonamento,decide,bloco-04-sessao-2026-03-19::gerencia do processador processos chamadas de sistema escalonamento aula::escalonamento || bloco-04-sessao-2026-03-24::gerencia do processador processos chamadas de sistema escalonamento aula::escalonamento
SO,cru,exemplo-threads-em-c-exemplo2,0,unidade-02-gerencia-do-processador,e4f7e22a-e091-46f8-b70e-a65f387dbf84,conceitos-basicos,,escalonamento,escalonamento,escalonamento,0,0,0,0,0,0,0,0,0,escalonamento,decide,bloco-04-sessao-2026-03-19::gerencia do processador processos chamadas de sistema escalonamento aula::escalonamento || bloco-04-sessao-2026-03-24::gerencia do processador processos chamadas de sistema escalonamento aula::escalonamento
SO,cru,exemplo-threads-em-c-exemplo3,0,unidade-02-gerencia-do-processador,e4f7e22a-e091-46f8-b70e-a65f387dbf84,conceitos-basicos,,escalonamento,escalonamento,escalonamento,0,0,0,0,0,0,1,1,1,escalonamento,decide,bloco-04-sessao-2026-03-19::gerencia do processador processos chamadas de sistema escalonamento aula::escalonamento || bloco-04-sessao-2026-03-24::gerencia do processador processos chamadas de sistema escalonamento aula::escalonamento
SO,produto,definicao-e-historico,0,unidade-01-introducao-ao-estudo-de-sistemas-operacionais,bdcc7b26-25b0-4102-9c5b-d3af31606ad3,evolucao-historica,servicos-dos-sistemas-operacionais,evolucao-historica,evolucao-historica,evolucao-historica,1,1,1,1,1,1,1,1,1,,sessoes-discordantes,bloco-03-sessao-2026-03-10::historico e evolucao dos sistemas operacionais aula::evolucao-historica || bloco-03-sessao-2026-03-12::estruturas dos sistemas operacionais processos chamadas de sistema aula::chamadas-de-sistema || bloco-03-sessao-2026-03-17::estruturas dos sistemas operacionais processos chamadas de sistema aula::chamadas-de-sistema
SO,produto,1203-processos,0,unidade-01-introducao-ao-estudo-de-sistemas-operacionais,bdcc7b26-25b0-4102-9c5b-d3af31606ad3,chamadas-de-sistema,servicos-dos-sistemas-operacionais,servicos-dos-sistemas-operacionais,servicos-dos-sistemas-operacionais,servicos-dos-sistemas-operacionais,1,1,1,0,0,0,1,1,1,,sessoes-discordantes,bloco-03-sessao-2026-03-10::historico e evolucao dos sistemas operacionais aula::evolucao-historica || bloco-03-sessao-2026-03-12::estruturas dos sistemas operacionais processos chamadas de sistema aula::chamadas-de-sistema || bloco-03-sessao-2026-03-17::estruturas dos sistemas operacionais processos chamadas de sistema aula::chamadas-de-sistema
SO,produto,1703-chamada-de-sistema,0,unidade-01-introducao-ao-estudo-de-sistemas-operacionais,bdcc7b26-25b0-4102-9c5b-d3af31606ad3,chamadas-de-sistema,,chamadas-de-sistema,chamadas-de-sistema,chamadas-de-sistema,1,1,1,1,1,1,1,1,1,,sessoes-discordantes,bloco-03-sessao-2026-03-10::historico e evolucao dos sistemas operacionais aula::evolucao-historica || bloco-03-sessao-2026-03-12::estruturas dos sistemas operacionais processos chamadas de sistema aula::chamadas-de-sistema || bloco-03-sessao-2026-03-17::estruturas dos sistemas operacionais processos chamadas de sistema aula::chamadas-de-sistema
SO,produto,exemplo-criacao-de-processos-no-unix-linux-filho,0,unidade-01-introducao-ao-estudo-de-sistemas-operacionais,bdcc7b26-25b0-4102-9c5b-d3af31606ad3,chamadas-de-sistema,,chamadas-de-sistema,chamadas-de-sistema,chamadas-de-sistema,1,1,1,1,1,1,1,1,1,,sessoes-discordantes,bloco-03-sessao-2026-03-10::historico e evolucao dos sistemas operacionais aula::evolucao-historica || bloco-03-sessao-2026-03-12::estruturas dos sistemas operacionais processos chamadas de sistema aula::chamadas-de-sistema || bloco-03-sessao-2026-03-17::estruturas dos sistemas operacionais processos chamadas de sistema aula::chamadas-de-sistema
SO,produto,exemplo-criacao-de-processos-no-unix-linux-teste01,0,unidade-01-introducao-ao-estudo-de-sistemas-operacionais,bdcc7b26-25b0-4102-9c5b-d3af31606ad3,chamadas-de-sistema,,chamadas-de-sistema,chamadas-de-sistema,chamadas-de-sistema,1,1,1,1,1,1,1,1,1,,sessoes-discordantes,bloco-03-sessao-2026-03-10::historico e evolucao dos sistemas operacionais aula::evolucao-historica || bloco-03-sessao-2026-03-12::estruturas dos sistemas operacionais processos chamadas de sistema aula::chamadas-de-sistema || bloco-03-sessao-2026-03-17::estruturas dos sistemas operacionais processos chamadas de sistema aula::chamadas-de-sistema
SO,produto,exemplo-criacao-de-processos-no-unix-linux-teste02,0,unidade-01-introducao-ao-estudo-de-sistemas-operacionais,bdcc7b26-25b0-4102-9c5b-d3af31606ad3,chamadas-de-sistema,,chamadas-de-sistema,chamadas-de-sistema,chamadas-de-sistema,1,1,1,1,1,1,1,1,1,,sessoes-discordantes,bloco-03-sessao-2026-03-10::historico e evolucao dos sistemas operacionais aula::evolucao-historica || bloco-03-sessao-2026-03-12::estruturas dos sistemas operacionais processos chamadas de sistema aula::chamadas-de-sistema || bloco-03-sessao-2026-03-17::estruturas dos sistemas operacionais processos chamadas de sistema aula::chamadas-de-sistema
SO,produto,exemplo-criacao-de-processos-no-unix-linux-teste03,0,unidade-01-introducao-ao-estudo-de-sistemas-operacionais,bdcc7b26-25b0-4102-9c5b-d3af31606ad3,chamadas-de-sistema,,chamadas-de-sistema,chamadas-de-sistema,chamadas-de-sistema,1,1,1,1,1,1,1,1,1,,sessoes-discordantes,bloco-03-sessao-2026-03-10::historico e evolucao dos sistemas operacionais aula::evolucao-historica || bloco-03-sessao-2026-03-12::estruturas dos sistemas operacionais processos chamadas de sistema aula::chamadas-de-sistema || bloco-03-sessao-2026-03-17::estruturas dos sistemas operacionais processos chamadas de sistema aula::chamadas-de-sistema
SO,produto,1903-estruturas-de-controle,0,unidade-02-gerencia-do-processador,e4f7e22a-e091-46f8-b70e-a65f387dbf84,conceitos-basicos,,conceitos-basicos,conceitos-basicos,conceitos-basicos,1,1,1,1,1,1,1,1,1,conceitos-basicos,decide,bloco-04-sessao-2026-03-19::gerencia do processador processos chamadas de sistema escalonamento aula::MULTI:conceitos-basicos+escalonamento || bloco-04-sessao-2026-03-24::gerencia do processador processos chamadas de sistema escalonamento aula::MULTI:conceitos-basicos+escalonamento || bloco-04-sessao-2026-03-26::gerencia do processador threads e exclusao mutua aula::conceitos-basicos || bloco-04-s
SO,produto,2403-escalonamento-de-processos,0,unidade-02-gerencia-do-processador,e4f7e22a-e091-46f8-b70e-a65f387dbf84,escalonamento,,escalonamento,conceitos-basicos,escalonamento,1,0,1,1,0,1,1,1,1,conceitos-basicos,decide,bloco-04-sessao-2026-03-19::gerencia do processador processos chamadas de sistema escalonamento aula::MULTI:conceitos-basicos+escalonamento || bloco-04-sessao-2026-03-24::gerencia do processador processos chamadas de sistema escalonamento aula::MULTI:conceitos-basicos+escalonamento || bloco-04-sessao-2026-03-26::gerencia do processador threads e exclusao mutua aula::conceitos-basicos || bloco-04-s
SO,produto,2603-algoritmos-de-escalonamento,0,unidade-02-gerencia-do-processador,e4f7e22a-e091-46f8-b70e-a65f387dbf84,algoritmos-de-escalonamento,,algoritmos-de-escalonamento,conceitos-basicos,algoritmos-de-escalonamento,1,0,1,1,0,1,1,1,1,conceitos-basicos,decide,bloco-04-sessao-2026-03-19::gerencia do processador processos chamadas de sistema escalonamento aula::MULTI:conceitos-basicos+escalonamento || bloco-04-sessao-2026-03-24::gerencia do processador processos chamadas de sistema escalonamento aula::MULTI:conceitos-basicos+escalonamento || bloco-04-sessao-2026-03-26::gerencia do processador threads e exclusao mutua aula::conceitos-basicos || bloco-04-s
SO,produto,3103-threads,0,unidade-02-gerencia-do-processador,e4f7e22a-e091-46f8-b70e-a65f387dbf84,conceitos-basicos,,conceitos-basicos,conceitos-basicos,conceitos-basicos,1,1,1,1,1,1,0,0,0,conceitos-basicos,decide,bloco-04-sessao-2026-03-19::gerencia do processador processos chamadas de sistema escalonamento aula::MULTI:conceitos-basicos+escalonamento || bloco-04-sessao-2026-03-24::gerencia do processador processos chamadas de sistema escalonamento aula::MULTI:conceitos-basicos+escalonamento || bloco-04-sessao-2026-03-26::gerencia do processador threads e exclusao mutua aula::conceitos-basicos || bloco-04-s
SO,produto,exercicios,0,unidade-02-gerencia-do-processador,e4f7e22a-e091-46f8-b70e-a65f387dbf84,algoritmos-de-escalonamento,,algoritmos-de-escalonamento,conceitos-basicos,algoritmos-de-escalonamento,1,0,1,1,0,1,1,1,1,conceitos-basicos,decide,bloco-04-sessao-2026-03-19::gerencia do processador processos chamadas de sistema escalonamento aula::MULTI:conceitos-basicos+escalonamento || bloco-04-sessao-2026-03-24::gerencia do processador processos chamadas de sistema escalonamento aula::MULTI:conceitos-basicos+escalonamento || bloco-04-sessao-2026-03-26::gerencia do processador threads e exclusao mutua aula::conceitos-basicos || bloco-04-s
SO,produto,exemplo-threads-em-c-exemplo1,0,unidade-02-gerencia-do-processador,e4f7e22a-e091-46f8-b70e-a65f387dbf84,conceitos-basicos,,conceitos-basicos,conceitos-basicos,conceitos-basicos,1,1,1,1,1,1,0,0,0,conceitos-basicos,decide,bloco-04-sessao-2026-03-19::gerencia do processador processos chamadas de sistema escalonamento aula::MULTI:conceitos-basicos+escalonamento || bloco-04-sessao-2026-03-24::gerencia do processador processos chamadas de sistema escalonamento aula::MULTI:conceitos-basicos+escalonamento || bloco-04-sessao-2026-03-26::gerencia do processador threads e exclusao mutua aula::conceitos-basicos || bloco-04-s
SO,produto,exemplo-threads-em-c-exemplo2,0,unidade-02-gerencia-do-processador,e4f7e22a-e091-46f8-b70e-a65f387dbf84,conceitos-basicos,,conceitos-basicos,conceitos-basicos,conceitos-basicos,1,1,1,1,1,1,0,0,0,conceitos-basicos,decide,bloco-04-sessao-2026-03-19::gerencia do processador processos chamadas de sistema escalonamento aula::MULTI:conceitos-basicos+escalonamento || bloco-04-sessao-2026-03-24::gerencia do processador processos chamadas de sistema escalonamento aula::MULTI:conceitos-basicos+escalonamento || bloco-04-sessao-2026-03-26::gerencia do processador threads e exclusao mutua aula::conceitos-basicos || bloco-04-s
SO,produto,exemplo-threads-em-c-exemplo3,0,unidade-02-gerencia-do-processador,e4f7e22a-e091-46f8-b70e-a65f387dbf84,conceitos-basicos,,conceitos-basicos,conceitos-basicos,conceitos-basicos,1,1,1,1,1,1,1,1,1,conceitos-basicos,decide,bloco-04-sessao-2026-03-19::gerencia do processador processos chamadas de sistema escalonamento aula::MULTI:conceitos-basicos+escalonamento || bloco-04-sessao-2026-03-24::gerencia do processador processos chamadas de sistema escalonamento aula::MULTI:conceitos-basicos+escalonamento || bloco-04-sessao-2026-03-26::gerencia do processador threads e exclusao mutua aula::conceitos-basicos || bloco-04-s
IA,cru,caracteristicas-dos-dados,0,unidade-de-aprendizagem-05-aprendizado-de-maquina,af22fe17-ee73-407f-9af5-d730739d71e0,introducao-ao-aprendizado-de-maquina,,introducao-ao-aprendizado-de-maquina,introducao-ao-aprendizado-de-maquina,introducao-ao-aprendizado-de-maquina,1,1,1,1,1,1,1,1,1,,nenhum,
IA,cru,introducao-a-ml,0,unidade-de-aprendizagem-05-aprendizado-de-maquina,fbf15f4c-54b1-489d-bb02-f9bd33dc1bd3,introducao-ao-aprendizado-de-maquina,paradigmas-de-aprendizado,introducao-ao-aprendizado-de-maquina,introducao-ao-aprendizado-de-maquina,introducao-ao-aprendizado-de-maquina,1,1,1,1,1,1,1,1,1,,nenhum,
IA,cru,analise-exploratoria-de-dados-exemplo-1,0,unidade-de-aprendizagem-05-aprendizado-de-maquina,af22fe17-ee73-407f-9af5-d730739d71e0,introducao-ao-aprendizado-de-maquina,,introducao-ao-aprendizado-de-maquina,introducao-ao-aprendizado-de-maquina,introducao-ao-aprendizado-de-maquina,1,1,1,1,1,1,1,1,1,,nenhum,
IA,cru,analise-exploratoria-dos-dados-exemplo-2,0,unidade-de-aprendizagem-05-aprendizado-de-maquina,af22fe17-ee73-407f-9af5-d730739d71e0,introducao-ao-aprendizado-de-maquina,,introducao-ao-aprendizado-de-maquina,introducao-ao-aprendizado-de-maquina,introducao-ao-aprendizado-de-maquina,1,1,1,1,1,1,1,1,1,,nenhum,
IA,cru,algoritmo-de-classificacao-k-nn,0,unidade-de-aprendizagem-05-aprendizado-de-maquina,2fdbf4f5-fe92-46c7-b3d6-b4a09d87615f,modelos-preditivos,,introducao-ao-aprendizado-de-maquina,introducao-ao-aprendizado-de-maquina,introducao-ao-aprendizado-de-maquina,0,0,0,0,0,0,1,1,1,,nenhum,
IA,cru,exemplo-com-k-nn,0,unidade-de-aprendizagem-05-aprendizado-de-maquina,2fdbf4f5-fe92-46c7-b3d6-b4a09d87615f,modelos-preditivos,,introducao-ao-aprendizado-de-maquina,introducao-ao-aprendizado-de-maquina,introducao-ao-aprendizado-de-maquina,0,0,0,0,0,0,1,1,1,,nenhum,
IA,cru,exemplo-2-k-nn-com-iriscsv-mais-completo,0,unidade-de-aprendizagem-05-aprendizado-de-maquina,2fdbf4f5-fe92-46c7-b3d6-b4a09d87615f,modelos-preditivos,,introducao-ao-aprendizado-de-maquina,introducao-ao-aprendizado-de-maquina,introducao-ao-aprendizado-de-maquina,0,0,0,0,0,0,1,1,1,,nenhum,
IA,cru,exemplo-de-programa-com-k-nn-em-java,0,unidade-de-aprendizagem-05-aprendizado-de-maquina,2fdbf4f5-fe92-46c7-b3d6-b4a09d87615f,modelos-preditivos,,introducao-ao-aprendizado-de-maquina,introducao-ao-aprendizado-de-maquina,introducao-ao-aprendizado-de-maquina,0,0,0,0,0,0,1,1,1,,nenhum,
IA,cru,artigo-usando-k-nn-em-texto,0,unidade-de-aprendizagem-05-aprendizado-de-maquina,2fdbf4f5-fe92-46c7-b3d6-b4a09d87615f,modelos-preditivos,,introducao-ao-aprendizado-de-maquina,introducao-ao-aprendizado-de-maquina,introducao-ao-aprendizado-de-maquina,0,0,0,0,0,0,1,1,1,,nenhum,
IA,cru,k-nn-para-classificacao-exemplo-cardio,0,unidade-de-aprendizagem-05-aprendizado-de-maquina,2fdbf4f5-fe92-46c7-b3d6-b4a09d87615f,modelos-preditivos,,introducao-ao-aprendizado-de-maquina,introducao-ao-aprendizado-de-maquina,introducao-ao-aprendizado-de-maquina,0,0,0,0,0,0,1,1,1,,nenhum,
IA,cru,k-nn-para-regressao-exemplo-imc,0,unidade-de-aprendizagem-05-aprendizado-de-maquina,2fdbf4f5-fe92-46c7-b3d6-b4a09d87615f,modelos-preditivos,,introducao-ao-aprendizado-de-maquina,introducao-ao-aprendizado-de-maquina,introducao-ao-aprendizado-de-maquina,0,0,0,0,0,0,1,1,1,,nenhum,
IA,cru,introducao-a-redes-neurais,0,unidade-de-aprendizagem-05-aprendizado-de-maquina,2fdbf4f5-fe92-46c7-b3d6-b4a09d87615f,modelos-preditivos,,introducao-ao-aprendizado-de-maquina,introducao-ao-aprendizado-de-maquina,introducao-ao-aprendizado-de-maquina,0,0,0,0,0,0,1,1,1,,nenhum,
IA,cru,rede-perceptron,0,unidade-de-aprendizagem-05-aprendizado-de-maquina,2fdbf4f5-fe92-46c7-b3d6-b4a09d87615f,modelos-preditivos,,introducao-ao-aprendizado-de-maquina,introducao-ao-aprendizado-de-maquina,introducao-ao-aprendizado-de-maquina,0,0,0,0,0,0,1,1,1,,nenhum,
IA,cru,rede-perceptron-classificacao-de-cliente,0,unidade-de-aprendizagem-05-aprendizado-de-maquina,2fdbf4f5-fe92-46c7-b3d6-b4a09d87615f,modelos-preditivos,,introducao-ao-aprendizado-de-maquina,introducao-ao-aprendizado-de-maquina,introducao-ao-aprendizado-de-maquina,0,0,0,0,0,0,1,1,1,,nenhum,
IA,cru,rede-perceptron-classificacao-planta-iris,0,unidade-de-aprendizagem-05-aprendizado-de-maquina,2fdbf4f5-fe92-46c7-b3d6-b4a09d87615f,modelos-preditivos,,introducao-ao-aprendizado-de-maquina,introducao-ao-aprendizado-de-maquina,introducao-ao-aprendizado-de-maquina,0,0,0,0,0,0,1,1,1,,nenhum,
IA,cru,rede-perceptron-exemplo-atualizado,0,unidade-de-aprendizagem-05-aprendizado-de-maquina,2fdbf4f5-fe92-46c7-b3d6-b4a09d87615f,modelos-preditivos,,introducao-ao-aprendizado-de-maquina,introducao-ao-aprendizado-de-maquina,introducao-ao-aprendizado-de-maquina,0,0,0,0,0,0,1,1,1,,nenhum,
IA,cru,rede-perceptron-or-em-python,0,unidade-de-aprendizagem-05-aprendizado-de-maquina,2fdbf4f5-fe92-46c7-b3d6-b4a09d87615f,modelos-preditivos,,introducao-ao-aprendizado-de-maquina,introducao-ao-aprendizado-de-maquina,introducao-ao-aprendizado-de-maquina,0,0,0,0,0,0,1,1,1,,nenhum,
IA,cru,rede-perceptron-reconhecendo-letras,0,unidade-de-aprendizagem-05-aprendizado-de-maquina,2fdbf4f5-fe92-46c7-b3d6-b4a09d87615f,modelos-preditivos,,introducao-ao-aprendizado-de-maquina,introducao-ao-aprendizado-de-maquina,introducao-ao-aprendizado-de-maquina,0,0,0,0,0,0,1,1,1,,nenhum,
IA,cru,exercicio-2-solucao-com-rede-perceptron-atualizado,0,unidade-de-aprendizagem-05-aprendizado-de-maquina,2fdbf4f5-fe92-46c7-b3d6-b4a09d87615f,modelos-preditivos,,introducao-ao-aprendizado-de-maquina,introducao-ao-aprendizado-de-maquina,introducao-ao-aprendizado-de-maquina,0,0,0,0,0,0,1,1,1,,nenhum,
IA,cru,mlp,0,unidade-de-aprendizagem-05-aprendizado-de-maquina,2fdbf4f5-fe92-46c7-b3d6-b4a09d87615f,modelos-preditivos,,introducao-ao-aprendizado-de-maquina,introducao-ao-aprendizado-de-maquina,introducao-ao-aprendizado-de-maquina,0,0,0,0,0,0,1,1,1,,nenhum,
IA,cru,mlp-xoripynb,0,unidade-de-aprendizagem-05-aprendizado-de-maquina,2fdbf4f5-fe92-46c7-b3d6-b4a09d87615f,modelos-preditivos,,introducao-ao-aprendizado-de-maquina,introducao-ao-aprendizado-de-maquina,introducao-ao-aprendizado-de-maquina,0,0,0,0,0,0,1,1,1,,nenhum,
IA,cru,mlp-classificacao-iris-atualizado,0,unidade-de-aprendizagem-05-aprendizado-de-maquina,2fdbf4f5-fe92-46c7-b3d6-b4a09d87615f,modelos-preditivos,,introducao-ao-aprendizado-de-maquina,introducao-ao-aprendizado-de-maquina,introducao-ao-aprendizado-de-maquina,0,0,0,0,0,0,1,1,1,,nenhum,
IA,cru,mlp-regressao-cardio,0,unidade-de-aprendizagem-05-aprendizado-de-maquina,2fdbf4f5-fe92-46c7-b3d6-b4a09d87615f,modelos-preditivos,,introducao-ao-aprendizado-de-maquina,introducao-ao-aprendizado-de-maquina,introducao-ao-aprendizado-de-maquina,0,0,0,0,0,0,1,1,1,,nenhum,
IA,cru,rede-perceptron-e-equacao-de-reta,0,unidade-de-aprendizagem-05-aprendizado-de-maquina,2fdbf4f5-fe92-46c7-b3d6-b4a09d87615f,modelos-preditivos,,introducao-ao-aprendizado-de-maquina,introducao-ao-aprendizado-de-maquina,introducao-ao-aprendizado-de-maquina,0,0,0,0,0,0,1,1,1,,nenhum,
IA,cru,xor-backpropagation-em-python,0,unidade-de-aprendizagem-05-aprendizado-de-maquina,2fdbf4f5-fe92-46c7-b3d6-b4a09d87615f,modelos-preditivos,,introducao-ao-aprendizado-de-maquina,introducao-ao-aprendizado-de-maquina,introducao-ao-aprendizado-de-maquina,0,0,0,0,0,0,1,1,1,,nenhum,
IA,cru,mlp-classificacao-inadimplencia-normalizacao-e-gridsearchcv,0,unidade-de-aprendizagem-05-aprendizado-de-maquina,2fdbf4f5-fe92-46c7-b3d6-b4a09d87615f,modelos-preditivos,metricas-de-avaliacao,introducao-ao-aprendizado-de-maquina,introducao-ao-aprendizado-de-maquina,introducao-ao-aprendizado-de-maquina,0,0,0,0,0,0,1,1,1,,nenhum,
IA,cru,como-analisar-resultados-acc-pr-re-e-f1,0,unidade-de-aprendizagem-05-aprendizado-de-maquina,2fdbf4f5-fe92-46c7-b3d6-b4a09d87615f,metricas-de-avaliacao,,introducao-ao-aprendizado-de-maquina,introducao-ao-aprendizado-de-maquina,introducao-ao-aprendizado-de-maquina,0,0,0,0,0,0,1,1,1,,nenhum,
IA,cru,arvores-de-decisao,0,unidade-de-aprendizagem-05-aprendizado-de-maquina,2fdbf4f5-fe92-46c7-b3d6-b4a09d87615f,modelos-preditivos,,introducao-ao-aprendizado-de-maquina,introducao-ao-aprendizado-de-maquina,introducao-ao-aprendizado-de-maquina,0,0,0,0,0,0,1,1,1,,nenhum,
IA,cru,exemplo-1-arvores-de-decisao-classificacao-planta-iris,0,unidade-de-aprendizagem-05-aprendizado-de-maquina,2fdbf4f5-fe92-46c7-b3d6-b4a09d87615f,modelos-preditivos,,introducao-ao-aprendizado-de-maquina,introducao-ao-aprendizado-de-maquina,introducao-ao-aprendizado-de-maquina,0,0,0,0,0,0,1,1,1,,nenhum,
IA,cru,exemplo-2-arvores-de-decisao-regressao-diabetes,0,unidade-de-aprendizagem-05-aprendizado-de-maquina,2fdbf4f5-fe92-46c7-b3d6-b4a09d87615f,modelos-preditivos,,introducao-ao-aprendizado-de-maquina,introducao-ao-aprendizado-de-maquina,introducao-ao-aprendizado-de-maquina,0,0,0,0,0,0,1,1,1,,nenhum,
IA,cru,exemplo-complementar-classificacao-com-arvores-de-decisao,0,unidade-de-aprendizagem-05-aprendizado-de-maquina,2fdbf4f5-fe92-46c7-b3d6-b4a09d87615f,modelos-preditivos,metricas-de-avaliacao,metricas-de-avaliacao,metricas-de-avaliacao,metricas-de-avaliacao,1,1,1,0,0,0,1,1,1,,nenhum,
IA,cru,aula-sobre-agrupamento-parte-1-particional,0,unidade-de-aprendizagem-05-aprendizado-de-maquina,17ea65f3-5f84-47c7-9357-e090ee1f80ed,modelos-descritivos,paradigmas-de-aprendizado,introducao-ao-aprendizado-de-maquina,introducao-ao-aprendizado-de-maquina,introducao-ao-aprendizado-de-maquina,0,0,0,0,0,0,1,1,1,,nenhum,
IA,cru,agrupamento-usando-k-means-exemplo-1-ipynb,0,unidade-de-aprendizagem-05-aprendizado-de-maquina,17ea65f3-5f84-47c7-9357-e090ee1f80ed,modelos-descritivos,,introducao-ao-aprendizado-de-maquina,introducao-ao-aprendizado-de-maquina,introducao-ao-aprendizado-de-maquina,0,0,0,0,0,0,1,1,1,,nenhum,
IA,cru,agrupamento-usando-k-means-exemplo-2-ipynb,0,unidade-de-aprendizagem-05-aprendizado-de-maquina,17ea65f3-5f84-47c7-9357-e090ee1f80ed,modelos-descritivos,,introducao-ao-aprendizado-de-maquina,introducao-ao-aprendizado-de-maquina,introducao-ao-aprendizado-de-maquina,0,0,0,0,0,0,1,1,1,,nenhum,
IA,cru,artigo-usando-agrupamento,0,unidade-de-aprendizagem-05-aprendizado-de-maquina,17ea65f3-5f84-47c7-9357-e090ee1f80ed,modelos-descritivos,,introducao-ao-aprendizado-de-maquina,introducao-ao-aprendizado-de-maquina,introducao-ao-aprendizado-de-maquina,0,0,0,0,0,0,1,1,1,,nenhum,
IA,cru,survey-on-clustering,0,unidade-de-aprendizagem-05-aprendizado-de-maquina,17ea65f3-5f84-47c7-9357-e090ee1f80ed,modelos-descritivos,,introducao-ao-aprendizado-de-maquina,introducao-ao-aprendizado-de-maquina,introducao-ao-aprendizado-de-maquina,0,0,0,0,0,0,1,1,1,,nenhum,
IA,cru,aula-sobre-agrupamento-parte-2-hierarquico,0,unidade-de-aprendizagem-05-aprendizado-de-maquina,17ea65f3-5f84-47c7-9357-e090ee1f80ed,modelos-descritivos,,introducao-ao-aprendizado-de-maquina,introducao-ao-aprendizado-de-maquina,introducao-ao-aprendizado-de-maquina,0,0,0,0,0,0,1,1,1,,nenhum,
IA,cru,agrupamento-hierarquico-exemplo-1,0,unidade-de-aprendizagem-05-aprendizado-de-maquina,17ea65f3-5f84-47c7-9357-e090ee1f80ed,modelos-descritivos,,introducao-ao-aprendizado-de-maquina,introducao-ao-aprendizado-de-maquina,introducao-ao-aprendizado-de-maquina,0,0,0,0,0,0,1,1,1,,nenhum,
IA,cru,agrupamento-hierarquico-exemplo-2-use-o-dataset-da-planta-iris,0,unidade-de-aprendizagem-05-aprendizado-de-maquina,17ea65f3-5f84-47c7-9357-e090ee1f80ed,modelos-descritivos,,introducao-ao-aprendizado-de-maquina,introducao-ao-aprendizado-de-maquina,introducao-ao-aprendizado-de-maquina,0,0,0,0,0,0,1,1,1,,nenhum,
IA,produto,caracteristicas-dos-dados,0,unidade-de-aprendizagem-05-aprendizado-de-maquina,af22fe17-ee73-407f-9af5-d730739d71e0,introducao-ao-aprendizado-de-maquina,,introducao-ao-aprendizado-de-maquina,introducao-ao-aprendizado-de-maquina,introducao-ao-aprendizado-de-maquina,1,1,1,1,1,1,1,1,1,,nenhum,
IA,produto,introducao-a-ml,0,unidade-de-aprendizagem-05-aprendizado-de-maquina,fbf15f4c-54b1-489d-bb02-f9bd33dc1bd3,introducao-ao-aprendizado-de-maquina,paradigmas-de-aprendizado,introducao-ao-aprendizado-de-maquina,introducao-ao-aprendizado-de-maquina,introducao-ao-aprendizado-de-maquina,1,1,1,1,1,1,1,1,1,,nenhum,
IA,produto,analise-exploratoria-de-dados-exemplo-1,0,unidade-de-aprendizagem-05-aprendizado-de-maquina,af22fe17-ee73-407f-9af5-d730739d71e0,introducao-ao-aprendizado-de-maquina,,introducao-ao-aprendizado-de-maquina,introducao-ao-aprendizado-de-maquina,introducao-ao-aprendizado-de-maquina,1,1,1,1,1,1,1,1,1,,nenhum,
IA,produto,analise-exploratoria-dos-dados-exemplo-2,0,unidade-de-aprendizagem-05-aprendizado-de-maquina,af22fe17-ee73-407f-9af5-d730739d71e0,introducao-ao-aprendizado-de-maquina,,introducao-ao-aprendizado-de-maquina,introducao-ao-aprendizado-de-maquina,introducao-ao-aprendizado-de-maquina,1,1,1,1,1,1,1,1,1,,nenhum,
IA,produto,algoritmo-de-classificacao-k-nn,0,unidade-de-aprendizagem-05-aprendizado-de-maquina,2fdbf4f5-fe92-46c7-b3d6-b4a09d87615f,modelos-preditivos,,modelos-preditivos,modelos-preditivos,modelos-preditivos,1,1,1,1,1,1,1,1,1,modelos-preditivos,decide,bloco-05-sessao-2026-03-18::ml abordagem supervisionada k nn aula::modelos-preditivos || bloco-05-sessao-2026-03-23::ml abordagem supervisionada k nn aula::modelos-preditivos || bloco-05-sessao-2026-03-30::ml abordagem supervisionada rede neural perceptron aula::modelos-preditivos || bloco-05-sessao-2026-04-13::exercicios com regressao aula::modelos-preditivos || bloco-05-sessao-2026-04-15::ml abo
IA,produto,exemplo-com-k-nn,0,unidade-de-aprendizagem-05-aprendizado-de-maquina,2fdbf4f5-fe92-46c7-b3d6-b4a09d87615f,modelos-preditivos,,modelos-preditivos,modelos-preditivos,modelos-preditivos,1,1,1,1,1,1,1,1,1,modelos-preditivos,decide,bloco-05-sessao-2026-03-18::ml abordagem supervisionada k nn aula::modelos-preditivos || bloco-05-sessao-2026-03-23::ml abordagem supervisionada k nn aula::modelos-preditivos || bloco-05-sessao-2026-03-30::ml abordagem supervisionada rede neural perceptron aula::modelos-preditivos || bloco-05-sessao-2026-04-13::exercicios com regressao aula::modelos-preditivos || bloco-05-sessao-2026-04-15::ml abo
IA,produto,exemplo-2-k-nn-com-iriscsv-mais-completo,0,unidade-de-aprendizagem-05-aprendizado-de-maquina,2fdbf4f5-fe92-46c7-b3d6-b4a09d87615f,modelos-preditivos,,modelos-preditivos,modelos-preditivos,modelos-preditivos,1,1,1,1,1,1,1,1,1,modelos-preditivos,decide,bloco-05-sessao-2026-03-18::ml abordagem supervisionada k nn aula::modelos-preditivos || bloco-05-sessao-2026-03-23::ml abordagem supervisionada k nn aula::modelos-preditivos || bloco-05-sessao-2026-03-30::ml abordagem supervisionada rede neural perceptron aula::modelos-preditivos || bloco-05-sessao-2026-04-13::exercicios com regressao aula::modelos-preditivos || bloco-05-sessao-2026-04-15::ml abo
IA,produto,exemplo-de-programa-com-k-nn-em-java,0,unidade-de-aprendizagem-05-aprendizado-de-maquina,2fdbf4f5-fe92-46c7-b3d6-b4a09d87615f,modelos-preditivos,,introducao-ao-aprendizado-de-maquina,modelos-preditivos,introducao-ao-aprendizado-de-maquina,0,1,0,0,1,0,0,1,0,modelos-preditivos,decide,bloco-05-sessao-2026-03-18::ml abordagem supervisionada k nn aula::modelos-preditivos || bloco-05-sessao-2026-03-23::ml abordagem supervisionada k nn aula::modelos-preditivos || bloco-05-sessao-2026-03-30::ml abordagem supervisionada rede neural perceptron aula::modelos-preditivos || bloco-05-sessao-2026-04-13::exercicios com regressao aula::modelos-preditivos || bloco-05-sessao-2026-04-15::ml abo
IA,produto,artigo-usando-k-nn-em-texto,0,unidade-de-aprendizagem-05-aprendizado-de-maquina,2fdbf4f5-fe92-46c7-b3d6-b4a09d87615f,modelos-preditivos,,modelos-preditivos,modelos-preditivos,modelos-preditivos,1,1,1,1,1,1,1,1,1,modelos-preditivos,decide,bloco-05-sessao-2026-03-18::ml abordagem supervisionada k nn aula::modelos-preditivos || bloco-05-sessao-2026-03-23::ml abordagem supervisionada k nn aula::modelos-preditivos || bloco-05-sessao-2026-03-30::ml abordagem supervisionada rede neural perceptron aula::modelos-preditivos || bloco-05-sessao-2026-04-13::exercicios com regressao aula::modelos-preditivos || bloco-05-sessao-2026-04-15::ml abo
IA,produto,k-nn-para-classificacao-exemplo-cardio,0,unidade-de-aprendizagem-05-aprendizado-de-maquina,2fdbf4f5-fe92-46c7-b3d6-b4a09d87615f,modelos-preditivos,,modelos-preditivos,modelos-preditivos,modelos-preditivos,1,1,1,1,1,1,1,1,1,modelos-preditivos,decide,bloco-05-sessao-2026-03-18::ml abordagem supervisionada k nn aula::modelos-preditivos || bloco-05-sessao-2026-03-23::ml abordagem supervisionada k nn aula::modelos-preditivos || bloco-05-sessao-2026-03-30::ml abordagem supervisionada rede neural perceptron aula::modelos-preditivos || bloco-05-sessao-2026-04-13::exercicios com regressao aula::modelos-preditivos || bloco-05-sessao-2026-04-15::ml abo
IA,produto,k-nn-para-regressao-exemplo-imc,0,unidade-de-aprendizagem-05-aprendizado-de-maquina,2fdbf4f5-fe92-46c7-b3d6-b4a09d87615f,modelos-preditivos,,modelos-preditivos,modelos-preditivos,modelos-preditivos,1,1,1,1,1,1,1,1,1,modelos-preditivos,decide,bloco-05-sessao-2026-03-18::ml abordagem supervisionada k nn aula::modelos-preditivos || bloco-05-sessao-2026-03-23::ml abordagem supervisionada k nn aula::modelos-preditivos || bloco-05-sessao-2026-03-30::ml abordagem supervisionada rede neural perceptron aula::modelos-preditivos || bloco-05-sessao-2026-04-13::exercicios com regressao aula::modelos-preditivos || bloco-05-sessao-2026-04-15::ml abo
IA,produto,introducao-a-redes-neurais,0,unidade-de-aprendizagem-05-aprendizado-de-maquina,2fdbf4f5-fe92-46c7-b3d6-b4a09d87615f,modelos-preditivos,,modelos-preditivos,modelos-preditivos,modelos-preditivos,1,1,1,1,1,1,1,1,1,modelos-preditivos,decide,bloco-05-sessao-2026-03-18::ml abordagem supervisionada k nn aula::modelos-preditivos || bloco-05-sessao-2026-03-23::ml abordagem supervisionada k nn aula::modelos-preditivos || bloco-05-sessao-2026-03-30::ml abordagem supervisionada rede neural perceptron aula::modelos-preditivos || bloco-05-sessao-2026-04-13::exercicios com regressao aula::modelos-preditivos || bloco-05-sessao-2026-04-15::ml abo
IA,produto,rede-perceptron,0,unidade-de-aprendizagem-05-aprendizado-de-maquina,2fdbf4f5-fe92-46c7-b3d6-b4a09d87615f,modelos-preditivos,,modelos-preditivos,modelos-preditivos,modelos-preditivos,1,1,1,1,1,1,1,1,1,modelos-preditivos,decide,bloco-05-sessao-2026-03-18::ml abordagem supervisionada k nn aula::modelos-preditivos || bloco-05-sessao-2026-03-23::ml abordagem supervisionada k nn aula::modelos-preditivos || bloco-05-sessao-2026-03-30::ml abordagem supervisionada rede neural perceptron aula::modelos-preditivos || bloco-05-sessao-2026-04-13::exercicios com regressao aula::modelos-preditivos || bloco-05-sessao-2026-04-15::ml abo
IA,produto,rede-perceptron-classificacao-de-cliente,0,unidade-de-aprendizagem-05-aprendizado-de-maquina,2fdbf4f5-fe92-46c7-b3d6-b4a09d87615f,modelos-preditivos,,modelos-preditivos,modelos-preditivos,modelos-preditivos,1,1,1,1,1,1,1,1,1,modelos-preditivos,decide,bloco-05-sessao-2026-03-18::ml abordagem supervisionada k nn aula::modelos-preditivos || bloco-05-sessao-2026-03-23::ml abordagem supervisionada k nn aula::modelos-preditivos || bloco-05-sessao-2026-03-30::ml abordagem supervisionada rede neural perceptron aula::modelos-preditivos || bloco-05-sessao-2026-04-13::exercicios com regressao aula::modelos-preditivos || bloco-05-sessao-2026-04-15::ml abo
IA,produto,rede-perceptron-classificacao-planta-iris,0,unidade-de-aprendizagem-05-aprendizado-de-maquina,2fdbf4f5-fe92-46c7-b3d6-b4a09d87615f,modelos-preditivos,,modelos-preditivos,modelos-preditivos,modelos-preditivos,1,1,1,1,1,1,1,1,1,modelos-preditivos,decide,bloco-05-sessao-2026-03-18::ml abordagem supervisionada k nn aula::modelos-preditivos || bloco-05-sessao-2026-03-23::ml abordagem supervisionada k nn aula::modelos-preditivos || bloco-05-sessao-2026-03-30::ml abordagem supervisionada rede neural perceptron aula::modelos-preditivos || bloco-05-sessao-2026-04-13::exercicios com regressao aula::modelos-preditivos || bloco-05-sessao-2026-04-15::ml abo
IA,produto,rede-perceptron-exemplo-atualizado,0,unidade-de-aprendizagem-05-aprendizado-de-maquina,2fdbf4f5-fe92-46c7-b3d6-b4a09d87615f,modelos-preditivos,,modelos-preditivos,modelos-preditivos,modelos-preditivos,1,1,1,1,1,1,1,1,1,modelos-preditivos,decide,bloco-05-sessao-2026-03-18::ml abordagem supervisionada k nn aula::modelos-preditivos || bloco-05-sessao-2026-03-23::ml abordagem supervisionada k nn aula::modelos-preditivos || bloco-05-sessao-2026-03-30::ml abordagem supervisionada rede neural perceptron aula::modelos-preditivos || bloco-05-sessao-2026-04-13::exercicios com regressao aula::modelos-preditivos || bloco-05-sessao-2026-04-15::ml abo
IA,produto,rede-perceptron-or-em-python,0,unidade-de-aprendizagem-05-aprendizado-de-maquina,2fdbf4f5-fe92-46c7-b3d6-b4a09d87615f,modelos-preditivos,,modelos-preditivos,modelos-preditivos,modelos-preditivos,1,1,1,1,1,1,1,1,1,modelos-preditivos,decide,bloco-05-sessao-2026-03-18::ml abordagem supervisionada k nn aula::modelos-preditivos || bloco-05-sessao-2026-03-23::ml abordagem supervisionada k nn aula::modelos-preditivos || bloco-05-sessao-2026-03-30::ml abordagem supervisionada rede neural perceptron aula::modelos-preditivos || bloco-05-sessao-2026-04-13::exercicios com regressao aula::modelos-preditivos || bloco-05-sessao-2026-04-15::ml abo
IA,produto,rede-perceptron-reconhecendo-letras,0,unidade-de-aprendizagem-05-aprendizado-de-maquina,2fdbf4f5-fe92-46c7-b3d6-b4a09d87615f,modelos-preditivos,,modelos-preditivos,modelos-preditivos,modelos-preditivos,1,1,1,1,1,1,1,1,1,modelos-preditivos,decide,bloco-05-sessao-2026-03-18::ml abordagem supervisionada k nn aula::modelos-preditivos || bloco-05-sessao-2026-03-23::ml abordagem supervisionada k nn aula::modelos-preditivos || bloco-05-sessao-2026-03-30::ml abordagem supervisionada rede neural perceptron aula::modelos-preditivos || bloco-05-sessao-2026-04-13::exercicios com regressao aula::modelos-preditivos || bloco-05-sessao-2026-04-15::ml abo
IA,produto,exercicio-2-solucao-com-rede-perceptron-atualizado,0,unidade-de-aprendizagem-05-aprendizado-de-maquina,2fdbf4f5-fe92-46c7-b3d6-b4a09d87615f,modelos-preditivos,,modelos-preditivos,modelos-preditivos,modelos-preditivos,1,1,1,1,1,1,1,1,1,modelos-preditivos,decide,bloco-05-sessao-2026-03-18::ml abordagem supervisionada k nn aula::modelos-preditivos || bloco-05-sessao-2026-03-23::ml abordagem supervisionada k nn aula::modelos-preditivos || bloco-05-sessao-2026-03-30::ml abordagem supervisionada rede neural perceptron aula::modelos-preditivos || bloco-05-sessao-2026-04-13::exercicios com regressao aula::modelos-preditivos || bloco-05-sessao-2026-04-15::ml abo
IA,produto,mlp,0,unidade-de-aprendizagem-05-aprendizado-de-maquina,2fdbf4f5-fe92-46c7-b3d6-b4a09d87615f,modelos-preditivos,,modelos-preditivos,modelos-preditivos,modelos-preditivos,1,1,1,1,1,1,1,1,1,modelos-preditivos,decide,bloco-05-sessao-2026-03-18::ml abordagem supervisionada k nn aula::modelos-preditivos || bloco-05-sessao-2026-03-23::ml abordagem supervisionada k nn aula::modelos-preditivos || bloco-05-sessao-2026-03-30::ml abordagem supervisionada rede neural perceptron aula::modelos-preditivos || bloco-05-sessao-2026-04-13::exercicios com regressao aula::modelos-preditivos || bloco-05-sessao-2026-04-15::ml abo
IA,produto,mlp-xoripynb,0,unidade-de-aprendizagem-05-aprendizado-de-maquina,2fdbf4f5-fe92-46c7-b3d6-b4a09d87615f,modelos-preditivos,,,modelos-preditivos,modelos-preditivos,0,1,1,0,1,1,0,1,1,modelos-preditivos,decide,bloco-05-sessao-2026-03-18::ml abordagem supervisionada k nn aula::modelos-preditivos || bloco-05-sessao-2026-03-23::ml abordagem supervisionada k nn aula::modelos-preditivos || bloco-05-sessao-2026-03-30::ml abordagem supervisionada rede neural perceptron aula::modelos-preditivos || bloco-05-sessao-2026-04-13::exercicios com regressao aula::modelos-preditivos || bloco-05-sessao-2026-04-15::ml abo
IA,produto,mlp-classificacao-iris-atualizado,0,unidade-de-aprendizagem-05-aprendizado-de-maquina,2fdbf4f5-fe92-46c7-b3d6-b4a09d87615f,modelos-preditivos,,modelos-preditivos,modelos-preditivos,modelos-preditivos,1,1,1,1,1,1,1,1,1,modelos-preditivos,decide,bloco-05-sessao-2026-03-18::ml abordagem supervisionada k nn aula::modelos-preditivos || bloco-05-sessao-2026-03-23::ml abordagem supervisionada k nn aula::modelos-preditivos || bloco-05-sessao-2026-03-30::ml abordagem supervisionada rede neural perceptron aula::modelos-preditivos || bloco-05-sessao-2026-04-13::exercicios com regressao aula::modelos-preditivos || bloco-05-sessao-2026-04-15::ml abo
IA,produto,mlp-regressao-cardio,0,unidade-de-aprendizagem-05-aprendizado-de-maquina,2fdbf4f5-fe92-46c7-b3d6-b4a09d87615f,modelos-preditivos,,modelos-preditivos,modelos-preditivos,modelos-preditivos,1,1,1,1,1,1,1,1,1,modelos-preditivos,decide,bloco-05-sessao-2026-03-18::ml abordagem supervisionada k nn aula::modelos-preditivos || bloco-05-sessao-2026-03-23::ml abordagem supervisionada k nn aula::modelos-preditivos || bloco-05-sessao-2026-03-30::ml abordagem supervisionada rede neural perceptron aula::modelos-preditivos || bloco-05-sessao-2026-04-13::exercicios com regressao aula::modelos-preditivos || bloco-05-sessao-2026-04-15::ml abo
IA,produto,rede-perceptron-e-equacao-de-reta,0,unidade-de-aprendizagem-05-aprendizado-de-maquina,2fdbf4f5-fe92-46c7-b3d6-b4a09d87615f,modelos-preditivos,,modelos-preditivos,modelos-preditivos,modelos-preditivos,1,1,1,1,1,1,1,1,1,modelos-preditivos,decide,bloco-05-sessao-2026-03-18::ml abordagem supervisionada k nn aula::modelos-preditivos || bloco-05-sessao-2026-03-23::ml abordagem supervisionada k nn aula::modelos-preditivos || bloco-05-sessao-2026-03-30::ml abordagem supervisionada rede neural perceptron aula::modelos-preditivos || bloco-05-sessao-2026-04-13::exercicios com regressao aula::modelos-preditivos || bloco-05-sessao-2026-04-15::ml abo
IA,produto,xor-backpropagation-em-python,0,unidade-de-aprendizagem-05-aprendizado-de-maquina,2fdbf4f5-fe92-46c7-b3d6-b4a09d87615f,modelos-preditivos,,modelos-preditivos,modelos-preditivos,modelos-preditivos,1,1,1,1,1,1,1,1,1,modelos-preditivos,decide,bloco-05-sessao-2026-03-18::ml abordagem supervisionada k nn aula::modelos-preditivos || bloco-05-sessao-2026-03-23::ml abordagem supervisionada k nn aula::modelos-preditivos || bloco-05-sessao-2026-03-30::ml abordagem supervisionada rede neural perceptron aula::modelos-preditivos || bloco-05-sessao-2026-04-13::exercicios com regressao aula::modelos-preditivos || bloco-05-sessao-2026-04-15::ml abo
IA,produto,mlp-classificacao-inadimplencia-normalizacao-e-gridsearchcv,0,unidade-de-aprendizagem-05-aprendizado-de-maquina,2fdbf4f5-fe92-46c7-b3d6-b4a09d87615f,modelos-preditivos,metricas-de-avaliacao,modelos-preditivos,modelos-preditivos,modelos-preditivos,1,1,1,1,1,1,1,1,1,modelos-preditivos,decide,bloco-05-sessao-2026-03-18::ml abordagem supervisionada k nn aula::modelos-preditivos || bloco-05-sessao-2026-03-23::ml abordagem supervisionada k nn aula::modelos-preditivos || bloco-05-sessao-2026-03-30::ml abordagem supervisionada rede neural perceptron aula::modelos-preditivos || bloco-05-sessao-2026-04-13::exercicios com regressao aula::modelos-preditivos || bloco-05-sessao-2026-04-15::ml abo
IA,produto,como-analisar-resultados-acc-pr-re-e-f1,0,unidade-de-aprendizagem-05-aprendizado-de-maquina,2fdbf4f5-fe92-46c7-b3d6-b4a09d87615f,metricas-de-avaliacao,,metricas-de-avaliacao,modelos-preditivos,metricas-de-avaliacao,1,0,1,1,0,1,1,1,1,modelos-preditivos,decide,bloco-05-sessao-2026-03-18::ml abordagem supervisionada k nn aula::modelos-preditivos || bloco-05-sessao-2026-03-23::ml abordagem supervisionada k nn aula::modelos-preditivos || bloco-05-sessao-2026-03-30::ml abordagem supervisionada rede neural perceptron aula::modelos-preditivos || bloco-05-sessao-2026-04-13::exercicios com regressao aula::modelos-preditivos || bloco-05-sessao-2026-04-15::ml abo
IA,produto,arvores-de-decisao,0,unidade-de-aprendizagem-05-aprendizado-de-maquina,2fdbf4f5-fe92-46c7-b3d6-b4a09d87615f,modelos-preditivos,,modelos-preditivos,modelos-preditivos,modelos-preditivos,1,1,1,1,1,1,1,1,1,modelos-preditivos,decide,bloco-05-sessao-2026-03-18::ml abordagem supervisionada k nn aula::modelos-preditivos || bloco-05-sessao-2026-03-23::ml abordagem supervisionada k nn aula::modelos-preditivos || bloco-05-sessao-2026-03-30::ml abordagem supervisionada rede neural perceptron aula::modelos-preditivos || bloco-05-sessao-2026-04-13::exercicios com regressao aula::modelos-preditivos || bloco-05-sessao-2026-04-15::ml abo
IA,produto,exemplo-1-arvores-de-decisao-classificacao-planta-iris,0,unidade-de-aprendizagem-05-aprendizado-de-maquina,2fdbf4f5-fe92-46c7-b3d6-b4a09d87615f,modelos-preditivos,,modelos-preditivos,modelos-preditivos,modelos-preditivos,1,1,1,1,1,1,1,1,1,modelos-preditivos,decide,bloco-05-sessao-2026-03-18::ml abordagem supervisionada k nn aula::modelos-preditivos || bloco-05-sessao-2026-03-23::ml abordagem supervisionada k nn aula::modelos-preditivos || bloco-05-sessao-2026-03-30::ml abordagem supervisionada rede neural perceptron aula::modelos-preditivos || bloco-05-sessao-2026-04-13::exercicios com regressao aula::modelos-preditivos || bloco-05-sessao-2026-04-15::ml abo
IA,produto,exemplo-2-arvores-de-decisao-regressao-diabetes,0,unidade-de-aprendizagem-05-aprendizado-de-maquina,2fdbf4f5-fe92-46c7-b3d6-b4a09d87615f,modelos-preditivos,,modelos-preditivos,modelos-preditivos,modelos-preditivos,1,1,1,1,1,1,1,1,1,modelos-preditivos,decide,bloco-05-sessao-2026-03-18::ml abordagem supervisionada k nn aula::modelos-preditivos || bloco-05-sessao-2026-03-23::ml abordagem supervisionada k nn aula::modelos-preditivos || bloco-05-sessao-2026-03-30::ml abordagem supervisionada rede neural perceptron aula::modelos-preditivos || bloco-05-sessao-2026-04-13::exercicios com regressao aula::modelos-preditivos || bloco-05-sessao-2026-04-15::ml abo
IA,produto,exemplo-complementar-classificacao-com-arvores-de-decisao,0,unidade-de-aprendizagem-05-aprendizado-de-maquina,2fdbf4f5-fe92-46c7-b3d6-b4a09d87615f,modelos-preditivos,metricas-de-avaliacao,modelos-preditivos,modelos-preditivos,modelos-preditivos,1,1,1,1,1,1,1,1,1,modelos-preditivos,decide,bloco-05-sessao-2026-03-18::ml abordagem supervisionada k nn aula::modelos-preditivos || bloco-05-sessao-2026-03-23::ml abordagem supervisionada k nn aula::modelos-preditivos || bloco-05-sessao-2026-03-30::ml abordagem supervisionada rede neural perceptron aula::modelos-preditivos || bloco-05-sessao-2026-04-13::exercicios com regressao aula::modelos-preditivos || bloco-05-sessao-2026-04-15::ml abo
IA,produto,aula-sobre-agrupamento-parte-1-particional,0,unidade-de-aprendizagem-05-aprendizado-de-maquina,17ea65f3-5f84-47c7-9357-e090ee1f80ed,modelos-descritivos,paradigmas-de-aprendizado,modelos-descritivos,modelos-descritivos,modelos-descritivos,1,1,1,1,1,1,1,1,1,modelos-descritivos,decide,bloco-07-sessao-2026-04-22::ml abordagem nao supervisionada k means exercicios aula::modelos-descritivos
IA,produto,agrupamento-usando-k-means-exemplo-1-ipynb,0,unidade-de-aprendizagem-05-aprendizado-de-maquina,17ea65f3-5f84-47c7-9357-e090ee1f80ed,modelos-descritivos,,modelos-descritivos,modelos-descritivos,modelos-descritivos,1,1,1,1,1,1,1,1,1,modelos-descritivos,decide,bloco-07-sessao-2026-04-22::ml abordagem nao supervisionada k means exercicios aula::modelos-descritivos
IA,produto,agrupamento-usando-k-means-exemplo-2-ipynb,0,unidade-de-aprendizagem-05-aprendizado-de-maquina,17ea65f3-5f84-47c7-9357-e090ee1f80ed,modelos-descritivos,,modelos-descritivos,modelos-descritivos,modelos-descritivos,1,1,1,1,1,1,1,1,1,modelos-descritivos,decide,bloco-07-sessao-2026-04-22::ml abordagem nao supervisionada k means exercicios aula::modelos-descritivos
IA,produto,artigo-usando-agrupamento,0,unidade-de-aprendizagem-05-aprendizado-de-maquina,17ea65f3-5f84-47c7-9357-e090ee1f80ed,modelos-descritivos,,modelos-descritivos,modelos-descritivos,modelos-descritivos,1,1,1,1,1,1,1,1,1,modelos-descritivos,decide,bloco-07-sessao-2026-04-22::ml abordagem nao supervisionada k means exercicios aula::modelos-descritivos
IA,produto,survey-on-clustering,0,unidade-de-aprendizagem-05-aprendizado-de-maquina,17ea65f3-5f84-47c7-9357-e090ee1f80ed,modelos-descritivos,,modelos-descritivos,modelos-descritivos,modelos-descritivos,1,1,1,1,1,1,1,1,1,modelos-descritivos,decide,bloco-07-sessao-2026-04-22::ml abordagem nao supervisionada k means exercicios aula::modelos-descritivos
IA,produto,aula-sobre-agrupamento-parte-2-hierarquico,0,unidade-de-aprendizagem-05-aprendizado-de-maquina,17ea65f3-5f84-47c7-9357-e090ee1f80ed,modelos-descritivos,,introducao-ao-aprendizado-de-maquina,modelos-descritivos,introducao-ao-aprendizado-de-maquina,0,1,0,0,1,0,0,1,0,modelos-descritivos,decide,bloco-07-sessao-2026-04-22::ml abordagem nao supervisionada k means exercicios aula::modelos-descritivos
IA,produto,agrupamento-hierarquico-exemplo-1,0,unidade-de-aprendizagem-05-aprendizado-de-maquina,17ea65f3-5f84-47c7-9357-e090ee1f80ed,modelos-descritivos,,modelos-descritivos,modelos-descritivos,modelos-descritivos,1,1,1,1,1,1,1,1,1,modelos-descritivos,decide,bloco-07-sessao-2026-04-22::ml abordagem nao supervisionada k means exercicios aula::modelos-descritivos
IA,produto,agrupamento-hierarquico-exemplo-2-use-o-dataset-da-planta-iris,0,unidade-de-aprendizagem-05-aprendizado-de-maquina,17ea65f3-5f84-47c7-9357-e090ee1f80ed,modelos-descritivos,,modelos-descritivos,modelos-descritivos,modelos-descritivos,1,1,1,1,1,1,1,1,1,modelos-descritivos,decide,bloco-07-sessao-2026-04-22::ml abordagem nao supervisionada k means exercicios aula::modelos-descritivos
ES2,cru,revisaoarquiteturapadroes,0,unidade-01-arquitetura-de-software,c47823dc-111f-4854-b46e-08acb7063909,conceito-de-arquitetura-de-software,estilos-e-padroes-arquiteturais,,conceito-de-arquitetura-de-software,conceito-de-arquitetura-de-software,0,1,1,0,1,1,1,1,1,conceito-de-arquitetura-de-software,decide,bloco-01-sessao-2026-03-13::arquitetura baseada em servicos monolitica estudo de caso aula::conceito-de-arquitetura-de-software || bloco-01-sessao-2026-03-20::arquitetura baseada em servicos e microservicos estudo de caso aula::conceito-de-arquitetura-de-software
ES2,cru,servicos,0,unidade-01-arquitetura-de-software,c47823dc-111f-4854-b46e-08acb7063909,orientada-a-servicos,,orientada-a-servicos,conceito-de-arquitetura-de-software,orientada-a-servicos,1,0,1,1,0,1,1,1,1,conceito-de-arquitetura-de-software,decide,bloco-01-sessao-2026-03-13::arquitetura baseada em servicos monolitica estudo de caso aula::conceito-de-arquitetura-de-software || bloco-01-sessao-2026-03-20::arquitetura baseada em servicos e microservicos estudo de caso aula::conceito-de-arquitetura-de-software
ES2,cru,web,0,unidade-01-arquitetura-de-software,c47823dc-111f-4854-b46e-08acb7063909,cliente-servidor,camadas,cliente-servidor,conceito-de-arquitetura-de-software,cliente-servidor,1,0,1,1,0,1,0,1,0,conceito-de-arquitetura-de-software,decide,bloco-01-sessao-2026-03-13::arquitetura baseada em servicos monolitica estudo de caso aula::conceito-de-arquitetura-de-software || bloco-01-sessao-2026-03-20::arquitetura baseada em servicos e microservicos estudo de caso aula::conceito-de-arquitetura-de-software
ES2,cru,microsservicos,0,unidade-01-arquitetura-de-software,c47823dc-111f-4854-b46e-08acb7063909,orientada-a-microsservicos,,estilos-e-padroes-arquiteturais,conceito-de-arquitetura-de-software,estilos-e-padroes-arquiteturais,0,0,0,0,0,0,1,1,1,conceito-de-arquitetura-de-software,decide,bloco-01-sessao-2026-03-13::arquitetura baseada em servicos monolitica estudo de caso aula::conceito-de-arquitetura-de-software || bloco-01-sessao-2026-03-20::arquitetura baseada em servicos e microservicos estudo de caso aula::conceito-de-arquitetura-de-software
ES2,cru,roteiro1-introducao,0,unidade-01-arquitetura-de-software,b0e2cc0d-7442-4888-87f2-2a4694598b83,estudo-de-caso-arquitetura-orientada-a-microsservicos,orientada-a-microsservicos,orientada-a-microsservicos,orientada-a-microsservicos,orientada-a-microsservicos,1,1,1,0,0,0,1,1,1,,nenhum,
ES2,cru,roteiro1,0,unidade-01-arquitetura-de-software,b0e2cc0d-7442-4888-87f2-2a4694598b83,estudo-de-caso-arquitetura-orientada-a-microsservicos,,,,,0,0,0,0,0,0,0,0,0,,nenhum,
ES2,cru,devops,0,unidade-02-integracao-de-desenvolvimento-e-operacao-devops,22a44498-820a-4731-a0be-047f500a1f52,conceito-de-devops,gerenciamento-da-configuracao,integracao-continua-ci,integracao-continua-ci,integracao-continua-ci,0,0,0,0,0,0,1,1,1,,multiplos,bloco-12-sessao-2026-06-26::devops exercicios aula::MULTI:conceito-de-devops+plataformas-de-devops
ES2,cru,kubernetes,0,unidade-02-integracao-de-desenvolvimento-e-operacao-devops,22a44498-820a-4731-a0be-047f500a1f52,plataformas-de-devops,,,,,0,0,0,0,0,0,0,0,0,,multiplos,bloco-12-sessao-2026-06-26::devops exercicios aula::MULTI:conceito-de-devops+plataformas-de-devops
ES2,cru,microsservicos5,0,unidade-02-integracao-de-desenvolvimento-e-operacao-devops,a803a9f7-5aa5-4629-8b93-4531b56119bc,plataformas-de-devops,estudo-de-caso-integracao-e-implantacao-de-microsservicos,estudo-de-caso-integracao-e-implantacao-de-microsservicos,estudo-de-caso-integracao-e-implantacao-de-microsservicos,estudo-de-caso-integracao-e-implantacao-de-microsservicos,1,1,1,0,0,0,1,1,1,estudo-de-caso-integracao-e-implantacao-de-microsservicos,decide,bloco-08-sessao-2026-05-22::implantacao de microservicos conteineres aula::estudo-de-caso-integracao-e-implantacao-de-microsservicos || bloco-08-sessao-2026-05-29::implantacao de microservicos conteineres aula::estudo-de-caso-integracao-e-implantacao-de-microsservicos
ES2,cru,microsservicos2,0,unidade-01-arquitetura-de-software,8a2e86f0-fb4a-4487-86ec-07e74c73d88a,estudo-de-caso-arquitetura-orientada-a-microsservicos,,estudo-de-caso-arquitetura-orientada-a-microsservicos,estudo-de-caso-arquitetura-orientada-a-microsservicos,estudo-de-caso-arquitetura-orientada-a-microsservicos,1,1,1,1,1,1,1,1,1,estudo-de-caso-arquitetura-orientada-a-microsservicos,decide,bloco-04-sessao-2026-04-17::microservicos no spring api gateway aula::estudo-de-caso-arquitetura-orientada-a-microsservicos
ES2,cru,microsservicos3,0,unidade-01-arquitetura-de-software,8a2e86f0-fb4a-4487-86ec-07e74c73d88a,estudo-de-caso-arquitetura-orientada-a-microsservicos,,estudo-de-caso-arquitetura-orientada-a-microsservicos,estudo-de-caso-arquitetura-orientada-a-microsservicos,estudo-de-caso-arquitetura-orientada-a-microsservicos,1,1,1,1,1,1,1,1,1,estudo-de-caso-arquitetura-orientada-a-microsservicos,decide,bloco-04-sessao-2026-04-17::microservicos no spring api gateway aula::estudo-de-caso-arquitetura-orientada-a-microsservicos
ES2,cru,microsservicos4,0,unidade-02-integracao-de-desenvolvimento-e-operacao-devops,a0d38bad-e123-4b82-b8d0-03f6724b9617,estudo-de-caso-integracao-e-implantacao-de-microsservicos,,estudo-de-caso-integracao-e-implantacao-de-microsservicos,estudo-de-caso-integracao-e-implantacao-de-microsservicos,estudo-de-caso-integracao-e-implantacao-de-microsservicos,1,1,1,1,1,1,0,0,0,,nenhum,
ES2,cru,roteiro2-nameserver,0,unidade-01-arquitetura-de-software,8a2e86f0-fb4a-4487-86ec-07e74c73d88a,estudo-de-caso-arquitetura-orientada-a-microsservicos,,cliente-servidor,estudo-de-caso-arquitetura-orientada-a-microsservicos,cliente-servidor,0,1,0,0,1,0,1,1,1,estudo-de-caso-arquitetura-orientada-a-microsservicos,decide,bloco-04-sessao-2026-04-17::microservicos no spring api gateway aula::estudo-de-caso-arquitetura-orientada-a-microsservicos
ES2,cru,roteiro3-gateway,0,unidade-01-arquitetura-de-software,8a2e86f0-fb4a-4487-86ec-07e74c73d88a,estudo-de-caso-arquitetura-orientada-a-microsservicos,,estudo-de-caso-arquitetura-orientada-a-microsservicos,estudo-de-caso-arquitetura-orientada-a-microsservicos,estudo-de-caso-arquitetura-orientada-a-microsservicos,1,1,1,1,1,1,1,1,1,estudo-de-caso-arquitetura-orientada-a-microsservicos,decide,bloco-04-sessao-2026-04-17::microservicos no spring api gateway aula::estudo-de-caso-arquitetura-orientada-a-microsservicos
ES2,cru,roteiro4-circuitbreaker,0,unidade-02-integracao-de-desenvolvimento-e-operacao-devops,a0d38bad-e123-4b82-b8d0-03f6724b9617,estudo-de-caso-integracao-e-implantacao-de-microsservicos,,estudo-de-caso-integracao-e-implantacao-de-microsservicos,estudo-de-caso-integracao-e-implantacao-de-microsservicos,estudo-de-caso-integracao-e-implantacao-de-microsservicos,1,1,1,1,1,1,1,1,1,,nenhum,
ES2,cru,roteiro5-conteiners,0,unidade-02-integracao-de-desenvolvimento-e-operacao-devops,a803a9f7-5aa5-4629-8b93-4531b56119bc,estudo-de-caso-integracao-e-implantacao-de-microsservicos,plataformas-de-devops,estudo-de-caso-integracao-e-implantacao-de-microsservicos,estudo-de-caso-integracao-e-implantacao-de-microsservicos,estudo-de-caso-integracao-e-implantacao-de-microsservicos,1,1,1,1,1,1,1,1,1,estudo-de-caso-integracao-e-implantacao-de-microsservicos,decide,bloco-08-sessao-2026-05-22::implantacao de microservicos conteineres aula::estudo-de-caso-integracao-e-implantacao-de-microsservicos || bloco-08-sessao-2026-05-29::implantacao de microservicos conteineres aula::estudo-de-caso-integracao-e-implantacao-de-microsservicos
ES2,cru,roteiro6-conteiners-composicao,0,unidade-02-integracao-de-desenvolvimento-e-operacao-devops,a803a9f7-5aa5-4629-8b93-4531b56119bc,estudo-de-caso-integracao-e-implantacao-de-microsservicos,plataformas-de-devops,estudo-de-caso-integracao-e-implantacao-de-microsservicos,estudo-de-caso-integracao-e-implantacao-de-microsservicos,estudo-de-caso-integracao-e-implantacao-de-microsservicos,1,1,1,1,1,1,1,1,1,estudo-de-caso-integracao-e-implantacao-de-microsservicos,decide,bloco-08-sessao-2026-05-22::implantacao de microservicos conteineres aula::estudo-de-caso-integracao-e-implantacao-de-microsservicos || bloco-08-sessao-2026-05-29::implantacao de microservicos conteineres aula::estudo-de-caso-integracao-e-implantacao-de-microsservicos
ES2,cru,roteiro2,0,unidade-01-arquitetura-de-software,8a2e86f0-fb4a-4487-86ec-07e74c73d88a,estudo-de-caso-arquitetura-orientada-a-microsservicos,,,estudo-de-caso-arquitetura-orientada-a-microsservicos,estudo-de-caso-arquitetura-orientada-a-microsservicos,0,1,1,0,1,1,0,1,1,estudo-de-caso-arquitetura-orientada-a-microsservicos,decide,bloco-04-sessao-2026-04-17::microservicos no spring api gateway aula::estudo-de-caso-arquitetura-orientada-a-microsservicos
ES2,cru,roteiro3,0,unidade-01-arquitetura-de-software,8a2e86f0-fb4a-4487-86ec-07e74c73d88a,estudo-de-caso-arquitetura-orientada-a-microsservicos,,estudo-de-caso-arquitetura-orientada-a-microsservicos,estudo-de-caso-arquitetura-orientada-a-microsservicos,estudo-de-caso-arquitetura-orientada-a-microsservicos,1,1,1,1,1,1,1,1,1,estudo-de-caso-arquitetura-orientada-a-microsservicos,decide,bloco-04-sessao-2026-04-17::microservicos no spring api gateway aula::estudo-de-caso-arquitetura-orientada-a-microsservicos
ES2,cru,roteiro4,0,unidade-02-integracao-de-desenvolvimento-e-operacao-devops,a0d38bad-e123-4b82-b8d0-03f6724b9617,estudo-de-caso-integracao-e-implantacao-de-microsservicos,,estudo-de-caso-integracao-e-implantacao-de-microsservicos,estudo-de-caso-integracao-e-implantacao-de-microsservicos,estudo-de-caso-integracao-e-implantacao-de-microsservicos,1,1,1,1,1,1,0,0,0,,nenhum,
ES2,cru,roteiro5,0,unidade-02-integracao-de-desenvolvimento-e-operacao-devops,a803a9f7-5aa5-4629-8b93-4531b56119bc,estudo-de-caso-integracao-e-implantacao-de-microsservicos,,estudo-de-caso-integracao-e-implantacao-de-microsservicos,estudo-de-caso-integracao-e-implantacao-de-microsservicos,estudo-de-caso-integracao-e-implantacao-de-microsservicos,1,1,1,1,1,1,0,0,0,estudo-de-caso-integracao-e-implantacao-de-microsservicos,decide,bloco-08-sessao-2026-05-22::implantacao de microservicos conteineres aula::estudo-de-caso-integracao-e-implantacao-de-microsservicos || bloco-08-sessao-2026-05-29::implantacao de microservicos conteineres aula::estudo-de-caso-integracao-e-implantacao-de-microsservicos
ES2,cru,roteiro6,0,unidade-02-integracao-de-desenvolvimento-e-operacao-devops,a803a9f7-5aa5-4629-8b93-4531b56119bc,estudo-de-caso-integracao-e-implantacao-de-microsservicos,,estudo-de-caso-integracao-e-implantacao-de-microsservicos,estudo-de-caso-integracao-e-implantacao-de-microsservicos,estudo-de-caso-integracao-e-implantacao-de-microsservicos,1,1,1,1,1,1,0,0,0,estudo-de-caso-integracao-e-implantacao-de-microsservicos,decide,bloco-08-sessao-2026-05-22::implantacao de microservicos conteineres aula::estudo-de-caso-integracao-e-implantacao-de-microsservicos || bloco-08-sessao-2026-05-29::implantacao de microservicos conteineres aula::estudo-de-caso-integracao-e-implantacao-de-microsservicos
ES2,cru,microsservicos6,0,unidade-02-integracao-de-desenvolvimento-e-operacao-devops,17b8da72-b970-4db3-b49e-7cd196945b39,estudo-de-caso-integracao-e-implantacao-de-microsservicos,,gerenciamento-da-configuracao,gerenciamento-da-configuracao,gerenciamento-da-configuracao,0,0,0,0,0,0,1,1,1,,nenhum,
ES2,cru,microsservicos7,0,unidade-02-integracao-de-desenvolvimento-e-operacao-devops,f5d645cb-1de3-4538-a03c-a3fce86b4c41,estudo-de-caso-integracao-e-implantacao-de-microsservicos,,estudo-de-caso-integracao-e-implantacao-de-microsservicos,estudo-de-caso-integracao-e-implantacao-de-microsservicos,estudo-de-caso-integracao-e-implantacao-de-microsservicos,1,1,1,1,1,1,0,0,0,,nenhum,
ES2,cru,roteiro7-filas,0,unidade-02-integracao-de-desenvolvimento-e-operacao-devops,f5d645cb-1de3-4538-a03c-a3fce86b4c41,estudo-de-caso-integracao-e-implantacao-de-microsservicos,,estudo-de-caso-integracao-e-implantacao-de-microsservicos,estudo-de-caso-integracao-e-implantacao-de-microsservicos,estudo-de-caso-integracao-e-implantacao-de-microsservicos,1,1,1,1,1,1,1,1,1,,nenhum,
ES2,cru,roteiro8-autenticacao-autorizacao,0,unidade-02-integracao-de-desenvolvimento-e-operacao-devops,17b8da72-b970-4db3-b49e-7cd196945b39,estudo-de-caso-integracao-e-implantacao-de-microsservicos,,gerenciamento-da-configuracao,gerenciamento-da-configuracao,gerenciamento-da-configuracao,0,0,0,0,0,0,1,1,1,,nenhum,
ES2,cru,roteiro7,0,unidade-02-integracao-de-desenvolvimento-e-operacao-devops,f5d645cb-1de3-4538-a03c-a3fce86b4c41,estudo-de-caso-integracao-e-implantacao-de-microsservicos,,estudo-de-caso-integracao-e-implantacao-de-microsservicos,estudo-de-caso-integracao-e-implantacao-de-microsservicos,estudo-de-caso-integracao-e-implantacao-de-microsservicos,1,1,1,1,1,1,1,1,1,,nenhum,
ES2,cru,roteiro7-history-service,0,unidade-02-integracao-de-desenvolvimento-e-operacao-devops,f5d645cb-1de3-4538-a03c-a3fce86b4c41,estudo-de-caso-integracao-e-implantacao-de-microsservicos,,estudo-de-caso-integracao-e-implantacao-de-microsservicos,estudo-de-caso-integracao-e-implantacao-de-microsservicos,estudo-de-caso-integracao-e-implantacao-de-microsservicos,1,1,1,1,1,1,1,1,1,,nenhum,
ES2,produto,revisaoarquiteturapadroes,0,unidade-01-arquitetura-de-software,c47823dc-111f-4854-b46e-08acb7063909,conceito-de-arquitetura-de-software,estilos-e-padroes-arquiteturais,conceito-de-arquitetura-de-software,conceito-de-arquitetura-de-software,conceito-de-arquitetura-de-software,1,1,1,1,1,1,1,1,1,conceito-de-arquitetura-de-software,decide,bloco-01-sessao-2026-03-13::arquitetura baseada em servicos monolitica estudo de caso aula::conceito-de-arquitetura-de-software || bloco-01-sessao-2026-03-20::arquitetura baseada em servicos e microservicos estudo de caso aula::MULTI:conceito-de-arquitetura-de-software+orientada-a-microsservicos
ES2,produto,servicos,0,unidade-01-arquitetura-de-software,c47823dc-111f-4854-b46e-08acb7063909,orientada-a-servicos,,orientada-a-servicos,conceito-de-arquitetura-de-software,orientada-a-servicos,1,0,1,1,0,1,1,1,1,conceito-de-arquitetura-de-software,decide,bloco-01-sessao-2026-03-13::arquitetura baseada em servicos monolitica estudo de caso aula::conceito-de-arquitetura-de-software || bloco-01-sessao-2026-03-20::arquitetura baseada em servicos e microservicos estudo de caso aula::MULTI:conceito-de-arquitetura-de-software+orientada-a-microsservicos
ES2,produto,web,0,unidade-01-arquitetura-de-software,c47823dc-111f-4854-b46e-08acb7063909,cliente-servidor,camadas,cliente-servidor,conceito-de-arquitetura-de-software,cliente-servidor,1,0,1,1,0,1,1,1,1,conceito-de-arquitetura-de-software,decide,bloco-01-sessao-2026-03-13::arquitetura baseada em servicos monolitica estudo de caso aula::conceito-de-arquitetura-de-software || bloco-01-sessao-2026-03-20::arquitetura baseada em servicos e microservicos estudo de caso aula::MULTI:conceito-de-arquitetura-de-software+orientada-a-microsservicos
ES2,produto,microsservicos,0,unidade-01-arquitetura-de-software,c47823dc-111f-4854-b46e-08acb7063909,orientada-a-microsservicos,,orientada-a-microsservicos,conceito-de-arquitetura-de-software,orientada-a-microsservicos,1,0,1,1,0,1,1,1,1,conceito-de-arquitetura-de-software,decide,bloco-01-sessao-2026-03-13::arquitetura baseada em servicos monolitica estudo de caso aula::conceito-de-arquitetura-de-software || bloco-01-sessao-2026-03-20::arquitetura baseada em servicos e microservicos estudo de caso aula::MULTI:conceito-de-arquitetura-de-software+orientada-a-microsservicos
ES2,produto,roteiro1-introducao,0,unidade-01-arquitetura-de-software,b0e2cc0d-7442-4888-87f2-2a4694598b83,estudo-de-caso-arquitetura-orientada-a-microsservicos,orientada-a-microsservicos,estudo-de-caso-arquitetura-orientada-a-microsservicos,estudo-de-caso-arquitetura-orientada-a-microsservicos,estudo-de-caso-arquitetura-orientada-a-microsservicos,1,1,1,1,1,1,1,1,1,,nenhum,
ES2,produto,roteiro1,0,unidade-01-arquitetura-de-software,b0e2cc0d-7442-4888-87f2-2a4694598b83,estudo-de-caso-arquitetura-orientada-a-microsservicos,,estudo-de-caso-arquitetura-orientada-a-microsservicos,estudo-de-caso-arquitetura-orientada-a-microsservicos,estudo-de-caso-arquitetura-orientada-a-microsservicos,1,1,1,1,1,1,1,1,1,,nenhum,
ES2,produto,devops,0,unidade-02-integracao-de-desenvolvimento-e-operacao-devops,22a44498-820a-4731-a0be-047f500a1f52,conceito-de-devops,gerenciamento-da-configuracao,gerenciamento-da-configuracao,gerenciamento-da-configuracao,gerenciamento-da-configuracao,1,1,1,0,0,0,1,1,1,,multiplos,bloco-12-sessao-2026-06-26::devops exercicios aula::MULTI:conceito-de-devops+plataformas-de-devops
ES2,produto,kubernetes,0,unidade-02-integracao-de-desenvolvimento-e-operacao-devops,22a44498-820a-4731-a0be-047f500a1f52,plataformas-de-devops,,plataformas-de-devops,plataformas-de-devops,plataformas-de-devops,1,1,1,1,1,1,1,1,1,,multiplos,bloco-12-sessao-2026-06-26::devops exercicios aula::MULTI:conceito-de-devops+plataformas-de-devops
ES2,produto,microsservicos5,0,unidade-02-integracao-de-desenvolvimento-e-operacao-devops,a803a9f7-5aa5-4629-8b93-4531b56119bc,plataformas-de-devops,estudo-de-caso-integracao-e-implantacao-de-microsservicos,estudo-de-caso-integracao-e-implantacao-de-microsservicos,estudo-de-caso-integracao-e-implantacao-de-microsservicos,estudo-de-caso-integracao-e-implantacao-de-microsservicos,1,1,1,0,0,0,1,1,1,estudo-de-caso-integracao-e-implantacao-de-microsservicos,decide,bloco-08-sessao-2026-05-22::implantacao de microservicos conteineres aula::estudo-de-caso-integracao-e-implantacao-de-microsservicos || bloco-08-sessao-2026-05-29::implantacao de microservicos conteineres aula::estudo-de-caso-integracao-e-implantacao-de-microsservicos
ES2,produto,microsservicos2,0,unidade-01-arquitetura-de-software,8a2e86f0-fb4a-4487-86ec-07e74c73d88a,estudo-de-caso-arquitetura-orientada-a-microsservicos,,orientada-a-microsservicos,orientada-a-microsservicos,orientada-a-microsservicos,0,0,0,0,0,0,1,1,1,orientada-a-microsservicos,decide,bloco-04-sessao-2026-04-10::microservicos no spring discovery aula::orientada-a-microsservicos || bloco-04-sessao-2026-04-17::microservicos no spring api gateway aula::MULTI:orientada-a-microsservicos+estudo-de-caso-arquitetura-orientada-a-microsservicos
ES2,produto,microsservicos3,0,unidade-01-arquitetura-de-software,8a2e86f0-fb4a-4487-86ec-07e74c73d88a,estudo-de-caso-arquitetura-orientada-a-microsservicos,,estilos-e-padroes-arquiteturais,orientada-a-microsservicos,estilos-e-padroes-arquiteturais,0,0,0,0,0,0,1,1,1,orientada-a-microsservicos,decide,bloco-04-sessao-2026-04-10::microservicos no spring discovery aula::orientada-a-microsservicos || bloco-04-sessao-2026-04-17::microservicos no spring api gateway aula::MULTI:orientada-a-microsservicos+estudo-de-caso-arquitetura-orientada-a-microsservicos
ES2,produto,microsservicos4,0,unidade-02-integracao-de-desenvolvimento-e-operacao-devops,a0d38bad-e123-4b82-b8d0-03f6724b9617,estudo-de-caso-integracao-e-implantacao-de-microsservicos,,estudo-de-caso-integracao-e-implantacao-de-microsservicos,estudo-de-caso-integracao-e-implantacao-de-microsservicos,estudo-de-caso-integracao-e-implantacao-de-microsservicos,1,1,1,1,1,1,0,0,0,estudo-de-caso-integracao-e-implantacao-de-microsservicos,decide,bloco-07-sessao-2026-05-15::microservicos no spring circuit breaker aula::estudo-de-caso-integracao-e-implantacao-de-microsservicos
ES2,produto,roteiro2-nameserver,0,unidade-01-arquitetura-de-software,8a2e86f0-fb4a-4487-86ec-07e74c73d88a,estudo-de-caso-arquitetura-orientada-a-microsservicos,,estudo-de-caso-arquitetura-orientada-a-microsservicos,orientada-a-microsservicos,estudo-de-caso-arquitetura-orientada-a-microsservicos,1,0,1,1,0,1,1,1,1,orientada-a-microsservicos,decide,bloco-04-sessao-2026-04-10::microservicos no spring discovery aula::orientada-a-microsservicos || bloco-04-sessao-2026-04-17::microservicos no spring api gateway aula::MULTI:orientada-a-microsservicos+estudo-de-caso-arquitetura-orientada-a-microsservicos
ES2,produto,roteiro3-gateway,0,unidade-01-arquitetura-de-software,8a2e86f0-fb4a-4487-86ec-07e74c73d88a,estudo-de-caso-arquitetura-orientada-a-microsservicos,,estudo-de-caso-arquitetura-orientada-a-microsservicos,orientada-a-microsservicos,estudo-de-caso-arquitetura-orientada-a-microsservicos,1,0,1,1,0,1,1,1,1,orientada-a-microsservicos,decide,bloco-04-sessao-2026-04-10::microservicos no spring discovery aula::orientada-a-microsservicos || bloco-04-sessao-2026-04-17::microservicos no spring api gateway aula::MULTI:orientada-a-microsservicos+estudo-de-caso-arquitetura-orientada-a-microsservicos
ES2,produto,roteiro4-circuitbreaker,0,unidade-02-integracao-de-desenvolvimento-e-operacao-devops,a0d38bad-e123-4b82-b8d0-03f6724b9617,estudo-de-caso-integracao-e-implantacao-de-microsservicos,,estudo-de-caso-integracao-e-implantacao-de-microsservicos,estudo-de-caso-integracao-e-implantacao-de-microsservicos,estudo-de-caso-integracao-e-implantacao-de-microsservicos,1,1,1,1,1,1,1,1,1,estudo-de-caso-integracao-e-implantacao-de-microsservicos,decide,bloco-07-sessao-2026-05-15::microservicos no spring circuit breaker aula::estudo-de-caso-integracao-e-implantacao-de-microsservicos
ES2,produto,roteiro5-conteiners,0,unidade-02-integracao-de-desenvolvimento-e-operacao-devops,a803a9f7-5aa5-4629-8b93-4531b56119bc,estudo-de-caso-integracao-e-implantacao-de-microsservicos,plataformas-de-devops,estudo-de-caso-integracao-e-implantacao-de-microsservicos,estudo-de-caso-integracao-e-implantacao-de-microsservicos,estudo-de-caso-integracao-e-implantacao-de-microsservicos,1,1,1,1,1,1,1,1,1,estudo-de-caso-integracao-e-implantacao-de-microsservicos,decide,bloco-08-sessao-2026-05-22::implantacao de microservicos conteineres aula::estudo-de-caso-integracao-e-implantacao-de-microsservicos || bloco-08-sessao-2026-05-29::implantacao de microservicos conteineres aula::estudo-de-caso-integracao-e-implantacao-de-microsservicos
ES2,produto,roteiro6-conteiners-composicao,0,unidade-02-integracao-de-desenvolvimento-e-operacao-devops,a803a9f7-5aa5-4629-8b93-4531b56119bc,estudo-de-caso-integracao-e-implantacao-de-microsservicos,plataformas-de-devops,estudo-de-caso-integracao-e-implantacao-de-microsservicos,estudo-de-caso-integracao-e-implantacao-de-microsservicos,estudo-de-caso-integracao-e-implantacao-de-microsservicos,1,1,1,1,1,1,1,1,1,estudo-de-caso-integracao-e-implantacao-de-microsservicos,decide,bloco-08-sessao-2026-05-22::implantacao de microservicos conteineres aula::estudo-de-caso-integracao-e-implantacao-de-microsservicos || bloco-08-sessao-2026-05-29::implantacao de microservicos conteineres aula::estudo-de-caso-integracao-e-implantacao-de-microsservicos
ES2,produto,roteiro2,0,unidade-01-arquitetura-de-software,8a2e86f0-fb4a-4487-86ec-07e74c73d88a,estudo-de-caso-arquitetura-orientada-a-microsservicos,,estudo-de-caso-arquitetura-orientada-a-microsservicos,orientada-a-microsservicos,estudo-de-caso-arquitetura-orientada-a-microsservicos,1,0,1,1,0,1,1,1,1,orientada-a-microsservicos,decide,bloco-04-sessao-2026-04-10::microservicos no spring discovery aula::orientada-a-microsservicos || bloco-04-sessao-2026-04-17::microservicos no spring api gateway aula::MULTI:orientada-a-microsservicos+estudo-de-caso-arquitetura-orientada-a-microsservicos
ES2,produto,roteiro3,0,unidade-01-arquitetura-de-software,8a2e86f0-fb4a-4487-86ec-07e74c73d88a,estudo-de-caso-arquitetura-orientada-a-microsservicos,,estudo-de-caso-arquitetura-orientada-a-microsservicos,orientada-a-microsservicos,estudo-de-caso-arquitetura-orientada-a-microsservicos,1,0,1,1,0,1,1,1,1,orientada-a-microsservicos,decide,bloco-04-sessao-2026-04-10::microservicos no spring discovery aula::orientada-a-microsservicos || bloco-04-sessao-2026-04-17::microservicos no spring api gateway aula::MULTI:orientada-a-microsservicos+estudo-de-caso-arquitetura-orientada-a-microsservicos
ES2,produto,roteiro4,0,unidade-02-integracao-de-desenvolvimento-e-operacao-devops,a0d38bad-e123-4b82-b8d0-03f6724b9617,estudo-de-caso-integracao-e-implantacao-de-microsservicos,,estudo-de-caso-integracao-e-implantacao-de-microsservicos,estudo-de-caso-integracao-e-implantacao-de-microsservicos,estudo-de-caso-integracao-e-implantacao-de-microsservicos,1,1,1,1,1,1,0,0,0,estudo-de-caso-integracao-e-implantacao-de-microsservicos,decide,bloco-07-sessao-2026-05-15::microservicos no spring circuit breaker aula::estudo-de-caso-integracao-e-implantacao-de-microsservicos
ES2,produto,roteiro5,0,unidade-02-integracao-de-desenvolvimento-e-operacao-devops,a803a9f7-5aa5-4629-8b93-4531b56119bc,estudo-de-caso-integracao-e-implantacao-de-microsservicos,,estudo-de-caso-integracao-e-implantacao-de-microsservicos,estudo-de-caso-integracao-e-implantacao-de-microsservicos,estudo-de-caso-integracao-e-implantacao-de-microsservicos,1,1,1,1,1,1,0,0,0,estudo-de-caso-integracao-e-implantacao-de-microsservicos,decide,bloco-08-sessao-2026-05-22::implantacao de microservicos conteineres aula::estudo-de-caso-integracao-e-implantacao-de-microsservicos || bloco-08-sessao-2026-05-29::implantacao de microservicos conteineres aula::estudo-de-caso-integracao-e-implantacao-de-microsservicos
ES2,produto,roteiro6,0,unidade-02-integracao-de-desenvolvimento-e-operacao-devops,a803a9f7-5aa5-4629-8b93-4531b56119bc,estudo-de-caso-integracao-e-implantacao-de-microsservicos,,estudo-de-caso-integracao-e-implantacao-de-microsservicos,estudo-de-caso-integracao-e-implantacao-de-microsservicos,estudo-de-caso-integracao-e-implantacao-de-microsservicos,1,1,1,1,1,1,0,0,0,estudo-de-caso-integracao-e-implantacao-de-microsservicos,decide,bloco-08-sessao-2026-05-22::implantacao de microservicos conteineres aula::estudo-de-caso-integracao-e-implantacao-de-microsservicos || bloco-08-sessao-2026-05-29::implantacao de microservicos conteineres aula::estudo-de-caso-integracao-e-implantacao-de-microsservicos
ES2,produto,microsservicos6,0,unidade-02-integracao-de-desenvolvimento-e-operacao-devops,17b8da72-b970-4db3-b49e-7cd196945b39,estudo-de-caso-integracao-e-implantacao-de-microsservicos,,estudo-de-caso-integracao-e-implantacao-de-microsservicos,estudo-de-caso-integracao-e-implantacao-de-microsservicos,estudo-de-caso-integracao-e-implantacao-de-microsservicos,1,1,1,1,1,1,1,1,1,estudo-de-caso-integracao-e-implantacao-de-microsservicos,decide,bloco-10-sessao-2026-06-12::autenticacao e autorizacao aula::estudo-de-caso-integracao-e-implantacao-de-microsservicos
ES2,produto,microsservicos7,0,unidade-02-integracao-de-desenvolvimento-e-operacao-devops,f5d645cb-1de3-4538-a03c-a3fce86b4c41,estudo-de-caso-integracao-e-implantacao-de-microsservicos,,estudo-de-caso-integracao-e-implantacao-de-microsservicos,estudo-de-caso-integracao-e-implantacao-de-microsservicos,estudo-de-caso-integracao-e-implantacao-de-microsservicos,1,1,1,1,1,1,0,0,0,,nenhum,
ES2,produto,roteiro7-filas,0,unidade-02-integracao-de-desenvolvimento-e-operacao-devops,f5d645cb-1de3-4538-a03c-a3fce86b4c41,estudo-de-caso-integracao-e-implantacao-de-microsservicos,,estudo-de-caso-integracao-e-implantacao-de-microsservicos,estudo-de-caso-integracao-e-implantacao-de-microsservicos,estudo-de-caso-integracao-e-implantacao-de-microsservicos,1,1,1,1,1,1,1,1,1,,nenhum,
ES2,produto,roteiro8-autenticacao-autorizacao,0,unidade-02-integracao-de-desenvolvimento-e-operacao-devops,17b8da72-b970-4db3-b49e-7cd196945b39,estudo-de-caso-integracao-e-implantacao-de-microsservicos,,estudo-de-caso-integracao-e-implantacao-de-microsservicos,estudo-de-caso-integracao-e-implantacao-de-microsservicos,estudo-de-caso-integracao-e-implantacao-de-microsservicos,1,1,1,1,1,1,1,1,1,estudo-de-caso-integracao-e-implantacao-de-microsservicos,decide,bloco-10-sessao-2026-06-12::autenticacao e autorizacao aula::estudo-de-caso-integracao-e-implantacao-de-microsservicos
ES2,produto,roteiro7,0,unidade-02-integracao-de-desenvolvimento-e-operacao-devops,f5d645cb-1de3-4538-a03c-a3fce86b4c41,estudo-de-caso-integracao-e-implantacao-de-microsservicos,,estudo-de-caso-integracao-e-implantacao-de-microsservicos,estudo-de-caso-integracao-e-implantacao-de-microsservicos,estudo-de-caso-integracao-e-implantacao-de-microsservicos,1,1,1,1,1,1,1,1,1,,nenhum,
ES2,produto,roteiro7-history-service,0,unidade-02-integracao-de-desenvolvimento-e-operacao-devops,f5d645cb-1de3-4538-a03c-a3fce86b4c41,estudo-de-caso-integracao-e-implantacao-de-microsservicos,,estudo-de-caso-integracao-e-implantacao-de-microsservicos,estudo-de-caso-integracao-e-implantacao-de-microsservicos,estudo-de-caso-integracao-e-implantacao-de-microsservicos,1,1,1,1,1,1,1,1,1,,nenhum,
TCC,cru,aula-01-apresentacao-da-disciplina-revisao-de-teoria-de-conjuntos-e-enumerabilidade,0,unidade-01-conjuntos-enumeraveis-e-funcoes-recursivas,667491f1-cffe-45f5-8b3f-29b0cec9d25a,conjuntos-enumeraveis,,conjuntos-enumeraveis,conjuntos-enumeraveis,conjuntos-enumeraveis,1,1,1,1,1,1,1,1,1,conjuntos-enumeraveis,decide,bloco-01-sessao-2026-03-04::apresentacao::conjuntos-enumeraveis
TCC,cru,aula-02-conjuntos-enumeraveis-e-nao-enumeraveis-argumento-da-diagonalizacao-de-cantor,0,unidade-01-conjuntos-enumeraveis-e-funcoes-recursivas,18a1092a-9a22-4d54-b02b-59414b171496,argumento-diagonal-de-cantor-e-conjuntos-incontaveis,conjuntos-enumeraveis,conjuntos-enumeraveis,conjuntos-enumeraveis,conjuntos-enumeraveis,1,1,1,0,0,0,1,1,1,conjuntos-enumeraveis,decide,bloco-02-sessao-2026-03-06::conjuntos enumeraveis e nao enumeraveis::conjuntos-enumeraveis
TCC,cru,aula-03-funcoes-recursivas-primitivas-e-composicao-de-funcoes,0,unidade-01-conjuntos-enumeraveis-e-funcoes-recursivas,e4678122-f30f-4385-bbed-3a682d728920,funcoes-recursivas-primitivas-e-funcoes-recursivas-parciais,,funcoes-recursivas-primitivas-e-funcoes-recursivas-parciais,funcoes-recursivas-primitivas-e-funcoes-recursivas-parciais,funcoes-recursivas-primitivas-e-funcoes-recursivas-parciais,1,1,1,1,1,1,1,1,1,funcoes-recursivas-primitivas-e-funcoes-recursivas-parciais,decide,bloco-03-sessao-2026-03-11::funcoes recursivas primitivas::funcoes-recursivas-primitivas-e-funcoes-recursivas-parciais || bloco-03-sessao-2026-03-13::funcoes recursivas parciais::funcoes-recursivas-primitivas-e-funcoes-recursivas-parciais || bloco-03-sessao-2026-03-18::minimizacao de funcoes recursivas parciais aula::funcoes-recursivas-primitivas-e-funcoes-recursivas-parciais
TCC,cru,aula-04-funcoes-computaveis-funcoes-recursivas-parciais-pdf,0,unidade-01-conjuntos-enumeraveis-e-funcoes-recursivas,e4678122-f30f-4385-bbed-3a682d728920,funcoes-recursivas-primitivas-e-funcoes-recursivas-parciais,,funcoes-recursivas-primitivas-e-funcoes-recursivas-parciais,funcoes-recursivas-primitivas-e-funcoes-recursivas-parciais,funcoes-recursivas-primitivas-e-funcoes-recursivas-parciais,1,1,1,1,1,1,1,1,1,funcoes-recursivas-primitivas-e-funcoes-recursivas-parciais,decide,bloco-03-sessao-2026-03-11::funcoes recursivas primitivas::funcoes-recursivas-primitivas-e-funcoes-recursivas-parciais || bloco-03-sessao-2026-03-13::funcoes recursivas parciais::funcoes-recursivas-primitivas-e-funcoes-recursivas-parciais || bloco-03-sessao-2026-03-18::minimizacao de funcoes recursivas parciais aula::funcoes-recursivas-primitivas-e-funcoes-recursivas-parciais
TCC,cru,aula-05-minimizacao-de-funcoes-recursivas-parciais,0,unidade-01-conjuntos-enumeraveis-e-funcoes-recursivas,e4678122-f30f-4385-bbed-3a682d728920,funcoes-recursivas-primitivas-e-funcoes-recursivas-parciais,,funcoes-recursivas-primitivas-e-funcoes-recursivas-parciais,funcoes-recursivas-primitivas-e-funcoes-recursivas-parciais,funcoes-recursivas-primitivas-e-funcoes-recursivas-parciais,1,1,1,1,1,1,1,1,1,funcoes-recursivas-primitivas-e-funcoes-recursivas-parciais,decide,bloco-03-sessao-2026-03-11::funcoes recursivas primitivas::funcoes-recursivas-primitivas-e-funcoes-recursivas-parciais || bloco-03-sessao-2026-03-13::funcoes recursivas parciais::funcoes-recursivas-primitivas-e-funcoes-recursivas-parciais || bloco-03-sessao-2026-03-18::minimizacao de funcoes recursivas parciais aula::funcoes-recursivas-primitivas-e-funcoes-recursivas-parciais
TCC,cru,aula-06-revisao-alfabeto-cadeia-linguagem-hierarquia-de-chomsky-lemas-e-propriedades-de-automatos,0,unidade-02-turing-computabilidade,ee594a67-ac2f-480c-ae87-9f4bdcdb5f52,,,maquinas-de-turing,maquinas-de-turing,maquinas-de-turing,0,0,0,0,0,0,1,1,1,maquinas-de-turing,decide,bloco-05-sessao-2026-03-25::revisao alfabeto cadeia linguagem hierarquia de chomsky lemas e propriedades de automatos ::maquinas-de-turing
TCC,cru,t1-enunciado,0,unidade-01-conjuntos-enumeraveis-e-funcoes-recursivas,d186cb31-790d-442f-9af0-df306a4dd8e4,funcoes-recursivas-primitivas-e-funcoes-recursivas-parciais,conjuntos-enumeraveis;argumento-diagonal-de-cantor-e-conjuntos-incontaveis,funcoes-recursivas-primitivas-e-funcoes-recursivas-parciais,funcoes-recursivas-primitivas-e-funcoes-recursivas-parciais,funcoes-recursivas-primitivas-e-funcoes-recursivas-parciais,1,1,1,1,1,1,1,1,1,,nenhum,
TCC,cru,aula-07-maquinas-de-turing-e-linguagens-recursivamente-enumeraveis,0,unidade-02-turing-computabilidade,cbf887a2-7073-441b-b695-8b3d8d1d1b86,maquinas-de-turing,linguagens-reconheciveis-e-decidiveis,maquinas-de-turing,maquinas-de-turing,maquinas-de-turing,1,1,1,1,1,1,1,1,1,maquinas-de-turing,decide,bloco-06-sessao-2026-03-27::maquinas de turing e linguagens recursivamente enumeraveis aula::maquinas-de-turing || bloco-06-sessao-2026-04-01::maquinas de turing como processadoras de funcoes aula::maquinas-de-turing
TCC,cru,aula-08-maquinas-de-turing-como-processadoras-de-funcoes,0,unidade-02-turing-computabilidade,cbf887a2-7073-441b-b695-8b3d8d1d1b86,conjectura-de-church-turing,maquinas-de-turing,maquinas-de-turing,maquinas-de-turing,maquinas-de-turing,1,1,1,0,0,0,1,1,1,maquinas-de-turing,decide,bloco-06-sessao-2026-03-27::maquinas de turing e linguagens recursivamente enumeraveis aula::maquinas-de-turing || bloco-06-sessao-2026-04-01::maquinas de turing como processadoras de funcoes aula::maquinas-de-turing
TCC,cru,aula-09-variacoes-de-maquinas-de-turing,0,unidade-02-turing-computabilidade,79dccea0-6d43-4021-b63c-ca9fbc63c451,variacoes-de-maquinas-de-turing,,maquinas-de-turing,maquinas-de-turing,maquinas-de-turing,0,0,0,0,0,0,0,0,0,,nenhum,
TCC,cru,aula-10-linguagens-reconhecıveis-e-linguagens-decidıveis-pdf,0,unidade-02-turing-computabilidade,3e3be596-9527-42ba-ad20-c15956e48f4e,linguagens-reconheciveis-e-decidiveis,maquinas-de-turing-universais,maquinas-de-turing,maquinas-de-turing,maquinas-de-turing,0,0,0,0,0,0,1,1,1,,multiplos,bloco-09-sessao-2026-04-10::linguagens reconheciveis e linguagens decidiveis::MULTI:maquinas-de-turing+linguagens-reconheciveis-e-decidiveis
TCC,produto,aula-01-apresentacao-da-disciplina-revisao-de-teoria-de-conjuntos-e-enumerabilidade,0,unidade-01-conjuntos-enumeraveis-e-funcoes-recursivas,667491f1-cffe-45f5-8b3f-29b0cec9d25a,conjuntos-enumeraveis,,conjuntos-enumeraveis,conjuntos-enumeraveis,conjuntos-enumeraveis,1,1,1,1,1,1,1,1,1,conjuntos-enumeraveis,decide,bloco-01-sessao-2026-03-04::apresentacao::conjuntos-enumeraveis
TCC,produto,aula-02-conjuntos-enumeraveis-e-nao-enumeraveis-argumento-da-diagonalizacao-de-cantor,0,unidade-01-conjuntos-enumeraveis-e-funcoes-recursivas,18a1092a-9a22-4d54-b02b-59414b171496,argumento-diagonal-de-cantor-e-conjuntos-incontaveis,conjuntos-enumeraveis,conjuntos-enumeraveis,conjuntos-enumeraveis,conjuntos-enumeraveis,1,1,1,0,0,0,1,1,1,conjuntos-enumeraveis,decide,bloco-02-sessao-2026-03-06::conjuntos enumeraveis e nao enumeraveis::conjuntos-enumeraveis
TCC,produto,aula-03-funcoes-recursivas-primitivas-e-composicao-de-funcoes,0,unidade-01-conjuntos-enumeraveis-e-funcoes-recursivas,e4678122-f30f-4385-bbed-3a682d728920,funcoes-recursivas-primitivas-e-funcoes-recursivas-parciais,,funcoes-recursivas-primitivas-e-funcoes-recursivas-parciais,funcoes-recursivas-primitivas-e-funcoes-recursivas-parciais,funcoes-recursivas-primitivas-e-funcoes-recursivas-parciais,1,1,1,1,1,1,1,1,1,funcoes-recursivas-primitivas-e-funcoes-recursivas-parciais,decide,bloco-03-sessao-2026-03-11::funcoes recursivas primitivas::funcoes-recursivas-primitivas-e-funcoes-recursivas-parciais || bloco-03-sessao-2026-03-13::funcoes recursivas parciais::funcoes-recursivas-primitivas-e-funcoes-recursivas-parciais || bloco-03-sessao-2026-03-18::minimizacao de funcoes recursivas parciais aula::funcoes-recursivas-primitivas-e-funcoes-recursivas-parciais
TCC,produto,aula-04-funcoes-computaveis-funcoes-recursivas-parciais-pdf,0,unidade-01-conjuntos-enumeraveis-e-funcoes-recursivas,e4678122-f30f-4385-bbed-3a682d728920,funcoes-recursivas-primitivas-e-funcoes-recursivas-parciais,,funcoes-recursivas-primitivas-e-funcoes-recursivas-parciais,funcoes-recursivas-primitivas-e-funcoes-recursivas-parciais,funcoes-recursivas-primitivas-e-funcoes-recursivas-parciais,1,1,1,1,1,1,1,1,1,funcoes-recursivas-primitivas-e-funcoes-recursivas-parciais,decide,bloco-03-sessao-2026-03-11::funcoes recursivas primitivas::funcoes-recursivas-primitivas-e-funcoes-recursivas-parciais || bloco-03-sessao-2026-03-13::funcoes recursivas parciais::funcoes-recursivas-primitivas-e-funcoes-recursivas-parciais || bloco-03-sessao-2026-03-18::minimizacao de funcoes recursivas parciais aula::funcoes-recursivas-primitivas-e-funcoes-recursivas-parciais
TCC,produto,aula-05-minimizacao-de-funcoes-recursivas-parciais,0,unidade-01-conjuntos-enumeraveis-e-funcoes-recursivas,e4678122-f30f-4385-bbed-3a682d728920,funcoes-recursivas-primitivas-e-funcoes-recursivas-parciais,,funcoes-recursivas-primitivas-e-funcoes-recursivas-parciais,funcoes-recursivas-primitivas-e-funcoes-recursivas-parciais,funcoes-recursivas-primitivas-e-funcoes-recursivas-parciais,1,1,1,1,1,1,1,1,1,funcoes-recursivas-primitivas-e-funcoes-recursivas-parciais,decide,bloco-03-sessao-2026-03-11::funcoes recursivas primitivas::funcoes-recursivas-primitivas-e-funcoes-recursivas-parciais || bloco-03-sessao-2026-03-13::funcoes recursivas parciais::funcoes-recursivas-primitivas-e-funcoes-recursivas-parciais || bloco-03-sessao-2026-03-18::minimizacao de funcoes recursivas parciais aula::funcoes-recursivas-primitivas-e-funcoes-recursivas-parciais
TCC,produto,aula-06-revisao-alfabeto-cadeia-linguagem-hierarquia-de-chomsky-lemas-e-propriedades-de-automatos,0,unidade-02-turing-computabilidade,ee594a67-ac2f-480c-ae87-9f4bdcdb5f52,,,maquinas-de-turing,maquinas-de-turing,maquinas-de-turing,0,0,0,0,0,0,1,1,1,maquinas-de-turing,decide,bloco-05-sessao-2026-03-25::revisao alfabeto cadeia linguagem hierarquia de chomsky lemas e propriedades de automatos ::maquinas-de-turing
TCC,produto,t1-enunciado,0,unidade-01-conjuntos-enumeraveis-e-funcoes-recursivas,d186cb31-790d-442f-9af0-df306a4dd8e4,funcoes-recursivas-primitivas-e-funcoes-recursivas-parciais,conjuntos-enumeraveis;argumento-diagonal-de-cantor-e-conjuntos-incontaveis,funcoes-recursivas-primitivas-e-funcoes-recursivas-parciais,funcoes-recursivas-primitivas-e-funcoes-recursivas-parciais,funcoes-recursivas-primitivas-e-funcoes-recursivas-parciais,1,1,1,1,1,1,1,1,1,,nenhum,
TCC,produto,aula-07-maquinas-de-turing-e-linguagens-recursivamente-enumeraveis,0,unidade-02-turing-computabilidade,cbf887a2-7073-441b-b695-8b3d8d1d1b86,maquinas-de-turing,linguagens-reconheciveis-e-decidiveis,maquinas-de-turing,maquinas-de-turing,maquinas-de-turing,1,1,1,1,1,1,1,1,1,maquinas-de-turing,decide,bloco-06-sessao-2026-03-27::maquinas de turing e linguagens recursivamente enumeraveis aula::MULTI:maquinas-de-turing+linguagens-reconheciveis-e-decidiveis || bloco-06-sessao-2026-04-01::maquinas de turing como processadoras de funcoes aula::maquinas-de-turing
TCC,produto,aula-08-maquinas-de-turing-como-processadoras-de-funcoes,0,unidade-02-turing-computabilidade,cbf887a2-7073-441b-b695-8b3d8d1d1b86,conjectura-de-church-turing,maquinas-de-turing,maquinas-de-turing,maquinas-de-turing,maquinas-de-turing,1,1,1,0,0,0,1,1,1,maquinas-de-turing,decide,bloco-06-sessao-2026-03-27::maquinas de turing e linguagens recursivamente enumeraveis aula::MULTI:maquinas-de-turing+linguagens-reconheciveis-e-decidiveis || bloco-06-sessao-2026-04-01::maquinas de turing como processadoras de funcoes aula::maquinas-de-turing
TCC,produto,aula-09-variacoes-de-maquinas-de-turing,0,unidade-02-turing-computabilidade,79dccea0-6d43-4021-b63c-ca9fbc63c451,variacoes-de-maquinas-de-turing,,variacoes-de-maquinas-de-turing,variacoes-de-maquinas-de-turing,variacoes-de-maquinas-de-turing,1,1,1,1,1,1,1,1,1,,nenhum,
TCC,produto,aula-10-linguagens-reconhecıveis-e-linguagens-decidıveis-pdf,0,unidade-02-turing-computabilidade,3e3be596-9527-42ba-ad20-c15956e48f4e,linguagens-reconheciveis-e-decidiveis,maquinas-de-turing-universais,linguagens-reconheciveis-e-decidiveis,linguagens-reconheciveis-e-decidiveis,linguagens-reconheciveis-e-decidiveis,1,1,1,1,1,1,1,1,1,,multiplos,bloco-09-sessao-2026-04-10::linguagens reconheciveis e linguagens decidiveis::MULTI:maquinas-de-turing+linguagens-reconheciveis-e-decidiveis
CG,cru,intro,0,unidade-01-introducao-ao-processamento-grafico,7eda873a-69bf-4af7-90c9-4507782af5bb,origens,conceitos;areas-relacionadas,origens,origens,origens,1,1,1,1,1,1,0,0,0,origens,decide,bloco-01-sessao-2026-08-04::apresentacao da disciplina e origens da cg aula::origens
CG,cru,origensdacomputacaografica,0,unidade-01-introducao-ao-processamento-grafico,7eda873a-69bf-4af7-90c9-4507782af5bb,origens,,origens,origens,origens,1,1,1,1,1,1,1,1,1,origens,decide,bloco-01-sessao-2026-08-04::apresentacao da disciplina e origens da cg aula::origens
CG,cru,segmentacaopptx,0,unidade-03-processamento-de-imagens-e-visao-computacional,b5092bac-4d1f-49f7-aa34-e1439a39467f,segmentacao,,segmentacao,segmentacao,segmentacao,1,1,1,1,1,1,1,1,1,,nenhum,
CG,cru,segmentacaodetexturas,0,unidade-03-processamento-de-imagens-e-visao-computacional,b5092bac-4d1f-49f7-aa34-e1439a39467f,segmentacao,,segmentacao,segmentacao,segmentacao,1,1,1,1,1,1,1,1,1,,nenhum,
CG,cru,morfologiamatematicapptx,0,unidade-03-processamento-de-imagens-e-visao-computacional,5b32aadd-77e4-4fe6-aa29-9dda8f883d1b,segmentacao,filtros,segmentacao,segmentacao,segmentacao,1,1,1,1,1,1,0,0,0,,nenhum,
CG,cru,csg,0,unidade-07-representacao-e-modelagem-de-objetos,02b4f1ab-41ec-424f-a0a7-f5b7fd2ada08,geometria-solida-construtiva-csg,tecnicas-de-modelagem-3d,geometria-solida-construtiva-csg,geometria-solida-construtiva-csg,geometria-solida-construtiva-csg,1,1,1,1,1,1,0,0,0,,nenhum,
CG,cru,modelagem3d,0,unidade-07-representacao-e-modelagem-de-objetos,02b4f1ab-41ec-424f-a0a7-f5b7fd2ada08,formas-de-representacao,tecnicas-de-modelagem-3d;representacao-aramada;superficies-limitantes,representacao-aramada,representacao-aramada,representacao-aramada,1,1,1,0,0,0,0,0,0,,nenhum,
CG,cru,atividade,0,unidade-06-processo-de-visualizacao-3d,5481ee2c-d9a5-45bb-b325-ac5b378462ab,conceito-de-camera-sintetica,projecoes,,,,0,0,0,0,0,0,0,0,0,,nenhum,
CG,cru,basico3d-py,0,unidade-06-processo-de-visualizacao-3d,92485ca5-1035-4ea5-8606-6b6d48c3ddfb,conceito-de-camera-sintetica,pipeline-de-visualizacao-3d;projecoes,perspectiva,perspectiva,perspectiva,0,0,0,0,0,0,1,1,1,,nenhum,
CG,cru,opengl3d,0,unidade-06-processo-de-visualizacao-3d,5481ee2c-d9a5-45bb-b325-ac5b378462ab,conceito-de-camera-sintetica,projecoes;pipeline-de-visualizacao-3d,perspectiva,perspectiva,perspectiva,0,0,0,0,0,0,0,0,0,,nenhum,
CG,cru,opengl3dcpp-vdi,0,unidade-06-processo-de-visualizacao-3d,5481ee2c-d9a5-45bb-b325-ac5b378462ab,conceito-de-camera-sintetica,projecoes;pipeline-de-visualizacao-3d,,,,0,0,0,0,0,0,0,0,0,,nenhum,
CG,cru,opengl3dcpp,0,unidade-06-processo-de-visualizacao-3d,5481ee2c-d9a5-45bb-b325-ac5b378462ab,conceito-de-camera-sintetica,projecoes;pipeline-de-visualizacao-3d,,,,0,0,0,0,0,0,0,0,0,,nenhum,
CG,cru,vis3d,0,unidade-06-processo-de-visualizacao-3d,92485ca5-1035-4ea5-8606-6b6d48c3ddfb,projecoes,paralela;perspectiva;conceito-de-camera-sintetica;a-matematica-das-projecoes-planares,,,,0,0,0,0,0,0,0,0,0,,nenhum,
CG,cru,basico3d-cpp,0,unidade-07-representacao-e-modelagem-de-objetos,02b4f1ab-41ec-424f-a0a7-f5b7fd2ada08,tecnicas-de-modelagem-3d,varredura;bezier-e-algoritmo-de-casteljau,bezier-e-algoritmo-de-casteljau,bezier-e-algoritmo-de-casteljau,bezier-e-algoritmo-de-casteljau,1,1,1,0,0,0,1,1,1,,nenhum,
CG,cru,basico3d-py-zip,0,unidade-07-representacao-e-modelagem-de-objetos,02b4f1ab-41ec-424f-a0a7-f5b7fd2ada08,tecnicas-de-modelagem-3d,varredura,tecnicas-de-modelagem-3d,tecnicas-de-modelagem-3d,tecnicas-de-modelagem-3d,1,1,1,1,1,1,0,0,0,,nenhum,
CG,cru,exerciciodemodelagem,0,unidade-07-representacao-e-modelagem-de-objetos,02b4f1ab-41ec-424f-a0a7-f5b7fd2ada08,varredura,tecnicas-de-modelagem-3d,tecnicas-de-modelagem-3d,tecnicas-de-modelagem-3d,tecnicas-de-modelagem-3d,1,1,1,0,0,0,1,1,1,,nenhum,
CG,cru,elemoculto,0,unidade-06-processo-de-visualizacao-3d,2b8169cd-135b-4490-afb2-803050c00fcb,algoritmos-de-remocao-de-elementos-ocultos,eliminacao-de-faces-traseiras;algoritmo-do-pintor;algoritmo-z-buffer;arvores-bsp,algoritmo-z-buffer,algoritmo-z-buffer,algoritmo-z-buffer,1,1,1,0,0,0,1,1,1,,so-o-pai,bloco-20-sessao-2026-11-03::remocao de elementos ocultos aula::PAI:algoritmos-de-remocao-de-elementos-ocultos || bloco-20-sessao-2026-11-05::remocao de elementos ocultos aula::PAI:algoritmos-de-remocao-de-elementos-ocultos
CG,cru,exemplozbuffer,0,unidade-06-processo-de-visualizacao-3d,2b8169cd-135b-4490-afb2-803050c00fcb,algoritmo-z-buffer,,algoritmo-z-buffer,algoritmo-z-buffer,algoritmo-z-buffer,1,1,1,1,1,1,1,1,1,,so-o-pai,bloco-20-sessao-2026-11-03::remocao de elementos ocultos aula::PAI:algoritmos-de-remocao-de-elementos-ocultos || bloco-20-sessao-2026-11-05::remocao de elementos ocultos aula::PAI:algoritmos-de-remocao-de-elementos-ocultos
CG,cru,iluminacao,0,unidade-08-sintese-de-imagens-realisticas,12a3a4df-74af-42ce-b153-5025669b81f5,modelos-de-iluminacao-luz-pontual-direcional-spot,modelos-de-reflexao-ambiente-difusa-especular;metodos-de-sombreamento-flat-gouraud-phong,modelos-de-reflexao-ambiente-difusa-especular,modelos-de-iluminacao-luz-pontual-direcional-spot,modelos-de-reflexao-ambiente-difusa-especular,1,1,1,0,1,0,1,1,1,modelos-de-iluminacao-luz-pontual-direcional-spot,decide,bloco-21-sessao-2026-11-10::iluminacao aula::modelos-de-iluminacao-luz-pontual-direcional-spot
CG,cru,programabasico3d,0,unidade-08-sintese-de-imagens-realisticas,12a3a4df-74af-42ce-b153-5025669b81f5,modelos-de-reflexao-ambiente-difusa-especular,modelos-de-iluminacao-luz-pontual-direcional-spot;projecoes,metodos-de-sombreamento-flat-gouraud-phong,modelos-de-iluminacao-luz-pontual-direcional-spot,metodos-de-sombreamento-flat-gouraud-phong,0,1,0,0,0,0,1,1,1,modelos-de-iluminacao-luz-pontual-direcional-spot,decide,bloco-21-sessao-2026-11-10::iluminacao aula::modelos-de-iluminacao-luz-pontual-direcional-spot
CG,cru,exercicios,0,unidade-01-introducao-ao-processamento-grafico,21eb1cc4-d276-4bc2-8072-acd7e6606256,aplicacoes,,aplicacoes,aplicacoes,aplicacoes,1,1,1,1,1,1,0,0,0,aplicacoes,decide,bloco-02-sessao-2026-08-06::introducao a opengl aula::aplicacoes
CG,cru,opengl-cpp,0,unidade-01-introducao-ao-processamento-grafico,21eb1cc4-d276-4bc2-8072-acd7e6606256,aplicacoes,,aplicacoes,aplicacoes,aplicacoes,1,1,1,1,1,1,0,0,0,aplicacoes,decide,bloco-02-sessao-2026-08-06::introducao a opengl aula::aplicacoes
CG,cru,opengl-py,0,unidade-01-introducao-ao-processamento-grafico,21eb1cc4-d276-4bc2-8072-acd7e6606256,aplicacoes,,aplicacoes,aplicacoes,aplicacoes,1,1,1,1,1,1,0,0,0,aplicacoes,decide,bloco-02-sessao-2026-08-06::introducao a opengl aula::aplicacoes
CG,cru,openglbasico,0,unidade-01-introducao-ao-processamento-grafico,21eb1cc4-d276-4bc2-8072-acd7e6606256,aplicacoes,,aplicacoes,aplicacoes,aplicacoes,1,1,1,1,1,1,0,0,0,aplicacoes,decide,bloco-02-sessao-2026-08-06::introducao a opengl aula::aplicacoes
CG,cru,exercicio-com-animacao,0,unidade-02-fundamentos-matematicos,0c911e45-81bf-4cfc-9342-da8d0eb7951f,operacoes-com-vetores,entidades-geometricas,algoritmos-de-poligonos,algoritmos-de-poligonos,algoritmos-de-poligonos,0,0,0,0,0,0,0,0,0,,nenhum,
CG,cru,exercicio-com-poligonos,0,unidade-02-fundamentos-matematicos,0c911e45-81bf-4cfc-9342-da8d0eb7951f,algoritmos-de-poligonos,,algoritmos-de-poligonos,algoritmos-de-poligonos,algoritmos-de-poligonos,1,1,1,1,1,1,1,1,1,,nenhum,
CG,cru,exercicio-de-animacao-foguete,0,unidade-02-fundamentos-matematicos,0c911e45-81bf-4cfc-9342-da8d0eb7951f,operacoes-com-vetores,algoritmos-de-poligonos,algoritmos-de-poligonos,algoritmos-de-poligonos,algoritmos-de-poligonos,1,1,1,0,0,0,0,0,0,,nenhum,
CG,cru,fundamentosmatematicos,0,unidade-02-fundamentos-matematicos,0c911e45-81bf-4cfc-9342-da8d0eb7951f,entidades-geometricas,operacoes-com-vetores,operacoes-com-vetores,operacoes-com-vetores,operacoes-com-vetores,1,1,1,0,0,0,0,0,0,,nenhum,
CG,cru,matematica,0,unidade-02-fundamentos-matematicos,0c911e45-81bf-4cfc-9342-da8d0eb7951f,operacoes-com-vetores,entidades-geometricas,,,,0,0,0,0,0,0,0,0,0,,nenhum,
CG,cru,colisao,0,unidade-02-fundamentos-matematicos,51071dde-cf3c-4ba7-8a6d-e7937dcea4e6,algoritmos-de-deteccao-e-calculo-de-interseccao,,algoritmos-de-deteccao-e-calculo-de-interseccao,algoritmos-de-deteccao-e-calculo-de-interseccao,algoritmos-de-deteccao-e-calculo-de-interseccao,1,1,1,1,1,1,1,1,1,,nenhum,
CG,cru,geomcomp,0,unidade-02-fundamentos-matematicos,480eecdb-56b8-4ac5-95a5-abef623a0fd4,algoritmos-de-geometria-computacional,,algoritmos-de-geometria-computacional,algoritmos-de-geometria-computacional,algoritmos-de-geometria-computacional,1,1,1,1,1,1,1,1,1,algoritmos-de-geometria-computacional,decide,bloco-05-sessao-2026-08-20::geometria computacional aula::algoritmos-de-geometria-computacional
CG,cru,animacao-v2,0,unidade-04-processo-de-visualizacao-2d,14a90fef-a45d-4fa9-a612-4e555445ae6f,,,desenho-de-linhas,recorte,desenho-de-linhas,0,0,0,0,0,0,0,0,0,recorte,decide,bloco-06-sessao-2026-08-27::processo de visualizacao 2d recorte e mapeamento aula::recorte
CG,cru,exercicios-teoricos-sobre-processo-de-visualizacao-2d,0,unidade-04-processo-de-visualizacao-2d,14a90fef-a45d-4fa9-a612-4e555445ae6f,sistema-de-coordenadas-cartesianas,,desenho-de-linhas,recorte,desenho-de-linhas,0,0,0,0,0,0,1,1,1,recorte,decide,bloco-06-sessao-2026-08-27::processo de visualizacao 2d recorte e mapeamento aula::recorte
CG,cru,instanciamento,0,unidade-04-processo-de-visualizacao-2d,14a90fef-a45d-4fa9-a612-4e555445ae6f,,,sistema-de-coordenadas-cartesianas,recorte,sistema-de-coordenadas-cartesianas,0,0,0,0,0,0,0,0,0,recorte,decide,bloco-06-sessao-2026-08-27::processo de visualizacao 2d recorte e mapeamento aula::recorte
CG,cru,mapeamento,0,unidade-04-processo-de-visualizacao-2d,14a90fef-a45d-4fa9-a612-4e555445ae6f,sistema-de-coordenadas-cartesianas,,recorte,recorte,recorte,0,0,0,0,0,0,0,0,0,recorte,decide,bloco-06-sessao-2026-08-27::processo de visualizacao 2d recorte e mapeamento aula::recorte
CG,cru,pagina-com-videos-sobre-instanciamento,0,unidade-04-processo-de-visualizacao-2d,14a90fef-a45d-4fa9-a612-4e555445ae6f,,,desenho-de-linhas,recorte,desenho-de-linhas,0,0,0,0,0,0,1,1,1,recorte,decide,bloco-06-sessao-2026-08-27::processo de visualizacao 2d recorte e mapeamento aula::recorte
CG,cru,recorte,0,unidade-04-processo-de-visualizacao-2d,14a90fef-a45d-4fa9-a612-4e555445ae6f,recorte,,recorte,recorte,recorte,1,1,1,1,1,1,1,1,1,recorte,decide,bloco-06-sessao-2026-08-27::processo de visualizacao 2d recorte e mapeamento aula::recorte
CG,cru,transformacoesgeometricas,0,unidade-04-processo-de-visualizacao-2d,14a90fef-a45d-4fa9-a612-4e555445ae6f,,,desenho-de-linhas,recorte,desenho-de-linhas,0,0,0,0,0,0,0,0,0,recorte,decide,bloco-06-sessao-2026-08-27::processo de visualizacao 2d recorte e mapeamento aula::recorte
CG,cru,transformacoesgl,0,unidade-04-processo-de-visualizacao-2d,14a90fef-a45d-4fa9-a612-4e555445ae6f,,,sistema-de-coordenadas-cartesianas,recorte,sistema-de-coordenadas-cartesianas,0,0,0,0,0,0,0,0,0,recorte,decide,bloco-06-sessao-2026-08-27::processo de visualizacao 2d recorte e mapeamento aula::recorte
CG,cru,vis2d,0,unidade-04-processo-de-visualizacao-2d,14a90fef-a45d-4fa9-a612-4e555445ae6f,sistema-de-coordenadas-cartesianas,recorte,recorte,recorte,recorte,1,1,1,0,0,0,1,1,1,recorte,decide,bloco-06-sessao-2026-08-27::processo de visualizacao 2d recorte e mapeamento aula::recorte
CG,cru,bezier-animacao,0,unidade-07-representacao-e-modelagem-de-objetos,539471b4-123a-446b-9247-0d650e93dcb4,bezier-e-algoritmo-de-casteljau,representacao-de-curvas-parametricas,bezier-e-algoritmo-de-casteljau,bezier-e-algoritmo-de-casteljau,bezier-e-algoritmo-de-casteljau,1,1,1,1,1,1,1,1,1,,so-o-pai,bloco-13-sessao-2026-10-06::curvas parametricas aula::PAI:representacao-de-curvas-parametricas || bloco-13-sessao-2026-10-08::curvas parametricas aula::PAI:representacao-de-curvas-parametricas
CG,cru,bezier-cpp,0,unidade-07-representacao-e-modelagem-de-objetos,539471b4-123a-446b-9247-0d650e93dcb4,bezier-e-algoritmo-de-casteljau,representacao-de-curvas-parametricas,bezier-e-algoritmo-de-casteljau,bezier-e-algoritmo-de-casteljau,bezier-e-algoritmo-de-casteljau,1,1,1,1,1,1,0,0,0,,so-o-pai,bloco-13-sessao-2026-10-06::curvas parametricas aula::PAI:representacao-de-curvas-parametricas || bloco-13-sessao-2026-10-08::curvas parametricas aula::PAI:representacao-de-curvas-parametricas
CG,cru,bezier-py,0,unidade-07-representacao-e-modelagem-de-objetos,539471b4-123a-446b-9247-0d650e93dcb4,bezier-e-algoritmo-de-casteljau,representacao-de-curvas-parametricas,bezier-e-algoritmo-de-casteljau,bezier-e-algoritmo-de-casteljau,bezier-e-algoritmo-de-casteljau,1,1,1,1,1,1,1,1,1,,so-o-pai,bloco-13-sessao-2026-10-06::curvas parametricas aula::PAI:representacao-de-curvas-parametricas || bloco-13-sessao-2026-10-08::curvas parametricas aula::PAI:representacao-de-curvas-parametricas
CG,cru,bezier-python,0,unidade-07-representacao-e-modelagem-de-objetos,539471b4-123a-446b-9247-0d650e93dcb4,bezier-e-algoritmo-de-casteljau,representacao-de-curvas-parametricas,bezier-e-algoritmo-de-casteljau,bezier-e-algoritmo-de-casteljau,bezier-e-algoritmo-de-casteljau,1,1,1,1,1,1,1,1,1,,so-o-pai,bloco-13-sessao-2026-10-06::curvas parametricas aula::PAI:representacao-de-curvas-parametricas || bloco-13-sessao-2026-10-08::curvas parametricas aula::PAI:representacao-de-curvas-parametricas
CG,cru,curvas,0,unidade-07-representacao-e-modelagem-de-objetos,539471b4-123a-446b-9247-0d650e93dcb4,representacao-de-curvas-parametricas,bezier-e-algoritmo-de-casteljau;hermite;catmull-rom;b-spline,bezier-e-algoritmo-de-casteljau,bezier-e-algoritmo-de-casteljau,bezier-e-algoritmo-de-casteljau,1,1,1,0,0,0,0,0,0,,so-o-pai,bloco-13-sessao-2026-10-06::curvas parametricas aula::PAI:representacao-de-curvas-parametricas || bloco-13-sessao-2026-10-08::curvas parametricas aula::PAI:representacao-de-curvas-parametricas
CG,cru,curvasparametricas,0,unidade-07-representacao-e-modelagem-de-objetos,539471b4-123a-446b-9247-0d650e93dcb4,representacao-de-curvas-parametricas,bezier-e-algoritmo-de-casteljau;hermite;catmull-rom;b-spline,representacao-de-curvas-parametricas,representacao-de-curvas-parametricas,representacao-de-curvas-parametricas,1,1,1,1,1,1,1,1,1,,so-o-pai,bloco-13-sessao-2026-10-06::curvas parametricas aula::PAI:representacao-de-curvas-parametricas || bloco-13-sessao-2026-10-08::curvas parametricas aula::PAI:representacao-de-curvas-parametricas
CG,cru,exercicios-sobre-curvas,0,unidade-07-representacao-e-modelagem-de-objetos,539471b4-123a-446b-9247-0d650e93dcb4,catmull-rom,representacao-de-curvas-parametricas;bezier-e-algoritmo-de-casteljau,bezier-e-algoritmo-de-casteljau,bezier-e-algoritmo-de-casteljau,bezier-e-algoritmo-de-casteljau,1,1,1,0,0,0,0,0,0,,so-o-pai,bloco-13-sessao-2026-10-06::curvas parametricas aula::PAI:representacao-de-curvas-parametricas || bloco-13-sessao-2026-10-08::curvas parametricas aula::PAI:representacao-de-curvas-parametricas
CG,cru,floodfill,0,unidade-03-processamento-de-imagens-e-visao-computacional,b5092bac-4d1f-49f7-aa34-e1439a39467f,segmentacao,,segmentacao,segmentacao,segmentacao,1,1,1,1,1,1,0,0,0,,nenhum,
CG,cru,img,0,unidade-03-processamento-de-imagens-e-visao-computacional,b5092bac-4d1f-49f7-aa34-e1439a39467f,cores-e-tipos-de-imagens,filtros;algoritmos-de-quantizacao-e-amostragem,cores-e-tipos-de-imagens,cores-e-tipos-de-imagens,cores-e-tipos-de-imagens,1,1,1,1,1,1,1,1,1,,nenhum,
CG,cru,remocaoderuido,0,unidade-03-processamento-de-imagens-e-visao-computacional,b5092bac-4d1f-49f7-aa34-e1439a39467f,filtros,,cores-e-tipos-de-imagens,cores-e-tipos-de-imagens,cores-e-tipos-de-imagens,0,0,0,0,0,0,0,0,0,,nenhum,
CG,cru,exercicios-de-processamento-de-imagens,0,unidade-03-processamento-de-imagens-e-visao-computacional,b5092bac-4d1f-49f7-aa34-e1439a39467f,algoritmos-de-quantizacao-e-amostragem,cores-e-tipos-de-imagens;filtros;segmentacao,cores-e-tipos-de-imagens,cores-e-tipos-de-imagens,cores-e-tipos-de-imagens,1,1,1,0,0,0,1,1,1,,nenhum,
CG,cru,introducaoprocimg,0,unidade-03-processamento-de-imagens-e-visao-computacional,b5092bac-4d1f-49f7-aa34-e1439a39467f,filtros,introducao-e-exemplos-de-aplicacoes;cores-e-tipos-de-imagens,segmentacao,segmentacao,segmentacao,0,0,0,0,0,0,1,1,1,,nenhum,
CG,cru,exercicios-de-geometria-computacional,0,unidade-02-fundamentos-matematicos,480eecdb-56b8-4ac5-95a5-abef623a0fd4,algoritmos-de-geometria-computacional,,algoritmos-de-geometria-computacional,algoritmos-de-geometria-computacional,algoritmos-de-geometria-computacional,1,1,1,1,1,1,0,0,0,algoritmos-de-geometria-computacional,decide,bloco-05-sessao-2026-08-20::geometria computacional aula::algoritmos-de-geometria-computacional
CG,cru,exercicios-sobre-curvas-html,0,unidade-07-representacao-e-modelagem-de-objetos,539471b4-123a-446b-9247-0d650e93dcb4,catmull-rom,representacao-de-curvas-parametricas;bezier-e-algoritmo-de-casteljau,bezier-e-algoritmo-de-casteljau,bezier-e-algoritmo-de-casteljau,bezier-e-algoritmo-de-casteljau,1,1,1,0,0,0,0,0,0,,so-o-pai,bloco-13-sessao-2026-10-06::curvas parametricas aula::PAI:representacao-de-curvas-parametricas || bloco-13-sessao-2026-10-08::curvas parametricas aula::PAI:representacao-de-curvas-parametricas
CG,cru,exercicios-teoricos-sobre-processo-de-visualizacao-2d-html,0,unidade-04-processo-de-visualizacao-2d,14a90fef-a45d-4fa9-a612-4e555445ae6f,sistema-de-coordenadas-cartesianas,,desenho-de-linhas,recorte,desenho-de-linhas,0,0,0,0,0,0,1,1,1,recorte,decide,bloco-06-sessao-2026-08-27::processo de visualizacao 2d recorte e mapeamento aula::recorte
CG,cru,exerciciosfundamentosmatematicos,0,unidade-02-fundamentos-matematicos,0c911e45-81bf-4cfc-9342-da8d0eb7951f,algoritmos-de-poligonos,operacoes-com-vetores,operacoes-com-vetores,operacoes-com-vetores,operacoes-com-vetores,1,1,1,0,0,0,0,0,0,,nenhum,
CG,cru,domina,0,unidade-02-fundamentos-matematicos,480eecdb-56b8-4ac5-95a5-abef623a0fd4,algoritmos-de-geometria-computacional,,algoritmos-de-geometria-computacional,algoritmos-de-geometria-computacional,algoritmos-de-geometria-computacional,1,1,1,1,1,1,1,1,1,algoritmos-de-geometria-computacional,decide,bloco-05-sessao-2026-08-20::geometria computacional aula::algoritmos-de-geometria-computacional
CG,cru,planesweep,0,unidade-02-fundamentos-matematicos,480eecdb-56b8-4ac5-95a5-abef623a0fd4,algoritmos-de-geometria-computacional,,algoritmos-de-geometria-computacional,algoritmos-de-geometria-computacional,algoritmos-de-geometria-computacional,1,1,1,1,1,1,1,1,1,algoritmos-de-geometria-computacional,decide,bloco-05-sessao-2026-08-20::geometria computacional aula::algoritmos-de-geometria-computacional
CG,cru,slab,0,unidade-02-fundamentos-matematicos,480eecdb-56b8-4ac5-95a5-abef623a0fd4,algoritmos-de-geometria-computacional,algoritmos-de-poligonos,algoritmos-de-geometria-computacional,algoritmos-de-geometria-computacional,algoritmos-de-geometria-computacional,1,1,1,1,1,1,1,1,1,algoritmos-de-geometria-computacional,decide,bloco-05-sessao-2026-08-20::geometria computacional aula::algoritmos-de-geometria-computacional
CG,cru,exercicioduascores,0,unidade-03-processamento-de-imagens-e-visao-computacional,b5092bac-4d1f-49f7-aa34-e1439a39467f,algoritmos-de-quantizacao-e-amostragem,cores-e-tipos-de-imagens,cores-e-tipos-de-imagens,cores-e-tipos-de-imagens,cores-e-tipos-de-imagens,1,1,1,0,0,0,1,1,1,,nenhum,
CG,cru,video-sobre-origens-da-computacao-grafica-806e66,0,unidade-01-introducao-ao-processamento-grafico,7eda873a-69bf-4af7-90c9-4507782af5bb,origens,,origens,origens,origens,1,1,1,1,1,1,1,1,1,origens,decide,bloco-01-sessao-2026-08-04::apresentacao da disciplina e origens da cg aula::origens
CG,cru,video-com-instrucoes-para-usar-opengl-na-vdi-da-pucrs-3a8758,0,unidade-01-introducao-ao-processamento-grafico,21eb1cc4-d276-4bc2-8072-acd7e6606256,aplicacoes,,aplicacoes,aplicacoes,aplicacoes,1,1,1,1,1,1,1,1,1,aplicacoes,decide,bloco-02-sessao-2026-08-06::introducao a opengl aula::aplicacoes
CG,cru,pagina-com-videos-sobre-fundamentos-matematicos-para-computacao-grafica-d1d4a9,0,unidade-02-fundamentos-matematicos,0c911e45-81bf-4cfc-9342-da8d0eb7951f,entidades-geometricas,operacoes-com-vetores,algoritmos-de-poligonos,algoritmos-de-poligonos,algoritmos-de-poligonos,0,0,0,0,0,0,1,1,1,,nenhum,
CG,cru,videos-sobre-algoritmos-de-detecao-de-colisao-bd7d84,0,unidade-02-fundamentos-matematicos,51071dde-cf3c-4ba7-8a6d-e7937dcea4e6,algoritmos-de-deteccao-e-calculo-de-interseccao,,,,,0,0,0,0,0,0,1,1,1,,nenhum,
CG,cru,pagina-com-videos-sobre-geometria-computacional-ebca9a,0,unidade-02-fundamentos-matematicos,480eecdb-56b8-4ac5-95a5-abef623a0fd4,algoritmos-de-geometria-computacional,,algoritmos-de-geometria-computacional,algoritmos-de-geometria-computacional,algoritmos-de-geometria-computacional,1,1,1,1,1,1,1,1,1,algoritmos-de-geometria-computacional,decide,bloco-05-sessao-2026-08-20::geometria computacional aula::algoritmos-de-geometria-computacional
CG,cru,pagina-com-videos-sobre-recorte-e257d3,0,unidade-04-processo-de-visualizacao-2d,14a90fef-a45d-4fa9-a612-4e555445ae6f,recorte,,recorte,recorte,recorte,1,1,1,1,1,1,1,1,1,recorte,decide,bloco-06-sessao-2026-08-27::processo de visualizacao 2d recorte e mapeamento aula::recorte
CG,cru,video-sobre-o-algoritmo-de-recorte-por-subdivisao-binaria-db7e2e,0,unidade-04-processo-de-visualizacao-2d,14a90fef-a45d-4fa9-a612-4e555445ae6f,recorte,,recorte,recorte,recorte,1,1,1,1,1,1,1,1,1,recorte,decide,bloco-06-sessao-2026-08-27::processo de visualizacao 2d recorte e mapeamento aula::recorte
CG,cru,pagina-com-videos-sobre-mapeamento-9f410e,0,unidade-04-processo-de-visualizacao-2d,14a90fef-a45d-4fa9-a612-4e555445ae6f,sistema-de-coordenadas-cartesianas,,,recorte,recorte,0,0,0,0,0,0,0,1,1,recorte,decide,bloco-06-sessao-2026-08-27::processo de visualizacao 2d recorte e mapeamento aula::recorte
CG,cru,video-sobre-mapeamento-em-opengl-1dad3c,0,unidade-04-processo-de-visualizacao-2d,14a90fef-a45d-4fa9-a612-4e555445ae6f,sistema-de-coordenadas-cartesianas,,,recorte,recorte,0,0,0,0,0,0,0,0,0,recorte,decide,bloco-06-sessao-2026-08-27::processo de visualizacao 2d recorte e mapeamento aula::recorte
CG,cru,pagina-com-videos-sobre-curvas-parametricas-63d902,0,unidade-07-representacao-e-modelagem-de-objetos,539471b4-123a-446b-9247-0d650e93dcb4,representacao-de-curvas-parametricas,,representacao-de-curvas-parametricas,representacao-de-curvas-parametricas,representacao-de-curvas-parametricas,1,1,1,1,1,1,1,1,1,,so-o-pai,bloco-13-sessao-2026-10-06::curvas parametricas aula::PAI:representacao-de-curvas-parametricas || bloco-13-sessao-2026-10-08::curvas parametricas aula::PAI:representacao-de-curvas-parametricas
CG,cru,pagina-com-videos-sobre-manipulacao-de-imagens-61ddde,0,unidade-03-processamento-de-imagens-e-visao-computacional,b5092bac-4d1f-49f7-aa34-e1439a39467f,cores-e-tipos-de-imagens,filtros,cores-e-tipos-de-imagens,cores-e-tipos-de-imagens,cores-e-tipos-de-imagens,1,1,1,1,1,1,1,1,1,,nenhum,
CG,cru,pagina-com-videos-sobre-introducao-ao-processamento-de-imagens-61f156,0,unidade-03-processamento-de-imagens-e-visao-computacional,b5092bac-4d1f-49f7-aa34-e1439a39467f,introducao-e-exemplos-de-aplicacoes,filtros,segmentacao,segmentacao,segmentacao,0,0,0,0,0,0,1,1,1,,nenhum,
CG,cru,pagina-com-videos-sobre-segmentacao-de-imagens-d0627f,0,unidade-03-processamento-de-imagens-e-visao-computacional,b5092bac-4d1f-49f7-aa34-e1439a39467f,segmentacao,,segmentacao,segmentacao,segmentacao,1,1,1,1,1,1,1,1,1,,nenhum,
CG,cru,pagina-com-videos-sobre-segmentacao-por-texturas-e03566,0,unidade-03-processamento-de-imagens-e-visao-computacional,b5092bac-4d1f-49f7-aa34-e1439a39467f,segmentacao,,segmentacao,segmentacao,segmentacao,1,1,1,1,1,1,1,1,1,,nenhum,
CG,cru,aula-gravada-975b85,0,unidade-03-processamento-de-imagens-e-visao-computacional,5b32aadd-77e4-4fe6-aa29-9dda8f883d1b,segmentacao,filtros,segmentacao,segmentacao,segmentacao,1,1,1,1,1,1,1,1,1,,nenhum,
CG,cru,pagina-com-videos-sobre-morfologia-matematica-06265a,0,unidade-03-processamento-de-imagens-e-visao-computacional,5b32aadd-77e4-4fe6-aa29-9dda8f883d1b,segmentacao,filtros,segmentacao,segmentacao,segmentacao,1,1,1,1,1,1,0,0,0,,nenhum,
CG,cru,video-sobre-prechimento-de-areas-duracao-330-defae7,0,unidade-03-processamento-de-imagens-e-visao-computacional,b5092bac-4d1f-49f7-aa34-e1439a39467f,segmentacao,,segmentacao,segmentacao,segmentacao,1,1,1,1,1,1,0,0,0,,nenhum,
CG,cru,video-sobre-prechimento-de-areas-duracao-1300-d87e5f,0,unidade-03-processamento-de-imagens-e-visao-computacional,b5092bac-4d1f-49f7-aa34-e1439a39467f,segmentacao,,segmentacao,segmentacao,segmentacao,1,1,1,1,1,1,1,1,1,,nenhum,
CG,cru,paginas-com-videos-sobre-modelagem-geometrica-f2614a,0,unidade-07-representacao-e-modelagem-de-objetos,02b4f1ab-41ec-424f-a0a7-f5b7fd2ada08,tecnicas-de-modelagem-3d,formas-de-representacao,geometria-solida-construtiva-csg,geometria-solida-construtiva-csg,geometria-solida-construtiva-csg,0,0,0,0,0,0,1,1,1,,nenhum,
CG,cru,pagina-com-videos-sobre-visualizacao-3d-35a833,0,unidade-06-processo-de-visualizacao-3d,92485ca5-1035-4ea5-8606-6b6d48c3ddfb,pipeline-de-visualizacao-3d,projecoes;conceito-de-camera-sintetica,,,,0,0,0,0,0,0,0,0,0,,nenhum,
CG,cru,pagina-com-videos-sobre-remocao-de-elementos-ocultos-20c34a,0,unidade-06-processo-de-visualizacao-3d,2b8169cd-135b-4490-afb2-803050c00fcb,algoritmos-de-remocao-de-elementos-ocultos,,algoritmos-de-remocao-de-elementos-ocultos,algoritmos-de-remocao-de-elementos-ocultos,algoritmos-de-remocao-de-elementos-ocultos,1,1,1,1,1,1,1,1,1,,so-o-pai,bloco-20-sessao-2026-11-03::remocao de elementos ocultos aula::PAI:algoritmos-de-remocao-de-elementos-ocultos || bloco-20-sessao-2026-11-05::remocao de elementos ocultos aula::PAI:algoritmos-de-remocao-de-elementos-ocultos
CG,cru,pagina-com-videos-sobre-sintese-de-imagens-realisticas-a6d9ea,0,unidade-08-sintese-de-imagens-realisticas,12a3a4df-74af-42ce-b153-5025669b81f5,modelos-de-iluminacao-luz-pontual-direcional-spot,modelos-de-reflexao-ambiente-difusa-especular;metodos-de-sombreamento-flat-gouraud-phong,modelos-de-reflexao-ambiente-difusa-especular,modelos-de-iluminacao-luz-pontual-direcional-spot,modelos-de-reflexao-ambiente-difusa-especular,1,1,1,0,1,0,1,1,1,modelos-de-iluminacao-luz-pontual-direcional-spot,decide,bloco-21-sessao-2026-11-10::iluminacao aula::modelos-de-iluminacao-luz-pontual-direcional-spot
CG,produto,intro,0,unidade-01-introducao-ao-processamento-grafico,7eda873a-69bf-4af7-90c9-4507782af5bb,origens,conceitos;areas-relacionadas,origens,origens,origens,1,1,1,1,1,1,0,0,0,origens,decide,bloco-01-sessao-2026-08-04::apresentacao da disciplina e origens da cg aula::origens
CG,produto,origensdacomputacaografica,0,unidade-01-introducao-ao-processamento-grafico,7eda873a-69bf-4af7-90c9-4507782af5bb,origens,,origens,origens,origens,1,1,1,1,1,1,1,1,1,origens,decide,bloco-01-sessao-2026-08-04::apresentacao da disciplina e origens da cg aula::origens
CG,produto,segmentacaopptx,0,unidade-03-processamento-de-imagens-e-visao-computacional,b5092bac-4d1f-49f7-aa34-e1439a39467f,segmentacao,,segmentacao,segmentacao,segmentacao,1,1,1,1,1,1,1,1,1,,nenhum,
CG,produto,segmentacaodetexturas,0,unidade-03-processamento-de-imagens-e-visao-computacional,b5092bac-4d1f-49f7-aa34-e1439a39467f,segmentacao,,segmentacao,segmentacao,segmentacao,1,1,1,1,1,1,1,1,1,,nenhum,
CG,produto,morfologiamatematicapptx,0,unidade-03-processamento-de-imagens-e-visao-computacional,5b32aadd-77e4-4fe6-aa29-9dda8f883d1b,segmentacao,filtros,segmentacao,segmentacao,segmentacao,1,1,1,1,1,1,0,0,0,,nenhum,
CG,produto,csg,0,unidade-07-representacao-e-modelagem-de-objetos,02b4f1ab-41ec-424f-a0a7-f5b7fd2ada08,geometria-solida-construtiva-csg,tecnicas-de-modelagem-3d,geometria-solida-construtiva-csg,geometria-solida-construtiva-csg,geometria-solida-construtiva-csg,1,1,1,1,1,1,0,0,0,,nenhum,
CG,produto,modelagem3d,0,unidade-07-representacao-e-modelagem-de-objetos,02b4f1ab-41ec-424f-a0a7-f5b7fd2ada08,formas-de-representacao,tecnicas-de-modelagem-3d;representacao-aramada;superficies-limitantes,representacao-aramada,representacao-aramada,representacao-aramada,1,1,1,0,0,0,0,0,0,,nenhum,
CG,produto,atividade,0,unidade-06-processo-de-visualizacao-3d,5481ee2c-d9a5-45bb-b325-ac5b378462ab,conceito-de-camera-sintetica,projecoes,conceito-de-camera-sintetica,conceito-de-camera-sintetica,conceito-de-camera-sintetica,1,1,1,1,1,1,0,0,0,conceito-de-camera-sintetica,decide,bloco-19-sessao-2026-10-29::visualizacao 3d observador aula::conceito-de-camera-sintetica
CG,produto,basico3d-py,0,unidade-06-processo-de-visualizacao-3d,92485ca5-1035-4ea5-8606-6b6d48c3ddfb,conceito-de-camera-sintetica,pipeline-de-visualizacao-3d;projecoes,perspectiva,perspectiva,perspectiva,0,0,0,0,0,0,1,1,1,,so-o-pai,bloco-18-sessao-2026-10-27::visualizacao 3d projecao aula::PAI:projecoes
CG,produto,opengl3d,0,unidade-06-processo-de-visualizacao-3d,5481ee2c-d9a5-45bb-b325-ac5b378462ab,conceito-de-camera-sintetica,projecoes;pipeline-de-visualizacao-3d,conceito-de-camera-sintetica,conceito-de-camera-sintetica,conceito-de-camera-sintetica,1,1,1,1,1,1,0,0,0,conceito-de-camera-sintetica,decide,bloco-19-sessao-2026-10-29::visualizacao 3d observador aula::conceito-de-camera-sintetica
CG,produto,opengl3dcpp-vdi,0,unidade-06-processo-de-visualizacao-3d,5481ee2c-d9a5-45bb-b325-ac5b378462ab,conceito-de-camera-sintetica,projecoes;pipeline-de-visualizacao-3d,paralela,conceito-de-camera-sintetica,paralela,0,1,0,0,1,0,0,0,0,conceito-de-camera-sintetica,decide,bloco-19-sessao-2026-10-29::visualizacao 3d observador aula::conceito-de-camera-sintetica
CG,produto,opengl3dcpp,0,unidade-06-processo-de-visualizacao-3d,5481ee2c-d9a5-45bb-b325-ac5b378462ab,conceito-de-camera-sintetica,projecoes;pipeline-de-visualizacao-3d,paralela,conceito-de-camera-sintetica,paralela,0,1,0,0,1,0,0,0,0,conceito-de-camera-sintetica,decide,bloco-19-sessao-2026-10-29::visualizacao 3d observador aula::conceito-de-camera-sintetica
CG,produto,vis3d,0,unidade-06-processo-de-visualizacao-3d,92485ca5-1035-4ea5-8606-6b6d48c3ddfb,projecoes,paralela;perspectiva;conceito-de-camera-sintetica;a-matematica-das-projecoes-planares,paralela,paralela,paralela,1,1,1,0,0,0,0,0,0,,so-o-pai,bloco-18-sessao-2026-10-27::visualizacao 3d projecao aula::PAI:projecoes
CG,produto,basico3d-cpp,0,unidade-07-representacao-e-modelagem-de-objetos,02b4f1ab-41ec-424f-a0a7-f5b7fd2ada08,tecnicas-de-modelagem-3d,varredura;bezier-e-algoritmo-de-casteljau,bezier-e-algoritmo-de-casteljau,bezier-e-algoritmo-de-casteljau,bezier-e-algoritmo-de-casteljau,1,1,1,0,0,0,1,1,1,,nenhum,
CG,produto,basico3d-py-zip,0,unidade-07-representacao-e-modelagem-de-objetos,02b4f1ab-41ec-424f-a0a7-f5b7fd2ada08,tecnicas-de-modelagem-3d,varredura,tecnicas-de-modelagem-3d,tecnicas-de-modelagem-3d,tecnicas-de-modelagem-3d,1,1,1,1,1,1,0,0,0,,nenhum,
CG,produto,exerciciodemodelagem,0,unidade-07-representacao-e-modelagem-de-objetos,02b4f1ab-41ec-424f-a0a7-f5b7fd2ada08,varredura,tecnicas-de-modelagem-3d,tecnicas-de-modelagem-3d,tecnicas-de-modelagem-3d,tecnicas-de-modelagem-3d,1,1,1,0,0,0,1,1,1,,nenhum,
CG,produto,elemoculto,0,unidade-06-processo-de-visualizacao-3d,2b8169cd-135b-4490-afb2-803050c00fcb,algoritmos-de-remocao-de-elementos-ocultos,eliminacao-de-faces-traseiras;algoritmo-do-pintor;algoritmo-z-buffer;arvores-bsp,algoritmos-de-remocao-de-elementos-ocultos,algoritmos-de-remocao-de-elementos-ocultos,algoritmos-de-remocao-de-elementos-ocultos,1,1,1,1,1,1,1,1,1,,so-o-pai,bloco-20-sessao-2026-11-03::remocao de elementos ocultos aula::PAI:algoritmos-de-remocao-de-elementos-ocultos || bloco-20-sessao-2026-11-05::remocao de elementos ocultos aula::PAI:algoritmos-de-remocao-de-elementos-ocultos
CG,produto,exemplozbuffer,0,unidade-06-processo-de-visualizacao-3d,2b8169cd-135b-4490-afb2-803050c00fcb,algoritmo-z-buffer,,algoritmo-z-buffer,algoritmo-z-buffer,algoritmo-z-buffer,1,1,1,1,1,1,1,1,1,,so-o-pai,bloco-20-sessao-2026-11-03::remocao de elementos ocultos aula::PAI:algoritmos-de-remocao-de-elementos-ocultos || bloco-20-sessao-2026-11-05::remocao de elementos ocultos aula::PAI:algoritmos-de-remocao-de-elementos-ocultos
CG,produto,iluminacao,0,unidade-08-sintese-de-imagens-realisticas,12a3a4df-74af-42ce-b153-5025669b81f5,modelos-de-iluminacao-luz-pontual-direcional-spot,modelos-de-reflexao-ambiente-difusa-especular;metodos-de-sombreamento-flat-gouraud-phong,modelos-de-reflexao-ambiente-difusa-especular,modelos-de-iluminacao-luz-pontual-direcional-spot,modelos-de-reflexao-ambiente-difusa-especular,1,1,1,0,1,0,1,1,1,modelos-de-iluminacao-luz-pontual-direcional-spot,decide,bloco-21-sessao-2026-11-10::iluminacao aula::modelos-de-iluminacao-luz-pontual-direcional-spot
CG,produto,programabasico3d,0,unidade-08-sintese-de-imagens-realisticas,12a3a4df-74af-42ce-b153-5025669b81f5,modelos-de-reflexao-ambiente-difusa-especular,modelos-de-iluminacao-luz-pontual-direcional-spot;projecoes,metodos-de-sombreamento-flat-gouraud-phong,modelos-de-iluminacao-luz-pontual-direcional-spot,metodos-de-sombreamento-flat-gouraud-phong,0,1,0,0,0,0,1,1,1,modelos-de-iluminacao-luz-pontual-direcional-spot,decide,bloco-21-sessao-2026-11-10::iluminacao aula::modelos-de-iluminacao-luz-pontual-direcional-spot
CG,produto,exercicios,0,unidade-01-introducao-ao-processamento-grafico,21eb1cc4-d276-4bc2-8072-acd7e6606256,aplicacoes,,aplicacoes,aplicacoes,aplicacoes,1,1,1,1,1,1,0,0,0,aplicacoes,decide,bloco-02-sessao-2026-08-06::introducao a opengl aula::aplicacoes
CG,produto,opengl-cpp,0,unidade-01-introducao-ao-processamento-grafico,21eb1cc4-d276-4bc2-8072-acd7e6606256,aplicacoes,,aplicacoes,aplicacoes,aplicacoes,1,1,1,1,1,1,0,0,0,aplicacoes,decide,bloco-02-sessao-2026-08-06::introducao a opengl aula::aplicacoes
CG,produto,opengl-py,0,unidade-01-introducao-ao-processamento-grafico,21eb1cc4-d276-4bc2-8072-acd7e6606256,aplicacoes,,aplicacoes,aplicacoes,aplicacoes,1,1,1,1,1,1,0,0,0,aplicacoes,decide,bloco-02-sessao-2026-08-06::introducao a opengl aula::aplicacoes
CG,produto,openglbasico,0,unidade-01-introducao-ao-processamento-grafico,21eb1cc4-d276-4bc2-8072-acd7e6606256,aplicacoes,,aplicacoes,aplicacoes,aplicacoes,1,1,1,1,1,1,0,0,0,aplicacoes,decide,bloco-02-sessao-2026-08-06::introducao a opengl aula::aplicacoes
CG,produto,exercicio-com-animacao,0,unidade-02-fundamentos-matematicos,0c911e45-81bf-4cfc-9342-da8d0eb7951f,operacoes-com-vetores,entidades-geometricas,,,,0,0,0,0,0,0,0,0,0,,nenhum,
CG,produto,exercicio-com-poligonos,0,unidade-02-fundamentos-matematicos,0c911e45-81bf-4cfc-9342-da8d0eb7951f,algoritmos-de-poligonos,,algoritmos-de-poligonos,algoritmos-de-poligonos,algoritmos-de-poligonos,1,1,1,1,1,1,1,1,1,,nenhum,
CG,produto,exercicio-de-animacao-foguete,0,unidade-02-fundamentos-matematicos,0c911e45-81bf-4cfc-9342-da8d0eb7951f,operacoes-com-vetores,algoritmos-de-poligonos,algoritmos-de-poligonos,algoritmos-de-poligonos,algoritmos-de-poligonos,1,1,1,0,0,0,0,0,0,,nenhum,
CG,produto,fundamentosmatematicos,0,unidade-02-fundamentos-matematicos,0c911e45-81bf-4cfc-9342-da8d0eb7951f,entidades-geometricas,operacoes-com-vetores,entidades-geometricas,entidades-geometricas,entidades-geometricas,1,1,1,1,1,1,0,0,0,,nenhum,
CG,produto,matematica,0,unidade-02-fundamentos-matematicos,0c911e45-81bf-4cfc-9342-da8d0eb7951f,operacoes-com-vetores,entidades-geometricas,entidades-geometricas,entidades-geometricas,entidades-geometricas,1,1,1,0,0,0,0,0,0,,nenhum,
CG,produto,colisao,0,unidade-02-fundamentos-matematicos,51071dde-cf3c-4ba7-8a6d-e7937dcea4e6,algoritmos-de-deteccao-e-calculo-de-interseccao,,algoritmos-de-deteccao-e-calculo-de-interseccao,algoritmos-de-deteccao-e-calculo-de-interseccao,algoritmos-de-deteccao-e-calculo-de-interseccao,1,1,1,1,1,1,1,1,1,algoritmos-de-deteccao-e-calculo-de-interseccao,decide,bloco-04-sessao-2026-08-18::algoritmos de deteccao de colisao aula::algoritmos-de-deteccao-e-calculo-de-interseccao
CG,produto,geomcomp,0,unidade-02-fundamentos-matematicos,480eecdb-56b8-4ac5-95a5-abef623a0fd4,algoritmos-de-geometria-computacional,,algoritmos-de-geometria-computacional,algoritmos-de-geometria-computacional,algoritmos-de-geometria-computacional,1,1,1,1,1,1,1,1,1,algoritmos-de-geometria-computacional,decide,bloco-05-sessao-2026-08-20::geometria computacional aula::algoritmos-de-geometria-computacional
CG,produto,animacao-v2,0,unidade-04-processo-de-visualizacao-2d,14a90fef-a45d-4fa9-a612-4e555445ae6f,,,desenho-de-linhas,recorte,desenho-de-linhas,0,0,0,0,0,0,0,0,0,recorte,decide,bloco-06-sessao-2026-08-27::processo de visualizacao 2d recorte e mapeamento aula::recorte
CG,produto,exercicios-teoricos-sobre-processo-de-visualizacao-2d,0,unidade-04-processo-de-visualizacao-2d,14a90fef-a45d-4fa9-a612-4e555445ae6f,sistema-de-coordenadas-cartesianas,,desenho-de-linhas,recorte,desenho-de-linhas,0,0,0,0,0,0,1,1,1,recorte,decide,bloco-06-sessao-2026-08-27::processo de visualizacao 2d recorte e mapeamento aula::recorte
CG,produto,instanciamento,0,unidade-04-processo-de-visualizacao-2d,14a90fef-a45d-4fa9-a612-4e555445ae6f,,,2d-3d-mao-direita-e-mao-esquerda,recorte,2d-3d-mao-direita-e-mao-esquerda,0,0,0,0,0,0,0,0,0,recorte,decide,bloco-06-sessao-2026-08-27::processo de visualizacao 2d recorte e mapeamento aula::recorte
CG,produto,mapeamento,0,unidade-04-processo-de-visualizacao-2d,14a90fef-a45d-4fa9-a612-4e555445ae6f,sistema-de-coordenadas-cartesianas,,sistema-de-coordenadas-cartesianas,recorte,sistema-de-coordenadas-cartesianas,1,0,1,1,0,1,0,0,0,recorte,decide,bloco-06-sessao-2026-08-27::processo de visualizacao 2d recorte e mapeamento aula::recorte
CG,produto,pagina-com-videos-sobre-instanciamento,0,unidade-04-processo-de-visualizacao-2d,14a90fef-a45d-4fa9-a612-4e555445ae6f,,,desenho-de-linhas,recorte,desenho-de-linhas,0,0,0,0,0,0,1,1,1,recorte,decide,bloco-06-sessao-2026-08-27::processo de visualizacao 2d recorte e mapeamento aula::recorte
CG,produto,recorte,0,unidade-04-processo-de-visualizacao-2d,14a90fef-a45d-4fa9-a612-4e555445ae6f,recorte,,recorte,recorte,recorte,1,1,1,1,1,1,1,1,1,recorte,decide,bloco-06-sessao-2026-08-27::processo de visualizacao 2d recorte e mapeamento aula::recorte
CG,produto,transformacoesgeometricas,0,unidade-04-processo-de-visualizacao-2d,14a90fef-a45d-4fa9-a612-4e555445ae6f,,,desenho-de-linhas,recorte,desenho-de-linhas,0,0,0,0,0,0,0,0,0,recorte,decide,bloco-06-sessao-2026-08-27::processo de visualizacao 2d recorte e mapeamento aula::recorte
CG,produto,transformacoesgl,0,unidade-04-processo-de-visualizacao-2d,14a90fef-a45d-4fa9-a612-4e555445ae6f,,,sistema-de-coordenadas-cartesianas,recorte,sistema-de-coordenadas-cartesianas,0,0,0,0,0,0,0,0,0,recorte,decide,bloco-06-sessao-2026-08-27::processo de visualizacao 2d recorte e mapeamento aula::recorte
CG,produto,vis2d,0,unidade-04-processo-de-visualizacao-2d,14a90fef-a45d-4fa9-a612-4e555445ae6f,sistema-de-coordenadas-cartesianas,recorte,recorte,recorte,recorte,1,1,1,0,0,0,0,0,0,recorte,decide,bloco-06-sessao-2026-08-27::processo de visualizacao 2d recorte e mapeamento aula::recorte
CG,produto,bezier-animacao,0,unidade-07-representacao-e-modelagem-de-objetos,539471b4-123a-446b-9247-0d650e93dcb4,bezier-e-algoritmo-de-casteljau,representacao-de-curvas-parametricas,bezier-e-algoritmo-de-casteljau,bezier-e-algoritmo-de-casteljau,bezier-e-algoritmo-de-casteljau,1,1,1,1,1,1,1,1,1,,so-o-pai,bloco-13-sessao-2026-10-06::curvas parametricas aula::PAI:representacao-de-curvas-parametricas || bloco-13-sessao-2026-10-08::curvas parametricas aula::PAI:representacao-de-curvas-parametricas
CG,produto,bezier-cpp,0,unidade-07-representacao-e-modelagem-de-objetos,539471b4-123a-446b-9247-0d650e93dcb4,bezier-e-algoritmo-de-casteljau,representacao-de-curvas-parametricas,bezier-e-algoritmo-de-casteljau,bezier-e-algoritmo-de-casteljau,bezier-e-algoritmo-de-casteljau,1,1,1,1,1,1,0,0,0,,so-o-pai,bloco-13-sessao-2026-10-06::curvas parametricas aula::PAI:representacao-de-curvas-parametricas || bloco-13-sessao-2026-10-08::curvas parametricas aula::PAI:representacao-de-curvas-parametricas
CG,produto,bezier-py,0,unidade-07-representacao-e-modelagem-de-objetos,539471b4-123a-446b-9247-0d650e93dcb4,bezier-e-algoritmo-de-casteljau,representacao-de-curvas-parametricas,bezier-e-algoritmo-de-casteljau,bezier-e-algoritmo-de-casteljau,bezier-e-algoritmo-de-casteljau,1,1,1,1,1,1,1,1,1,,so-o-pai,bloco-13-sessao-2026-10-06::curvas parametricas aula::PAI:representacao-de-curvas-parametricas || bloco-13-sessao-2026-10-08::curvas parametricas aula::PAI:representacao-de-curvas-parametricas
CG,produto,bezier-python,0,unidade-07-representacao-e-modelagem-de-objetos,539471b4-123a-446b-9247-0d650e93dcb4,bezier-e-algoritmo-de-casteljau,representacao-de-curvas-parametricas,bezier-e-algoritmo-de-casteljau,bezier-e-algoritmo-de-casteljau,bezier-e-algoritmo-de-casteljau,1,1,1,1,1,1,1,1,1,,so-o-pai,bloco-13-sessao-2026-10-06::curvas parametricas aula::PAI:representacao-de-curvas-parametricas || bloco-13-sessao-2026-10-08::curvas parametricas aula::PAI:representacao-de-curvas-parametricas
CG,produto,curvas,0,unidade-07-representacao-e-modelagem-de-objetos,539471b4-123a-446b-9247-0d650e93dcb4,representacao-de-curvas-parametricas,bezier-e-algoritmo-de-casteljau;hermite;catmull-rom;b-spline,bezier-e-algoritmo-de-casteljau,bezier-e-algoritmo-de-casteljau,bezier-e-algoritmo-de-casteljau,1,1,1,0,0,0,0,0,0,,so-o-pai,bloco-13-sessao-2026-10-06::curvas parametricas aula::PAI:representacao-de-curvas-parametricas || bloco-13-sessao-2026-10-08::curvas parametricas aula::PAI:representacao-de-curvas-parametricas
CG,produto,curvasparametricas,0,unidade-07-representacao-e-modelagem-de-objetos,539471b4-123a-446b-9247-0d650e93dcb4,representacao-de-curvas-parametricas,bezier-e-algoritmo-de-casteljau;hermite;catmull-rom;b-spline,representacao-de-curvas-parametricas,representacao-de-curvas-parametricas,representacao-de-curvas-parametricas,1,1,1,1,1,1,1,1,1,,so-o-pai,bloco-13-sessao-2026-10-06::curvas parametricas aula::PAI:representacao-de-curvas-parametricas || bloco-13-sessao-2026-10-08::curvas parametricas aula::PAI:representacao-de-curvas-parametricas
CG,produto,exercicios-sobre-curvas,0,unidade-07-representacao-e-modelagem-de-objetos,539471b4-123a-446b-9247-0d650e93dcb4,catmull-rom,representacao-de-curvas-parametricas;bezier-e-algoritmo-de-casteljau,bezier-e-algoritmo-de-casteljau,bezier-e-algoritmo-de-casteljau,bezier-e-algoritmo-de-casteljau,1,1,1,0,0,0,0,0,0,,so-o-pai,bloco-13-sessao-2026-10-06::curvas parametricas aula::PAI:representacao-de-curvas-parametricas || bloco-13-sessao-2026-10-08::curvas parametricas aula::PAI:representacao-de-curvas-parametricas
CG,produto,floodfill,0,unidade-03-processamento-de-imagens-e-visao-computacional,b5092bac-4d1f-49f7-aa34-e1439a39467f,segmentacao,,segmentacao,segmentacao,segmentacao,1,1,1,1,1,1,0,0,0,,nenhum,
CG,produto,img,0,unidade-03-processamento-de-imagens-e-visao-computacional,b5092bac-4d1f-49f7-aa34-e1439a39467f,cores-e-tipos-de-imagens,filtros;algoritmos-de-quantizacao-e-amostragem,cores-e-tipos-de-imagens,cores-e-tipos-de-imagens,cores-e-tipos-de-imagens,1,1,1,1,1,1,1,1,1,,nenhum,
CG,produto,remocaoderuido,0,unidade-03-processamento-de-imagens-e-visao-computacional,b5092bac-4d1f-49f7-aa34-e1439a39467f,filtros,,filtros,filtros,filtros,1,1,1,1,1,1,0,0,0,,nenhum,
CG,produto,exercicios-de-processamento-de-imagens,0,unidade-03-processamento-de-imagens-e-visao-computacional,b5092bac-4d1f-49f7-aa34-e1439a39467f,algoritmos-de-quantizacao-e-amostragem,cores-e-tipos-de-imagens;filtros;segmentacao,cores-e-tipos-de-imagens,cores-e-tipos-de-imagens,cores-e-tipos-de-imagens,1,1,1,0,0,0,1,1,1,,nenhum,
CG,produto,introducaoprocimg,0,unidade-03-processamento-de-imagens-e-visao-computacional,b5092bac-4d1f-49f7-aa34-e1439a39467f,filtros,introducao-e-exemplos-de-aplicacoes;cores-e-tipos-de-imagens,filtros,filtros,filtros,1,1,1,1,1,1,1,1,1,,nenhum,
CG,produto,exercicios-de-geometria-computacional,0,unidade-02-fundamentos-matematicos,480eecdb-56b8-4ac5-95a5-abef623a0fd4,algoritmos-de-geometria-computacional,,algoritmos-de-geometria-computacional,algoritmos-de-geometria-computacional,algoritmos-de-geometria-computacional,1,1,1,1,1,1,0,0,0,algoritmos-de-geometria-computacional,decide,bloco-05-sessao-2026-08-20::geometria computacional aula::algoritmos-de-geometria-computacional
CG,produto,exercicios-sobre-curvas-html,0,unidade-07-representacao-e-modelagem-de-objetos,539471b4-123a-446b-9247-0d650e93dcb4,catmull-rom,representacao-de-curvas-parametricas;bezier-e-algoritmo-de-casteljau,bezier-e-algoritmo-de-casteljau,bezier-e-algoritmo-de-casteljau,bezier-e-algoritmo-de-casteljau,1,1,1,0,0,0,0,0,0,,so-o-pai,bloco-13-sessao-2026-10-06::curvas parametricas aula::PAI:representacao-de-curvas-parametricas || bloco-13-sessao-2026-10-08::curvas parametricas aula::PAI:representacao-de-curvas-parametricas
CG,produto,exercicios-teoricos-sobre-processo-de-visualizacao-2d-html,0,unidade-04-processo-de-visualizacao-2d,14a90fef-a45d-4fa9-a612-4e555445ae6f,sistema-de-coordenadas-cartesianas,,desenho-de-linhas,recorte,desenho-de-linhas,0,0,0,0,0,0,1,1,1,recorte,decide,bloco-06-sessao-2026-08-27::processo de visualizacao 2d recorte e mapeamento aula::recorte
CG,produto,exerciciosfundamentosmatematicos,0,unidade-02-fundamentos-matematicos,0c911e45-81bf-4cfc-9342-da8d0eb7951f,algoritmos-de-poligonos,operacoes-com-vetores,algoritmos-de-poligonos,algoritmos-de-poligonos,algoritmos-de-poligonos,1,1,1,1,1,1,0,0,0,,nenhum,
CG,produto,domina,0,unidade-02-fundamentos-matematicos,480eecdb-56b8-4ac5-95a5-abef623a0fd4,algoritmos-de-geometria-computacional,,algoritmos-de-geometria-computacional,algoritmos-de-geometria-computacional,algoritmos-de-geometria-computacional,1,1,1,1,1,1,1,1,1,algoritmos-de-geometria-computacional,decide,bloco-05-sessao-2026-08-20::geometria computacional aula::algoritmos-de-geometria-computacional
CG,produto,planesweep,0,unidade-02-fundamentos-matematicos,480eecdb-56b8-4ac5-95a5-abef623a0fd4,algoritmos-de-geometria-computacional,,algoritmos-de-geometria-computacional,algoritmos-de-geometria-computacional,algoritmos-de-geometria-computacional,1,1,1,1,1,1,1,1,1,algoritmos-de-geometria-computacional,decide,bloco-05-sessao-2026-08-20::geometria computacional aula::algoritmos-de-geometria-computacional
CG,produto,slab,0,unidade-02-fundamentos-matematicos,480eecdb-56b8-4ac5-95a5-abef623a0fd4,algoritmos-de-geometria-computacional,algoritmos-de-poligonos,algoritmos-de-geometria-computacional,algoritmos-de-geometria-computacional,algoritmos-de-geometria-computacional,1,1,1,1,1,1,1,1,1,algoritmos-de-geometria-computacional,decide,bloco-05-sessao-2026-08-20::geometria computacional aula::algoritmos-de-geometria-computacional
CG,produto,exercicioduascores,0,unidade-03-processamento-de-imagens-e-visao-computacional,b5092bac-4d1f-49f7-aa34-e1439a39467f,algoritmos-de-quantizacao-e-amostragem,cores-e-tipos-de-imagens,cores-e-tipos-de-imagens,cores-e-tipos-de-imagens,cores-e-tipos-de-imagens,1,1,1,0,0,0,1,1,1,,nenhum,
CG,produto,video-sobre-origens-da-computacao-grafica-806e66,0,unidade-01-introducao-ao-processamento-grafico,7eda873a-69bf-4af7-90c9-4507782af5bb,origens,,origens,origens,origens,1,1,1,1,1,1,1,1,1,origens,decide,bloco-01-sessao-2026-08-04::apresentacao da disciplina e origens da cg aula::origens
CG,produto,video-com-instrucoes-para-usar-opengl-na-vdi-da-pucrs-3a8758,0,unidade-01-introducao-ao-processamento-grafico,21eb1cc4-d276-4bc2-8072-acd7e6606256,aplicacoes,,aplicacoes,aplicacoes,aplicacoes,1,1,1,1,1,1,1,1,1,aplicacoes,decide,bloco-02-sessao-2026-08-06::introducao a opengl aula::aplicacoes
CG,produto,pagina-com-videos-sobre-fundamentos-matematicos-para-computacao-grafica-d1d4a9,0,unidade-02-fundamentos-matematicos,0c911e45-81bf-4cfc-9342-da8d0eb7951f,entidades-geometricas,operacoes-com-vetores,algoritmos-de-poligonos,algoritmos-de-poligonos,algoritmos-de-poligonos,0,0,0,0,0,0,1,1,1,,nenhum,
CG,produto,videos-sobre-algoritmos-de-detecao-de-colisao-bd7d84,0,unidade-02-fundamentos-matematicos,51071dde-cf3c-4ba7-8a6d-e7937dcea4e6,algoritmos-de-deteccao-e-calculo-de-interseccao,,algoritmos-de-deteccao-e-calculo-de-interseccao,algoritmos-de-deteccao-e-calculo-de-interseccao,algoritmos-de-deteccao-e-calculo-de-interseccao,1,1,1,1,1,1,1,1,1,algoritmos-de-deteccao-e-calculo-de-interseccao,decide,bloco-04-sessao-2026-08-18::algoritmos de deteccao de colisao aula::algoritmos-de-deteccao-e-calculo-de-interseccao
CG,produto,pagina-com-videos-sobre-geometria-computacional-ebca9a,0,unidade-02-fundamentos-matematicos,480eecdb-56b8-4ac5-95a5-abef623a0fd4,algoritmos-de-geometria-computacional,,algoritmos-de-geometria-computacional,algoritmos-de-geometria-computacional,algoritmos-de-geometria-computacional,1,1,1,1,1,1,1,1,1,algoritmos-de-geometria-computacional,decide,bloco-05-sessao-2026-08-20::geometria computacional aula::algoritmos-de-geometria-computacional
CG,produto,pagina-com-videos-sobre-recorte-e257d3,0,unidade-04-processo-de-visualizacao-2d,14a90fef-a45d-4fa9-a612-4e555445ae6f,recorte,,recorte,recorte,recorte,1,1,1,1,1,1,1,1,1,recorte,decide,bloco-06-sessao-2026-08-27::processo de visualizacao 2d recorte e mapeamento aula::recorte
CG,produto,video-sobre-o-algoritmo-de-recorte-por-subdivisao-binaria-db7e2e,0,unidade-04-processo-de-visualizacao-2d,14a90fef-a45d-4fa9-a612-4e555445ae6f,recorte,,recorte,recorte,recorte,1,1,1,1,1,1,1,1,1,recorte,decide,bloco-06-sessao-2026-08-27::processo de visualizacao 2d recorte e mapeamento aula::recorte
CG,produto,pagina-com-videos-sobre-mapeamento-9f410e,0,unidade-04-processo-de-visualizacao-2d,14a90fef-a45d-4fa9-a612-4e555445ae6f,sistema-de-coordenadas-cartesianas,,,recorte,recorte,0,0,0,0,0,0,0,1,1,recorte,decide,bloco-06-sessao-2026-08-27::processo de visualizacao 2d recorte e mapeamento aula::recorte
CG,produto,video-sobre-mapeamento-em-opengl-1dad3c,0,unidade-04-processo-de-visualizacao-2d,14a90fef-a45d-4fa9-a612-4e555445ae6f,sistema-de-coordenadas-cartesianas,,2d-3d-mao-direita-e-mao-esquerda,recorte,2d-3d-mao-direita-e-mao-esquerda,0,0,0,0,0,0,0,0,0,recorte,decide,bloco-06-sessao-2026-08-27::processo de visualizacao 2d recorte e mapeamento aula::recorte
CG,produto,pagina-com-videos-sobre-curvas-parametricas-63d902,0,unidade-07-representacao-e-modelagem-de-objetos,539471b4-123a-446b-9247-0d650e93dcb4,representacao-de-curvas-parametricas,,representacao-de-curvas-parametricas,representacao-de-curvas-parametricas,representacao-de-curvas-parametricas,1,1,1,1,1,1,1,1,1,,so-o-pai,bloco-13-sessao-2026-10-06::curvas parametricas aula::PAI:representacao-de-curvas-parametricas || bloco-13-sessao-2026-10-08::curvas parametricas aula::PAI:representacao-de-curvas-parametricas
CG,produto,pagina-com-videos-sobre-manipulacao-de-imagens-61ddde,0,unidade-03-processamento-de-imagens-e-visao-computacional,b5092bac-4d1f-49f7-aa34-e1439a39467f,cores-e-tipos-de-imagens,filtros,segmentacao,segmentacao,segmentacao,0,0,0,0,0,0,1,1,1,,nenhum,
CG,produto,pagina-com-videos-sobre-introducao-ao-processamento-de-imagens-61f156,0,unidade-03-processamento-de-imagens-e-visao-computacional,b5092bac-4d1f-49f7-aa34-e1439a39467f,introducao-e-exemplos-de-aplicacoes,filtros,filtros,filtros,filtros,1,1,1,0,0,0,1,1,1,,nenhum,
CG,produto,pagina-com-videos-sobre-segmentacao-de-imagens-d0627f,0,unidade-03-processamento-de-imagens-e-visao-computacional,b5092bac-4d1f-49f7-aa34-e1439a39467f,segmentacao,,segmentacao,segmentacao,segmentacao,1,1,1,1,1,1,1,1,1,,nenhum,
CG,produto,pagina-com-videos-sobre-segmentacao-por-texturas-e03566,0,unidade-03-processamento-de-imagens-e-visao-computacional,b5092bac-4d1f-49f7-aa34-e1439a39467f,segmentacao,,segmentacao,segmentacao,segmentacao,1,1,1,1,1,1,1,1,1,,nenhum,
CG,produto,aula-gravada-975b85,0,unidade-03-processamento-de-imagens-e-visao-computacional,5b32aadd-77e4-4fe6-aa29-9dda8f883d1b,segmentacao,filtros,segmentacao,segmentacao,segmentacao,1,1,1,1,1,1,1,1,1,,nenhum,
CG,produto,pagina-com-videos-sobre-morfologia-matematica-06265a,0,unidade-03-processamento-de-imagens-e-visao-computacional,5b32aadd-77e4-4fe6-aa29-9dda8f883d1b,segmentacao,filtros,segmentacao,segmentacao,segmentacao,1,1,1,1,1,1,0,0,0,,nenhum,
CG,produto,video-sobre-prechimento-de-areas-duracao-330-defae7,0,unidade-03-processamento-de-imagens-e-visao-computacional,b5092bac-4d1f-49f7-aa34-e1439a39467f,segmentacao,,segmentacao,segmentacao,segmentacao,1,1,1,1,1,1,0,0,0,,nenhum,
CG,produto,video-sobre-prechimento-de-areas-duracao-1300-d87e5f,0,unidade-03-processamento-de-imagens-e-visao-computacional,b5092bac-4d1f-49f7-aa34-e1439a39467f,segmentacao,,segmentacao,segmentacao,segmentacao,1,1,1,1,1,1,1,1,1,,nenhum,
CG,produto,paginas-com-videos-sobre-modelagem-geometrica-f2614a,0,unidade-07-representacao-e-modelagem-de-objetos,02b4f1ab-41ec-424f-a0a7-f5b7fd2ada08,tecnicas-de-modelagem-3d,formas-de-representacao,geometria-solida-construtiva-csg,geometria-solida-construtiva-csg,geometria-solida-construtiva-csg,0,0,0,0,0,0,1,1,1,,nenhum,
CG,produto,pagina-com-videos-sobre-visualizacao-3d-35a833,0,unidade-06-processo-de-visualizacao-3d,92485ca5-1035-4ea5-8606-6b6d48c3ddfb,pipeline-de-visualizacao-3d,projecoes;conceito-de-camera-sintetica,paralela,paralela,paralela,0,0,0,0,0,0,1,1,1,,so-o-pai,bloco-18-sessao-2026-10-27::visualizacao 3d projecao aula::PAI:projecoes
CG,produto,pagina-com-videos-sobre-remocao-de-elementos-ocultos-20c34a,0,unidade-06-processo-de-visualizacao-3d,2b8169cd-135b-4490-afb2-803050c00fcb,algoritmos-de-remocao-de-elementos-ocultos,,algoritmos-de-remocao-de-elementos-ocultos,algoritmos-de-remocao-de-elementos-ocultos,algoritmos-de-remocao-de-elementos-ocultos,1,1,1,1,1,1,1,1,1,,so-o-pai,bloco-20-sessao-2026-11-03::remocao de elementos ocultos aula::PAI:algoritmos-de-remocao-de-elementos-ocultos || bloco-20-sessao-2026-11-05::remocao de elementos ocultos aula::PAI:algoritmos-de-remocao-de-elementos-ocultos
CG,produto,pagina-com-videos-sobre-sintese-de-imagens-realisticas-a6d9ea,0,unidade-08-sintese-de-imagens-realisticas,12a3a4df-74af-42ce-b153-5025669b81f5,modelos-de-iluminacao-luz-pontual-direcional-spot,modelos-de-reflexao-ambiente-difusa-especular;metodos-de-sombreamento-flat-gouraud-phong,modelos-de-reflexao-ambiente-difusa-especular,modelos-de-iluminacao-luz-pontual-direcional-spot,modelos-de-reflexao-ambiente-difusa-especular,1,1,1,0,1,0,1,1,1,modelos-de-iluminacao-luz-pontual-direcional-spot,decide,bloco-21-sessao-2026-11-10::iluminacao aula::modelos-de-iluminacao-luz-pontual-direcional-spot
FR,cru,01-protocolos-de-rede,0,unidade-01-introducao-a-redes-de-computadores,2c13a1f7-5335-484c-b2ac-fef554d606ac,conceito-de-protocolo-de-redes-pessoais-locais-metropolitanas-e-de-longa-distancia,conceitos-de-redes-de-computadores-e-internet,modelos-osi-e-tcpip,modelos-osi-e-tcpip,modelos-osi-e-tcpip,0,0,0,0,0,0,1,1,1,,nenhum,
FR,cru,02-modelos-de-referencia,0,unidade-01-introducao-a-redes-de-computadores,ce5ec619-9787-4e47-997b-54a89ccc1473,modelos-osi-e-tcpip,,modelos-osi-e-tcpip,modelos-osi-e-tcpip,modelos-osi-e-tcpip,1,1,1,1,1,1,1,1,1,modelos-osi-e-tcpip,decide,bloco-02-sessao-2026-08-06::arquitetura de protocolos modelos de referencia osi e tcp ip funcoes de cada nivel nos mod::modelos-osi-e-tcpip || bloco-02-sessao-2026-08-11::arquitetura de protocolos modelos de referencia osi e tcp ip funcoes de cada nivel nos mod::modelos-osi-e-tcpip
FR,cru,03-tipos-de-redes,0,unidade-01-introducao-a-redes-de-computadores,ce5ec619-9787-4e47-997b-54a89ccc1473,conceito-de-protocolo-de-redes-pessoais-locais-metropolitanas-e-de-longa-distancia,classificacao-e-topologias-de-redes-de-computadores,modelos-osi-e-tcpip,modelos-osi-e-tcpip,modelos-osi-e-tcpip,0,0,0,0,0,0,1,1,1,modelos-osi-e-tcpip,decide,bloco-02-sessao-2026-08-06::arquitetura de protocolos modelos de referencia osi e tcp ip funcoes de cada nivel nos mod::modelos-osi-e-tcpip || bloco-02-sessao-2026-08-11::arquitetura de protocolos modelos de referencia osi e tcp ip funcoes de cada nivel nos mod::modelos-osi-e-tcpip
FR,cru,unidade1-exercicios,0,unidade-01-introducao-a-redes-de-computadores,ce5ec619-9787-4e47-997b-54a89ccc1473,modelos-osi-e-tcpip,conceitos-de-redes-de-computadores-e-internet;conceito-de-protocolo-de-redes-pessoais-locais-metropolitanas-e-de-longa-distancia,modelos-osi-e-tcpip,modelos-osi-e-tcpip,modelos-osi-e-tcpip,1,1,1,1,1,1,1,1,1,modelos-osi-e-tcpip,decide,bloco-02-sessao-2026-08-06::arquitetura de protocolos modelos de referencia osi e tcp ip funcoes de cada nivel nos mod::modelos-osi-e-tcpip || bloco-02-sessao-2026-08-11::arquitetura de protocolos modelos de referencia osi e tcp ip funcoes de cada nivel nos mod::modelos-osi-e-tcpip
FR,cru,04-camada-de-aplicacao,0,unidade-02-nivel-de-aplicacao,4e141c57-b679-45fe-be61-05ef5c344616,funcoes-e-caracteristicas-do-nivel-de-aplicacao,paradigmas-clienteservidor-e-p2p,protocolos-de-aplicacao-para-o-usuario-http-https-smtp-pop3-imap,protocolos-de-aplicacao-para-o-usuario-http-https-smtp-pop3-imap,protocolos-de-aplicacao-para-o-usuario-http-https-smtp-pop3-imap,0,0,0,0,0,0,1,1,1,,sessoes-discordantes,bloco-03-sessao-2026-08-13::protocolos de aplicacao dhcp aula::protocolos-de-aplicacao-para-infraestrutura-dns-dhcp-snmp-nat || bloco-03-sessao-2026-08-18::protocolos de aplicacao http aula::protocolos-de-aplicacao-para-o-usuario-http-https-smtp-pop3-imap || bloco-03-sessao-2026-08-20::protocolos de aplicacao http aula::protocolos-de-aplicacao-para-o-usuario-http-https-smtp-pop3-imap
FR,cru,04-protocolo-http,0,unidade-02-nivel-de-aplicacao,4e141c57-b679-45fe-be61-05ef5c344616,protocolos-de-aplicacao-para-o-usuario-http-https-smtp-pop3-imap,,paradigmas-clienteservidor-e-p2p,paradigmas-clienteservidor-e-p2p,paradigmas-clienteservidor-e-p2p,0,0,0,0,0,0,1,1,1,,sessoes-discordantes,bloco-03-sessao-2026-08-13::protocolos de aplicacao dhcp aula::protocolos-de-aplicacao-para-infraestrutura-dns-dhcp-snmp-nat || bloco-03-sessao-2026-08-18::protocolos de aplicacao http aula::protocolos-de-aplicacao-para-o-usuario-http-https-smtp-pop3-imap || bloco-03-sessao-2026-08-20::protocolos de aplicacao http aula::protocolos-de-aplicacao-para-o-usuario-http-https-smtp-pop3-imap
FR,cru,05-protocolo-dns,0,unidade-02-nivel-de-aplicacao,4e141c57-b679-45fe-be61-05ef5c344616,protocolos-de-aplicacao-para-infraestrutura-dns-dhcp-snmp-nat,,protocolos-de-aplicacao-para-o-usuario-http-https-smtp-pop3-imap,protocolos-de-aplicacao-para-o-usuario-http-https-smtp-pop3-imap,protocolos-de-aplicacao-para-o-usuario-http-https-smtp-pop3-imap,0,0,0,0,0,0,1,1,1,,sessoes-discordantes,bloco-03-sessao-2026-08-13::protocolos de aplicacao dhcp aula::protocolos-de-aplicacao-para-infraestrutura-dns-dhcp-snmp-nat || bloco-03-sessao-2026-08-18::protocolos de aplicacao http aula::protocolos-de-aplicacao-para-o-usuario-http-https-smtp-pop3-imap || bloco-03-sessao-2026-08-20::protocolos de aplicacao http aula::protocolos-de-aplicacao-para-o-usuario-http-https-smtp-pop3-imap
FR,cru,06-protocolo-dhcp,0,unidade-02-nivel-de-aplicacao,4e141c57-b679-45fe-be61-05ef5c344616,protocolos-de-aplicacao-para-infraestrutura-dns-dhcp-snmp-nat,,protocolos-de-aplicacao-para-infraestrutura-dns-dhcp-snmp-nat,protocolos-de-aplicacao-para-infraestrutura-dns-dhcp-snmp-nat,protocolos-de-aplicacao-para-infraestrutura-dns-dhcp-snmp-nat,1,1,1,1,1,1,1,1,1,,sessoes-discordantes,bloco-03-sessao-2026-08-13::protocolos de aplicacao dhcp aula::protocolos-de-aplicacao-para-infraestrutura-dns-dhcp-snmp-nat || bloco-03-sessao-2026-08-18::protocolos de aplicacao http aula::protocolos-de-aplicacao-para-o-usuario-http-https-smtp-pop3-imap || bloco-03-sessao-2026-08-20::protocolos de aplicacao http aula::protocolos-de-aplicacao-para-o-usuario-http-https-smtp-pop3-imap
FR,cru,lista-de-exercicios-1-camada-de-aplicacao,0,unidade-02-nivel-de-aplicacao,4e141c57-b679-45fe-be61-05ef5c344616,funcoes-e-caracteristicas-do-nivel-de-aplicacao,protocolos-de-aplicacao-para-o-usuario-http-https-smtp-pop3-imap;protocolos-de-aplicacao-para-infraestrutura-dns-dhcp-snmp-nat;paradigmas-clienteservidor-e-p2p,paradigmas-clienteservidor-e-p2p,paradigmas-clienteservidor-e-p2p,paradigmas-clienteservidor-e-p2p,1,1,1,0,0,0,1,1,1,,sessoes-discordantes,bloco-03-sessao-2026-08-13::protocolos de aplicacao dhcp aula::protocolos-de-aplicacao-para-infraestrutura-dns-dhcp-snmp-nat || bloco-03-sessao-2026-08-18::protocolos de aplicacao http aula::protocolos-de-aplicacao-para-o-usuario-http-https-smtp-pop3-imap || bloco-03-sessao-2026-08-20::protocolos de aplicacao http aula::protocolos-de-aplicacao-para-o-usuario-http-https-smtp-pop3-imap
FR,cru,unidade2-exercicios-dhcp,0,unidade-02-nivel-de-aplicacao,4e141c57-b679-45fe-be61-05ef5c344616,protocolos-de-aplicacao-para-infraestrutura-dns-dhcp-snmp-nat,,protocolos-de-aplicacao-para-infraestrutura-dns-dhcp-snmp-nat,protocolos-de-aplicacao-para-infraestrutura-dns-dhcp-snmp-nat,protocolos-de-aplicacao-para-infraestrutura-dns-dhcp-snmp-nat,1,1,1,1,1,1,1,1,1,,sessoes-discordantes,bloco-03-sessao-2026-08-13::protocolos de aplicacao dhcp aula::protocolos-de-aplicacao-para-infraestrutura-dns-dhcp-snmp-nat || bloco-03-sessao-2026-08-18::protocolos de aplicacao http aula::protocolos-de-aplicacao-para-o-usuario-http-https-smtp-pop3-imap || bloco-03-sessao-2026-08-20::protocolos de aplicacao http aula::protocolos-de-aplicacao-para-o-usuario-http-https-smtp-pop3-imap
FR,cru,unidade2-exercicios-dns,0,unidade-02-nivel-de-aplicacao,4e141c57-b679-45fe-be61-05ef5c344616,protocolos-de-aplicacao-para-infraestrutura-dns-dhcp-snmp-nat,,protocolos-de-aplicacao-para-infraestrutura-dns-dhcp-snmp-nat,protocolos-de-aplicacao-para-infraestrutura-dns-dhcp-snmp-nat,protocolos-de-aplicacao-para-infraestrutura-dns-dhcp-snmp-nat,1,1,1,1,1,1,1,1,1,,sessoes-discordantes,bloco-03-sessao-2026-08-13::protocolos de aplicacao dhcp aula::protocolos-de-aplicacao-para-infraestrutura-dns-dhcp-snmp-nat || bloco-03-sessao-2026-08-18::protocolos de aplicacao http aula::protocolos-de-aplicacao-para-o-usuario-http-https-smtp-pop3-imap || bloco-03-sessao-2026-08-20::protocolos de aplicacao http aula::protocolos-de-aplicacao-para-o-usuario-http-https-smtp-pop3-imap
FR,cru,unidade2-exercicios-http,0,unidade-02-nivel-de-aplicacao,4e141c57-b679-45fe-be61-05ef5c344616,protocolos-de-aplicacao-para-o-usuario-http-https-smtp-pop3-imap,,paradigmas-clienteservidor-e-p2p,paradigmas-clienteservidor-e-p2p,paradigmas-clienteservidor-e-p2p,0,0,0,0,0,0,1,1,1,,sessoes-discordantes,bloco-03-sessao-2026-08-13::protocolos de aplicacao dhcp aula::protocolos-de-aplicacao-para-infraestrutura-dns-dhcp-snmp-nat || bloco-03-sessao-2026-08-18::protocolos de aplicacao http aula::protocolos-de-aplicacao-para-o-usuario-http-https-smtp-pop3-imap || bloco-03-sessao-2026-08-20::protocolos de aplicacao http aula::protocolos-de-aplicacao-para-o-usuario-http-https-smtp-pop3-imap
FR,cru,07-protocolos-de-e-mail,0,unidade-02-nivel-de-aplicacao,8406d8fc-d0cc-4115-95f0-b56e145d401e,protocolos-de-aplicacao-para-o-usuario-http-https-smtp-pop3-imap,,protocolos-de-aplicacao-para-o-usuario-http-https-smtp-pop3-imap,protocolos-de-aplicacao-para-o-usuario-http-https-smtp-pop3-imap,protocolos-de-aplicacao-para-o-usuario-http-https-smtp-pop3-imap,1,1,1,1,1,1,1,1,1,protocolos-de-aplicacao-para-o-usuario-http-https-smtp-pop3-imap,decide,bloco-05-sessao-2026-09-01::protocolos de aplicacao smtp pop imap aula::protocolos-de-aplicacao-para-o-usuario-http-https-smtp-pop3-imap
FR,cru,08-desenvolvimento-de-aplicacoes,0,unidade-02-nivel-de-aplicacao,8406d8fc-d0cc-4115-95f0-b56e145d401e,implementacao-de-sockets,paradigmas-clienteservidor-e-p2p,,protocolos-de-aplicacao-para-o-usuario-http-https-smtp-pop3-imap,protocolos-de-aplicacao-para-o-usuario-http-https-smtp-pop3-imap,0,0,0,0,0,0,0,1,1,protocolos-de-aplicacao-para-o-usuario-http-https-smtp-pop3-imap,decide,bloco-05-sessao-2026-09-01::protocolos de aplicacao smtp pop imap aula::protocolos-de-aplicacao-para-o-usuario-http-https-smtp-pop3-imap
FR,cru,udp-example-c,0,unidade-02-nivel-de-aplicacao,4e141c57-b679-45fe-be61-05ef5c344616,implementacao-de-sockets,protocolo-udp,paradigmas-clienteservidor-e-p2p,paradigmas-clienteservidor-e-p2p,paradigmas-clienteservidor-e-p2p,0,0,0,0,0,0,1,1,1,,sessoes-discordantes,bloco-03-sessao-2026-08-13::protocolos de aplicacao dhcp aula::protocolos-de-aplicacao-para-infraestrutura-dns-dhcp-snmp-nat || bloco-03-sessao-2026-08-18::protocolos de aplicacao http aula::protocolos-de-aplicacao-para-o-usuario-http-https-smtp-pop3-imap || bloco-03-sessao-2026-08-20::protocolos de aplicacao http aula::protocolos-de-aplicacao-para-o-usuario-http-https-smtp-pop3-imap
FR,cru,udp-example-java,0,unidade-02-nivel-de-aplicacao,8406d8fc-d0cc-4115-95f0-b56e145d401e,implementacao-de-sockets,protocolo-udp,paradigmas-clienteservidor-e-p2p,protocolos-de-aplicacao-para-o-usuario-http-https-smtp-pop3-imap,paradigmas-clienteservidor-e-p2p,0,0,0,0,0,0,1,1,1,protocolos-de-aplicacao-para-o-usuario-http-https-smtp-pop3-imap,decide,bloco-05-sessao-2026-09-01::protocolos de aplicacao smtp pop imap aula::protocolos-de-aplicacao-para-o-usuario-http-https-smtp-pop3-imap
FR,cru,tcp-chat-c,0,unidade-02-nivel-de-aplicacao,8406d8fc-d0cc-4115-95f0-b56e145d401e,implementacao-de-sockets,protocolo-tcp,paradigmas-clienteservidor-e-p2p,protocolos-de-aplicacao-para-o-usuario-http-https-smtp-pop3-imap,paradigmas-clienteservidor-e-p2p,0,0,0,0,0,0,1,1,1,protocolos-de-aplicacao-para-o-usuario-http-https-smtp-pop3-imap,decide,bloco-05-sessao-2026-09-01::protocolos de aplicacao smtp pop imap aula::protocolos-de-aplicacao-para-o-usuario-http-https-smtp-pop3-imap
FR,cru,tcp-example,0,unidade-02-nivel-de-aplicacao,4e141c57-b679-45fe-be61-05ef5c344616,implementacao-de-sockets,protocolo-tcp,paradigmas-clienteservidor-e-p2p,paradigmas-clienteservidor-e-p2p,paradigmas-clienteservidor-e-p2p,0,0,0,0,0,0,1,1,1,,sessoes-discordantes,bloco-03-sessao-2026-08-13::protocolos de aplicacao dhcp aula::protocolos-de-aplicacao-para-infraestrutura-dns-dhcp-snmp-nat || bloco-03-sessao-2026-08-18::protocolos de aplicacao http aula::protocolos-de-aplicacao-para-o-usuario-http-https-smtp-pop3-imap || bloco-03-sessao-2026-08-20::protocolos de aplicacao http aula::protocolos-de-aplicacao-para-o-usuario-http-https-smtp-pop3-imap
FR,produto,01-protocolos-de-rede,0,unidade-01-introducao-a-redes-de-computadores,2c13a1f7-5335-484c-b2ac-fef554d606ac,conceito-de-protocolo-de-redes-pessoais-locais-metropolitanas-e-de-longa-distancia,conceitos-de-redes-de-computadores-e-internet,conceito-de-protocolo-de-redes-pessoais-locais-metropolitanas-e-de-longa-distancia,conceito-de-protocolo-de-redes-pessoais-locais-metropolitanas-e-de-longa-distancia,conceito-de-protocolo-de-redes-pessoais-locais-metropolitanas-e-de-longa-distancia,1,1,1,1,1,1,1,1,1,,nenhum,
FR,produto,02-modelos-de-referencia,0,unidade-01-introducao-a-redes-de-computadores,ce5ec619-9787-4e47-997b-54a89ccc1473,modelos-osi-e-tcpip,,modelos-osi-e-tcpip,modelos-osi-e-tcpip,modelos-osi-e-tcpip,1,1,1,1,1,1,1,1,1,modelos-osi-e-tcpip,decide,bloco-02-sessao-2026-08-06::arquitetura de protocolos modelos de referencia osi e tcp ip funcoes de cada nivel nos mod::modelos-osi-e-tcpip || bloco-02-sessao-2026-08-11::arquitetura de protocolos modelos de referencia osi e tcp ip funcoes de cada nivel nos mod::modelos-osi-e-tcpip
FR,produto,03-tipos-de-redes,0,unidade-01-introducao-a-redes-de-computadores,ce5ec619-9787-4e47-997b-54a89ccc1473,conceito-de-protocolo-de-redes-pessoais-locais-metropolitanas-e-de-longa-distancia,classificacao-e-topologias-de-redes-de-computadores,conceito-de-protocolo-de-redes-pessoais-locais-metropolitanas-e-de-longa-distancia,modelos-osi-e-tcpip,conceito-de-protocolo-de-redes-pessoais-locais-metropolitanas-e-de-longa-distancia,1,0,1,1,0,1,1,1,1,modelos-osi-e-tcpip,decide,bloco-02-sessao-2026-08-06::arquitetura de protocolos modelos de referencia osi e tcp ip funcoes de cada nivel nos mod::modelos-osi-e-tcpip || bloco-02-sessao-2026-08-11::arquitetura de protocolos modelos de referencia osi e tcp ip funcoes de cada nivel nos mod::modelos-osi-e-tcpip
FR,produto,unidade1-exercicios,0,unidade-01-introducao-a-redes-de-computadores,ce5ec619-9787-4e47-997b-54a89ccc1473,modelos-osi-e-tcpip,conceitos-de-redes-de-computadores-e-internet;conceito-de-protocolo-de-redes-pessoais-locais-metropolitanas-e-de-longa-distancia,modelos-osi-e-tcpip,modelos-osi-e-tcpip,modelos-osi-e-tcpip,1,1,1,1,1,1,1,1,1,modelos-osi-e-tcpip,decide,bloco-02-sessao-2026-08-06::arquitetura de protocolos modelos de referencia osi e tcp ip funcoes de cada nivel nos mod::modelos-osi-e-tcpip || bloco-02-sessao-2026-08-11::arquitetura de protocolos modelos de referencia osi e tcp ip funcoes de cada nivel nos mod::modelos-osi-e-tcpip
FR,produto,04-camada-de-aplicacao,0,unidade-02-nivel-de-aplicacao,4e141c57-b679-45fe-be61-05ef5c344616,funcoes-e-caracteristicas-do-nivel-de-aplicacao,paradigmas-clienteservidor-e-p2p,paradigmas-clienteservidor-e-p2p,paradigmas-clienteservidor-e-p2p,paradigmas-clienteservidor-e-p2p,1,1,1,0,0,0,0,0,0,,sessoes-discordantes,bloco-03-sessao-2026-08-13::protocolos de aplicacao dhcp aula::protocolos-de-aplicacao-para-infraestrutura-dns-dhcp-snmp-nat || bloco-03-sessao-2026-08-18::protocolos de aplicacao http aula::protocolos-de-aplicacao-para-o-usuario-http-https-smtp-pop3-imap || bloco-03-sessao-2026-08-20::protocolos de aplicacao http aula::protocolos-de-aplicacao-para-o-usuario-http-https-smtp-pop3-imap
FR,produto,04-protocolo-http,0,unidade-02-nivel-de-aplicacao,4e141c57-b679-45fe-be61-05ef5c344616,protocolos-de-aplicacao-para-o-usuario-http-https-smtp-pop3-imap,,protocolos-de-aplicacao-para-o-usuario-http-https-smtp-pop3-imap,protocolos-de-aplicacao-para-o-usuario-http-https-smtp-pop3-imap,protocolos-de-aplicacao-para-o-usuario-http-https-smtp-pop3-imap,1,1,1,1,1,1,1,1,1,,sessoes-discordantes,bloco-03-sessao-2026-08-13::protocolos de aplicacao dhcp aula::protocolos-de-aplicacao-para-infraestrutura-dns-dhcp-snmp-nat || bloco-03-sessao-2026-08-18::protocolos de aplicacao http aula::protocolos-de-aplicacao-para-o-usuario-http-https-smtp-pop3-imap || bloco-03-sessao-2026-08-20::protocolos de aplicacao http aula::protocolos-de-aplicacao-para-o-usuario-http-https-smtp-pop3-imap
FR,produto,05-protocolo-dns,0,unidade-02-nivel-de-aplicacao,4e141c57-b679-45fe-be61-05ef5c344616,protocolos-de-aplicacao-para-infraestrutura-dns-dhcp-snmp-nat,,protocolos-de-aplicacao-para-infraestrutura-dns-dhcp-snmp-nat,protocolos-de-aplicacao-para-infraestrutura-dns-dhcp-snmp-nat,protocolos-de-aplicacao-para-infraestrutura-dns-dhcp-snmp-nat,1,1,1,1,1,1,1,1,1,,sessoes-discordantes,bloco-03-sessao-2026-08-13::protocolos de aplicacao dhcp aula::protocolos-de-aplicacao-para-infraestrutura-dns-dhcp-snmp-nat || bloco-03-sessao-2026-08-18::protocolos de aplicacao http aula::protocolos-de-aplicacao-para-o-usuario-http-https-smtp-pop3-imap || bloco-03-sessao-2026-08-20::protocolos de aplicacao http aula::protocolos-de-aplicacao-para-o-usuario-http-https-smtp-pop3-imap
FR,produto,06-protocolo-dhcp,0,unidade-02-nivel-de-aplicacao,4e141c57-b679-45fe-be61-05ef5c344616,protocolos-de-aplicacao-para-infraestrutura-dns-dhcp-snmp-nat,,protocolos-de-aplicacao-para-infraestrutura-dns-dhcp-snmp-nat,protocolos-de-aplicacao-para-infraestrutura-dns-dhcp-snmp-nat,protocolos-de-aplicacao-para-infraestrutura-dns-dhcp-snmp-nat,1,1,1,1,1,1,1,1,1,,sessoes-discordantes,bloco-03-sessao-2026-08-13::protocolos de aplicacao dhcp aula::protocolos-de-aplicacao-para-infraestrutura-dns-dhcp-snmp-nat || bloco-03-sessao-2026-08-18::protocolos de aplicacao http aula::protocolos-de-aplicacao-para-o-usuario-http-https-smtp-pop3-imap || bloco-03-sessao-2026-08-20::protocolos de aplicacao http aula::protocolos-de-aplicacao-para-o-usuario-http-https-smtp-pop3-imap
FR,produto,lista-de-exercicios-1-camada-de-aplicacao,0,unidade-02-nivel-de-aplicacao,4e141c57-b679-45fe-be61-05ef5c344616,funcoes-e-caracteristicas-do-nivel-de-aplicacao,protocolos-de-aplicacao-para-o-usuario-http-https-smtp-pop3-imap;protocolos-de-aplicacao-para-infraestrutura-dns-dhcp-snmp-nat;paradigmas-clienteservidor-e-p2p,protocolos-de-aplicacao-para-o-usuario-http-https-smtp-pop3-imap,protocolos-de-aplicacao-para-o-usuario-http-https-smtp-pop3-imap,protocolos-de-aplicacao-para-o-usuario-http-https-smtp-pop3-imap,1,1,1,0,0,0,1,1,1,,sessoes-discordantes,bloco-03-sessao-2026-08-13::protocolos de aplicacao dhcp aula::protocolos-de-aplicacao-para-infraestrutura-dns-dhcp-snmp-nat || bloco-03-sessao-2026-08-18::protocolos de aplicacao http aula::protocolos-de-aplicacao-para-o-usuario-http-https-smtp-pop3-imap || bloco-03-sessao-2026-08-20::protocolos de aplicacao http aula::protocolos-de-aplicacao-para-o-usuario-http-https-smtp-pop3-imap
FR,produto,unidade2-exercicios-dhcp,0,unidade-02-nivel-de-aplicacao,4e141c57-b679-45fe-be61-05ef5c344616,protocolos-de-aplicacao-para-infraestrutura-dns-dhcp-snmp-nat,,protocolos-de-aplicacao-para-infraestrutura-dns-dhcp-snmp-nat,protocolos-de-aplicacao-para-infraestrutura-dns-dhcp-snmp-nat,protocolos-de-aplicacao-para-infraestrutura-dns-dhcp-snmp-nat,1,1,1,1,1,1,1,1,1,,sessoes-discordantes,bloco-03-sessao-2026-08-13::protocolos de aplicacao dhcp aula::protocolos-de-aplicacao-para-infraestrutura-dns-dhcp-snmp-nat || bloco-03-sessao-2026-08-18::protocolos de aplicacao http aula::protocolos-de-aplicacao-para-o-usuario-http-https-smtp-pop3-imap || bloco-03-sessao-2026-08-20::protocolos de aplicacao http aula::protocolos-de-aplicacao-para-o-usuario-http-https-smtp-pop3-imap
FR,produto,unidade2-exercicios-dns,0,unidade-02-nivel-de-aplicacao,4e141c57-b679-45fe-be61-05ef5c344616,protocolos-de-aplicacao-para-infraestrutura-dns-dhcp-snmp-nat,,protocolos-de-aplicacao-para-infraestrutura-dns-dhcp-snmp-nat,protocolos-de-aplicacao-para-infraestrutura-dns-dhcp-snmp-nat,protocolos-de-aplicacao-para-infraestrutura-dns-dhcp-snmp-nat,1,1,1,1,1,1,1,1,1,,sessoes-discordantes,bloco-03-sessao-2026-08-13::protocolos de aplicacao dhcp aula::protocolos-de-aplicacao-para-infraestrutura-dns-dhcp-snmp-nat || bloco-03-sessao-2026-08-18::protocolos de aplicacao http aula::protocolos-de-aplicacao-para-o-usuario-http-https-smtp-pop3-imap || bloco-03-sessao-2026-08-20::protocolos de aplicacao http aula::protocolos-de-aplicacao-para-o-usuario-http-https-smtp-pop3-imap
FR,produto,unidade2-exercicios-http,0,unidade-02-nivel-de-aplicacao,4e141c57-b679-45fe-be61-05ef5c344616,protocolos-de-aplicacao-para-o-usuario-http-https-smtp-pop3-imap,,protocolos-de-aplicacao-para-o-usuario-http-https-smtp-pop3-imap,protocolos-de-aplicacao-para-o-usuario-http-https-smtp-pop3-imap,protocolos-de-aplicacao-para-o-usuario-http-https-smtp-pop3-imap,1,1,1,1,1,1,1,1,1,,sessoes-discordantes,bloco-03-sessao-2026-08-13::protocolos de aplicacao dhcp aula::protocolos-de-aplicacao-para-infraestrutura-dns-dhcp-snmp-nat || bloco-03-sessao-2026-08-18::protocolos de aplicacao http aula::protocolos-de-aplicacao-para-o-usuario-http-https-smtp-pop3-imap || bloco-03-sessao-2026-08-20::protocolos de aplicacao http aula::protocolos-de-aplicacao-para-o-usuario-http-https-smtp-pop3-imap
FR,produto,07-protocolos-de-e-mail,0,unidade-02-nivel-de-aplicacao,8406d8fc-d0cc-4115-95f0-b56e145d401e,protocolos-de-aplicacao-para-o-usuario-http-https-smtp-pop3-imap,,protocolos-de-aplicacao-para-o-usuario-http-https-smtp-pop3-imap,protocolos-de-aplicacao-para-o-usuario-http-https-smtp-pop3-imap,protocolos-de-aplicacao-para-o-usuario-http-https-smtp-pop3-imap,1,1,1,1,1,1,1,1,1,protocolos-de-aplicacao-para-o-usuario-http-https-smtp-pop3-imap,decide,bloco-05-sessao-2026-09-01::protocolos de aplicacao smtp pop imap aula::protocolos-de-aplicacao-para-o-usuario-http-https-smtp-pop3-imap
FR,produto,08-desenvolvimento-de-aplicacoes,0,unidade-02-nivel-de-aplicacao,8406d8fc-d0cc-4115-95f0-b56e145d401e,implementacao-de-sockets,paradigmas-clienteservidor-e-p2p,implementacao-de-sockets,protocolos-de-aplicacao-para-o-usuario-http-https-smtp-pop3-imap,implementacao-de-sockets,1,0,1,1,0,1,1,1,1,protocolos-de-aplicacao-para-o-usuario-http-https-smtp-pop3-imap,decide,bloco-05-sessao-2026-09-01::protocolos de aplicacao smtp pop imap aula::protocolos-de-aplicacao-para-o-usuario-http-https-smtp-pop3-imap
FR,produto,udp-example-c,0,unidade-02-nivel-de-aplicacao,4e141c57-b679-45fe-be61-05ef5c344616,implementacao-de-sockets,protocolo-udp,implementacao-de-sockets,implementacao-de-sockets,implementacao-de-sockets,1,1,1,1,1,1,1,1,1,,sessoes-discordantes,bloco-03-sessao-2026-08-13::protocolos de aplicacao dhcp aula::protocolos-de-aplicacao-para-infraestrutura-dns-dhcp-snmp-nat || bloco-03-sessao-2026-08-18::protocolos de aplicacao http aula::protocolos-de-aplicacao-para-o-usuario-http-https-smtp-pop3-imap || bloco-03-sessao-2026-08-20::protocolos de aplicacao http aula::protocolos-de-aplicacao-para-o-usuario-http-https-smtp-pop3-imap
FR,produto,udp-example-java,0,unidade-02-nivel-de-aplicacao,8406d8fc-d0cc-4115-95f0-b56e145d401e,implementacao-de-sockets,protocolo-udp,implementacao-de-sockets,protocolos-de-aplicacao-para-o-usuario-http-https-smtp-pop3-imap,implementacao-de-sockets,1,0,1,1,0,1,1,1,1,protocolos-de-aplicacao-para-o-usuario-http-https-smtp-pop3-imap,decide,bloco-05-sessao-2026-09-01::protocolos de aplicacao smtp pop imap aula::protocolos-de-aplicacao-para-o-usuario-http-https-smtp-pop3-imap
FR,produto,tcp-chat-c,0,unidade-02-nivel-de-aplicacao,8406d8fc-d0cc-4115-95f0-b56e145d401e,implementacao-de-sockets,protocolo-tcp,implementacao-de-sockets,protocolos-de-aplicacao-para-o-usuario-http-https-smtp-pop3-imap,implementacao-de-sockets,1,0,1,1,0,1,1,1,1,protocolos-de-aplicacao-para-o-usuario-http-https-smtp-pop3-imap,decide,bloco-05-sessao-2026-09-01::protocolos de aplicacao smtp pop imap aula::protocolos-de-aplicacao-para-o-usuario-http-https-smtp-pop3-imap
FR,produto,tcp-example,0,unidade-02-nivel-de-aplicacao,4e141c57-b679-45fe-be61-05ef5c344616,implementacao-de-sockets,protocolo-tcp,implementacao-de-sockets,implementacao-de-sockets,implementacao-de-sockets,1,1,1,1,1,1,1,1,1,,sessoes-discordantes,bloco-03-sessao-2026-08-13::protocolos de aplicacao dhcp aula::protocolos-de-aplicacao-para-infraestrutura-dns-dhcp-snmp-nat || bloco-03-sessao-2026-08-18::protocolos de aplicacao http aula::protocolos-de-aplicacao-para-o-usuario-http-https-smtp-pop3-imap || bloco-03-sessao-2026-08-20::protocolos de aplicacao http aula::protocolos-de-aplicacao-para-o-usuario-http-https-smtp-pop3-imap
